mass_kg,stress_mpa
15.309632530635177,51.66838569185761
21.698906010794374,37.16204076163878
19.653008465987057,46.260404132557895
18.111846207176963,49.44851298621618
11.910779958328286,56.82344459456563
15.05846820344627,55.82788998921906
15.784294861718925,50.83835873118918
20.089137327916063,43.117929835560304
14.46232718272447,56.234644512927815
10.884771028575766,72.51409097272865
21.145108797201832,42.9403279464195
47.205712746080515,29.59370789290574
11.410619698359477,65.11647270575146
25.316868148150242,30.471265543972624
22.528837618381555,37.9899025185444
13.332691624006413,58.60738913168989
18.319680387646734,51.73261356086043
16.138239846269464,54.721878959735804
20.30500592925054,50.90992861659557
21.370223895736004,50.078738261916335
13.165035379453167,74.2176702698064
43.65248466112366,30.953955199732228
29.5605941077321,32.038787944102594
32.193165326220324,31.618923122886997
26.081712117307443,39.04637084387006
25.071721735382976,42.40289194859732
13.3630141864429,58.706460082650835
22.69042994931538,56.9884482372165
31.624866668671537,38.0404860544797
32.21957980381403,35.16721004788013
77.69766516561897,31.713193307339
33.80246973248643,32.6670049973045
59.6575564177893,32.635966936623895
27.725319281032217,40.63833565715601
26.162269685784423,50.138855018994505
26.130300828363538,56.438996786269286
14.117868429175415,72.24020917661062
23.585484738600858,60.50176642975014
33.662479685270476,37.2823546590503
40.44608661049034,34.180434520159686
40.770223664240184,33.153636645837096
32.78347739204952,46.56865129663275
27.663686188469534,54.848933187599094
22.493463228433125,76.252557799248
16.24115315304684,80.04058581219203
26.153337136277784,61.94308071473645
38.95701879123766,37.97251614962133
33.78220549546652,38.53134456903787
50.17153261416672,33.94368442272585
49.115662295145796,34.64721062055945
29.996497577441154,56.75417383702878
31.425783487687923,56.44511774867215
23.149173312464466,84.96552082986605
34.80411592039085,51.16635128307403
40.30413351595637,40.616569749336
37.022598927887366,46.18593361623206
46.12736791264817,38.60618578182128
82.8202531502719,35.017184281552794
49.54929814515213,35.49687505090249
36.486471230926725,55.57616120679633
36.423139825399566,62.364314583995565
36.16165283173999,65.18632028011619
45.15656774269984,45.9324145924831
39.192663657399386,55.43308768287681
39.91584786160837,49.780820988310616
39.94266992686361,46.88202311217207
46.19122263041894,39.21694695585665
89.24083285887211,36.38164729157471
63.089727798598595,37.0562483369056
67.03887983857169,36.74040177809211
38.04070435186347,57.089288631207296
42.36139516701006,53.06277125472129
43.84524963330168,51.03606279865034
57.19408442885138,40.921190248076876
48.27884035290606,41.89745947518833
66.41176584308218,37.64882235173791
77.42428768376121,37.23397776253346
42.26877951373354,57.64832648594499
38.93139574339265,57.72810432195396
46.97340520362747,53.48059952538996
60.20829090071328,42.222677144936455
51.99188816273099,44.61259934118758
51.93447326170774,48.726056462365456
50.649893448206946,53.44336840849735
66.68299065613235,38.08671378733726
69.40002008531,37.7847034633429
39.427773942894035,59.4465477501596
48.57996203682044,59.08814202078187
50.054285243123665,55.501751010471594
61.580183738094405,43.95150302989663
73.37377266304773,38.40384456526435
74.80326970811662,38.120567206694076
43.20089229019147,67.89624366366573
52.14677199158701,63.29330144942996
61.6114565737321,45.40351210126539
75.54136462396592,38.614375612584965
51.91740465385092,68.04339860691884
53.831077305583094,64.00067275596534
61.62487209353689,51.63930797201068
76.38497135574269,39.55102064710405
15.309632530635177,51.66838569185761
21.698906010794374,37.16204076163878
18.111846207176963,49.44851298621618
11.910779958328286,56.82344459456563
15.784294861718925,50.83835873118918
20.089137327916063,43.117929835560304
10.884771028575766,72.51409097272865
21.145108797201832,42.9403279464195
11.410619698359477,65.11647270575146
25.316868148150242,30.471265543972624
19.078932257537048,46.17328537373029
11.833404690272356,58.08716852822685
56.28046649772783,29.169372182819536
13.892825574653763,51.9540479184618
96.6333183806214,28.873763632073075
10.879099453933494,73.60129145300638
11.21023528434283,67.96997284440495
19.772130381604864,45.1493324836607
25.405389402843404,30.373016980403182
40.38177504522698,29.253361916787526
22.528837618381555,37.9899025185444
22.63075700540696,37.28035870303781
17.847058187504203,50.9485216199243
22.44424264385659,43.24235325919132
19.653008465987057,46.260404132557895
19.603272537764607,46.383784157512935
13.332691624006413,58.60738913168989
13.405110161322197,58.51950516861548
11.842286872646724,66.18980006108393
60.808503784597,29.242129705049752
15.05846820344627,55.82788998921906
14.46232718272447,56.234644512927815
15.45071170976894,54.66608244773016
16.64267277902591,54.25809227689017
29.5605941077321,32.038787944102594
32.193165326220324,31.618923122886997
29.56645861859787,32.037756814645576
32.18693911322614,31.619838387179133
43.938067570085245,29.344803305615198
40.862620779854964,30.201219083755557
24.67777054626275,37.67779860539979
18.319680387646734,51.73261356086043
20.30500592925054,50.90992861659557
21.370223895736004,50.078738261916335
13.333381587077989,58.62483679222142
12.573952866087843,70.0541469411987
16.138239846269464,54.721878959735804
16.041250185398894,58.61602035861688
31.37941123841481,34.320628352245386
31.305232768674955,35.07142747517844
33.80246973248643,32.6670049973045
47.205712746080515,29.59370789290574
45.660311673260075,30.17942844108278
77.75821559416772,29.43550407876457
41.86043301594259,30.449300057480244
25.323342697701555,38.08819886085636
27.09457148872956,37.915304414444904
24.86763620872141,41.09460481603013
13.362392743704403,58.685506039193754
13.165035379453167,74.2176702698064
13.165851274387018,74.21627848242477
17.991597905870794,55.68233148033101
32.21957980381403,35.16721004788013
40.44608661049034,34.180434520159686
40.770223664240184,33.153636645837096
43.65248466112366,30.953955199732228
77.22281918830474,30.919445330101002
26.081712117307443,39.04637084387006
29.02498766452108,37.96174709892402
25.071721735382976,42.40289194859732
13.3630141864429,58.706460082650835
22.69042994931538,56.9884482372165
18.269174653257817,58.21513811173621
32.22918944242054,36.76256263605554
40.80576669135102,34.97639097318005
43.05773968581825,33.974670705653615
42.02967387558149,34.52059126607357
45.58919766868993,31.01388923278857
27.725319281032217,40.63833565715601
27.60960517844931,41.41034453798338
31.624866668671537,38.0404860544797
26.162269685784423,50.138855018994505
26.130300828363538,56.438996786269286
14.117695153408357,72.0594210644933
14.56972990891421,63.47451778098015
16.745496526357208,62.496914349981346
18.034927468934832,59.31818859485461
33.662479685270476,37.2823546590503
47.91571470270704,31.669321842098768
77.69766516561897,31.713193307339
14.117868429175415,72.24020917661062
49.62051005477692,32.152618806189686
28.089005249780744,40.938648595572175
27.663686188469534,54.848933187599094
19.13533911938547,66.81777495609485
38.95701879123766,37.97251614962133
49.115662295145796,34.64721062055945
22.416014963639867,60.78165489131753
26.65571423493791,58.01854753458196
33.08655370701378,39.69302404260074
15.309632530635177,51.66838569185761
11.910779958328286,56.82344459456563
15.784294861718925,50.83835873118918
10.884771028575766,72.51409097272865
11.410619698359477,65.11647270575146
25.316868148150242,30.471265543972624
11.833404690272356,58.08716852822685
13.892825574653763,51.9540479184618
10.879099453933494,73.60129145300638
11.21023528434283,67.96997284440495
25.405389402843404,30.373016980403182
40.38177504522698,29.253361916787526
16.591062151210636,43.14958656371036
44.57458109190515,28.080400826581002
17.19402887501852,36.24012784673134
13.566989286714014,55.73317445865092
40.929837202736074,28.422190520502117
11.881271360743344,57.86009565263316
18.673260865501824,32.899025051218786
13.605865877557507,54.91253020571314
24.806070589804587,31.306031063989828
11.842286872646724,66.18980006108393
15.45071170976894,54.66608244773016
16.21987513665344,52.158890917128446
11.339240885045434,88.54593598336777
40.862620779854964,30.201219083755557
16.687556103707706,50.72386932858928
17.939139632498524,37.84541666196009
17.763674596794065,43.23669031205063
56.28046649772783,29.169372182819536
96.6333183806214,28.873763632073075
43.938067570085245,29.344803305615198
43.67482308213609,30.063822098316948
43.94654741356496,29.342277933380995
94.26358721958157,28.894387313052526
49.32435636093174,29.248473108057073
13.332691624006413,58.60738913168989
13.366113153190065,58.04853921148448
12.173392605553314,59.6273652490102
19.517919632563224,34.486491514114896
14.40474013466469,55.700820848751
25.392702432651188,31.380964431815887
11.8893144192129,83.57694255210193
11.997902395690929,69.06195525566926
16.138239846269464,54.721878959735804
16.64267277902591,54.25809227689017
41.86043301594259,30.449300057480244
18.474486414151922,42.022646722296365
18.897880932210324,39.351620142692504
18.71153533403836,41.66736616742215
18.111846207176963,49.44851298621618
17.847058187504203,50.9485216199243
60.808503784597,29.242129705049752
47.205712746080515,29.59370789290574
45.660311673260075,30.17942844108278
13.333381587077989,58.62483679222142
13.405110161322197,58.51950516861548
12.639510447840154,68.85386265472101
20.070861276096537,34.500131002759595
15.05846820344627,55.82788998921906
14.46232718272447,56.234644512927815
32.193165326220324,31.618923122886997
32.18693911322614,31.619838387179133
27.14534955584766,31.6881690272144
12.573952866087843,70.0541469411987
43.65248466112366,30.953955199732228
43.643926076706926,30.956888751082293
19.078932257537048,46.17328537373029
19.772130381604864,45.1493324836607
19.895160241569833,44.36189545367437
18.319680387646734,51.73261356086043
17.991597905870794,55.68233148033101
77.75821559416772,29.43550407876457
77.22281918830474,30.919445330101002
13.362392743704403,58.685506039193754
20.089137327916063,43.117929835560304
21.145108797201832,42.9403279464195
21.66991395163785,37.05798480707983
23.190711557284587,36.10595630247717
15.005508444266235,56.78798964705527
29.5605941077321,32.038787944102594
29.56645861859787,32.037756814645576
27.156149394858858,32.45481044023096
80.3615525598227,29.59720781215566
13.165035379453167,74.2176702698064
77.21698475891043,30.96684263184731
45.58919766868993,31.01388923278857
13.3630141864429,58.706460082650835
13.166094192279976,74.12620460092546
18.658604119304496,54.88989700736192
21.673714331907668,40.98423346416861
19.603272537764607,46.383784157512935
31.305232768674955,35.07142747517844
21.698906010794374,37.16204076163878
37.72782307843524,32.375694250549984
19.653008465987057,46.260404132557895
45.04216259649948,31.209548999175954
18.269174653257817,58.21513811173621
31.37941123841481,34.320628352245386
33.80246973248643,32.6670049973045
11.910779958328286,56.82344459456563
10.884771028575766,72.51409097272865
11.410619698359477,65.11647270575146
25.316868148150242,30.471265543972624
11.833404690272356,58.08716852822685
10.879099453933494,73.60129145300638
11.21023528434283,67.96997284440495
25.405389402843404,30.373016980403182
17.19402887501852,36.24012784673134
40.929837202736074,28.422190520502117
11.881271360743344,57.86009565263316
18.673260865501824,32.899025051218786
24.806070589804587,31.306031063989828
10.712337156076456,80.23590629827885
11.233441951179243,67.62311412609701
10.886252712321301,72.48560720944694
18.675545764256874,32.84540528489198
13.97940240037535,44.16482036107306
39.964854875228745,28.46488401219225
15.32307774367593,37.943801283266765
16.703555966888235,37.74678377731063
9.95505033235453,94.39100538134781
10.924425403282187,69.52436831215226
44.24282580914854,27.71773053401858
25.74595396867465,30.209947960757194
13.051180076452733,46.54619216312146
15.041993427633987,40.37069470768512
17.1939871593106,36.24137182690441
60.66963756287505,27.42383716476614
14.251088156531027,43.64640809636127
12.978330998366202,57.27651940143674
11.842286872646724,66.18980006108393
25.40572816939051,30.44888307224074
12.173392605553314,59.6273652490102
12.712204031190431,59.0551305435982
25.392702432651188,31.380964431815887
25.34730459567327,31.606104216910154
11.706460446710286,68.86450376523348
19.517919632563224,34.486491514114896
21.187208478287364,33.41481620042691
20.09129794423854,33.987897450995284
40.38177504522698,29.253361916787526
40.99674568760836,28.827442910402144
11.339240885045434,88.54593598336777
11.285516689980701,95.94619507735516
44.57458109190515,28.080400826581002
13.892825574653763,51.9540479184618
13.605865877557507,54.91253020571314
13.55387876606721,55.38131672699162
13.969627982584045,51.03602389074381
16.591062151210636,43.14958656371036
17.788287922641654,37.72299390796482
19.08361061175727,37.55721142779146
14.51853147499634,49.363984924784035
16.19463938233026,48.65111101804915
13.332691624006413,58.60738913168989
13.366113153190065,58.04853921148448
13.30903668855391,58.622972822795646
12.62631033637504,63.699780493543116
32.193165326220324,31.618923122886997
32.18693911322614,31.619838387179133
27.14534955584766,31.6881690272144
27.089719265672763,31.716628792262092
27.450852054432527,31.638393245378897
11.8893144192129,83.57694255210193
11.997902395690929,69.06195525566926
11.909709398566283,77.64196970534528
20.070861276096537,34.500131002759595
20.865178257133177,34.18176292059252
40.862620779854964,30.201219083755557
43.15463329288162,28.96843050348386
96.6333183806214,28.873763632073075
94.26358721958157,28.894387313052526
96.68878135632232,28.709226768119706
58.31495991622569,28.909814047447348
13.566989286714014,55.73317445865092
14.104899209093587,51.61031573561457
17.763674596794065,43.23669031205063
17.31948436209429,44.93096427750814
17.939139632498524,37.84541666196009
19.753353619001086,37.69769788832777
15.784294861718925,50.83835873118918
15.797900302478979,50.043452301354094
12.563859682658235,70.06969141199332
56.28046649772783,29.169372182819536
41.86043301594259,30.449300057480244
18.111846207176963,49.44851298621618
29.56645861859787,32.037756814645576
18.195046490582452,38.86391355722439
12.639510447840154,68.85386265472101
49.32435636093174,29.248473108057073
13.333381587077989,58.62483679222142
27.156149394858858,32.45481044023096
23.190711557284587,36.10595630247717
14.40474013466469,55.700820848751
43.94654741356496,29.342277933380995
15.147713258165005,52.83209486994658
16.687556103707706,50.72386932858928
19.725425271418136,38.01975653014358
13.405110161322197,58.51950516861548
10.884771028575766,72.51409097272865
11.410619698359477,65.11647270575146
25.316868148150242,30.471265543972624
11.833404690272356,58.08716852822685
10.879099453933494,73.60129145300638
25.405389402843404,30.373016980403182
17.19402887501852,36.24012784673134
40.929837202736074,28.422190520502117
10.712337156076456,80.23590629827885
10.886252712321301,72.48560720944694
39.964854875228745,28.46488401219225
15.32307774367593,37.943801283266765
16.703555966888235,37.74678377731063
9.95505033235453,94.39100538134781
10.924425403282187,69.52436831215226
44.24282580914854,27.71773053401858
25.74595396867465,30.209947960757194
13.051180076452733,46.54619216312146
15.041993427633987,40.37069470768512
17.1939871593106,36.24137182690441
40.931708443617126,28.415833142816794
55.20165191532958,27.289601561546466
39.9969189412479,28.453617863139222
17.38972763033203,32.543702947589225
20.15319131840455,31.922710216991295
24.679645002500436,31.30148094500082
8.606090000207422,107.81315482403112
13.206864931248623,42.81934542538251
9.946174649180573,94.60535519278883
35.62464787958688,29.732969358308907
25.39819267965022,30.453120789020304
10.9621908141326,65.79366184167755
30.200896611133253,29.808046975761687
11.710710393236274,58.77189887926742
11.849571030819485,49.73110715605563
25.40572816939051,30.44888307224074
10.859856037661658,86.5114075402868
16.452384804528794,39.81069419150264
16.042063189517858,39.99003306226008
44.57458109190515,28.080400826581002
44.57688568168746,28.03756788541688
45.420161232525835,28.02003722962233
44.283102580700245,28.103445023946822
17.24824605990822,37.59042881207749
41.57031893968287,28.44210154597985
60.66963756287505,27.42383716476614
40.38177504522698,29.253361916787526
40.99674568760836,28.827442910402144
40.98319286973037,28.901943591910264
18.673260865501824,32.899025051218786
18.675545764256874,32.84540528489198
17.46624516105995,33.271888620775414
20.917469263506597,32.56311536784302
21.462460111306896,32.0217042404273
21.111838836584397,32.03342024254189
24.806070589804587,31.306031063989828
13.97940240037535,44.16482036107306
14.251088156531027,43.64640809636127
11.21023528434283,67.96997284440495
11.233441951179243,67.62311412609701
40.174109032690545,30.14515155679364
11.800408646401731,61.366456484443034
11.910779958328286,56.82344459456563
11.881271360743344,57.86009565263316
13.969627982584045,51.03602389074381
13.181780146116122,51.42429547833941
27.48688121290251,30.455529052303927
16.248696728456643,43.031506726010946
58.3229498639137,28.74207844163012
96.68878135632232,28.709226768119706
94.67909083436665,28.7408196455884
40.63094506662203,29.344012453769523
43.15463329288162,28.96843050348386
58.31495991622569,28.909814047447348
43.38720440441835,28.95059835825079
19.188917725015386,32.9847424033048
17.720330585100204,35.31485604951418
17.50168453838864,35.39884349235983
18.447519305604093,34.28660130925471
22.348176159402257,32.153140581262406
25.392702432651188,31.380964431815887
25.34730459567327,31.606104216910154
25.359295172356205,31.549234450661633
14.51853147499634,49.363984924784035
16.19463938233026,48.65111101804915
16.09347766549737,49.01199094681971
14.527607113377265,49.23184477243029
11.339240885045434,88.54593598336777
11.285516689980701,95.94619507735516
11.419737877428418,67.80788375049802
11.287191195814245,95.08210644822455
11.834517811892605,62.13718706001616
12.978330998366202,57.27651940143674
12.173392605553314,59.6273652490102
12.712204031190431,59.0551305435982
13.892825574653763,51.9540479184618
13.605865877557507,54.91253020571314
13.55387876606721,55.38131672699162
14.104899209093587,51.61031573561457
13.543333743006736,55.72685388522869
40.929837202736074,28.422190520502117
39.964854875228745,28.46488401219225
15.32307774367593,37.943801283266765
44.24282580914854,27.71773053401858
13.051180076452733,46.54619216312146
40.931708443617126,28.415833142816794
55.20165191532958,27.289601561546466
39.9969189412479,28.453617863139222
17.38972763033203,32.543702947589225
24.679645002500436,31.30148094500082
8.606090000207422,107.81315482403112
13.206864931248623,42.81934542538251
11.849571030819485,49.73110715605563
32.084598476203624,29.53530493549817
13.210240861222557,42.790864400667914
16.669940318957885,35.036369472564836
23.317418757876887,31.814844883738502
16.38759805021211,36.035259725357285
10.597934058849424,63.30333256237512
25.080546029517386,30.237835122980954
15.007980888264667,41.56387505500777
12.860769249850273,47.99715396090937
25.32951124317307,29.83322640915657
41.50460123477316,27.7956278313923
20.14819467198016,31.91779473723782
11.159756200541606,50.81859196627491
44.24620882668319,27.717478759548797
15.041488111273036,40.35700457886451
9.778141782430929,93.42235249852428
9.687219235075688,103.747816679087
17.091199438038196,33.66825079426689
27.496299530531335,29.775016040383235
9.980141050957712,77.83362725937613
13.154787658636046,45.423654941964976
15.57556220371066,38.05552617464265
60.66963756287505,27.42383716476614
94.17253864969267,27.320830402393735
40.38177504522698,29.253361916787526
40.85654286458667,28.646885989896656
18.673260865501824,32.899025051218786
18.675545764256874,32.84540528489198
17.46624516105995,33.271888620775414
24.806070589804587,31.306031063989828
12.59233573851625,50.09974290349959
12.355475497829987,50.1795156702545
35.62464787958688,29.732969358308907
35.625490816214516,29.729739548518353
13.97940240037535,44.16482036107306
14.251088156531027,43.64640809636127
16.703555966888235,37.74678377731063
10.9621908141326,65.79366184167755
10.770846661880464,68.67622812220722
25.316868148150242,30.471265543972624
12.869693383553443,48.66369309295919
25.405389402843404,30.373016980403182
25.74595396867465,30.209947960757194
25.39819267965022,30.453120789020304
41.57031893968287,28.44210154597985
20.15319131840455,31.922710216991295
11.410619698359477,65.11647270575146
11.833404690272356,58.08716852822685
11.710710393236274,58.77189887926742
11.864849618860147,51.9693082629141
11.49979950217089,59.69322543309571
44.57458109190515,28.080400826581002
44.57688568168746,28.03756788541688
44.283102580700245,28.103445023946822
54.44418221519917,27.91190523803523
44.901104750624214,28.007896730554705
15.041993427633987,40.37069470768512
9.95505033235453,94.39100538134781
9.946174649180573,94.60535519278883
17.19402887501852,36.24012784673134
17.1939871593106,36.24137182690441
30.200896611133253,29.808046975761687
10.712337156076456,80.23590629827885
10.712456357480418,80.21736788626013
10.454327329746805,83.0718247527222
10.810896721266095,80.48276170695465
45.420161232525835,28.02003722962233
40.174109032690545,30.14515155679364
25.40572816939051,30.44888307224074
12.769200712676987,50.559825572786536
14.06712920460586,44.378690959381395
10.879099453933494,73.60129145300638
12.212519502451693,54.60627532435146
45.41069044737038,28.771255801140914
21.462460111306896,32.0217042404273
40.99674568760836,28.827442910402144
11.53149877002939,63.17256515658598
15.958973805617676,42.834023076505346
25.34730459567327,31.606104216910154
18.84820170301373,32.90360126834489
11.233441951179243,67.62311412609701
11.562581047640426,61.57729375604825
17.554081607566605,33.56719174755591
10.924425403282187,69.52436831215226
17.50168453838864,35.39884349235983
20.40618553946957,32.112508975286616
11.71542964715739,58.8160807727334
40.929837202736074,28.422190520502117
39.964854875228745,28.46488401219225
15.32307774367593,37.943801283266765
40.931708443617126,28.415833142816794
55.20165191532958,27.289601561546466
39.9969189412479,28.453617863139222
17.38972763033203,32.543702947589225
8.606090000207422,107.81315482403112
13.206864931248623,42.81934542538251
11.849571030819485,49.73110715605563
32.084598476203624,29.53530493549817
13.210240861222557,42.790864400667914
16.38759805021211,36.035259725357285
25.080546029517386,30.237835122980954
25.32951124317307,29.83322640915657
41.50460123477316,27.7956278313923
20.14819467198016,31.91779473723782
11.159756200541606,50.81859196627491
15.041488111273036,40.35700457886451
17.091199438038196,33.66825079426689
27.496299530531335,29.775016040383235
9.980141050957712,77.83362725937613
13.154787658636046,45.423654941964976
19.134034104239316,32.330013721678895
14.984578730162607,40.52575270482421
15.036222034229146,40.366024645840774
8.885843867480316,85.59102896990697
23.644677095774785,30.93619390226538
11.723515698568924,49.77601554950464
14.732253946451028,41.74764262658727
30.439146310423464,29.570318140898635
10.756261279357625,53.83250710418629
10.155805974786162,71.88389864551948
11.409890636234328,50.38400252244947
92.38086864399907,27.183693088568283
8.88029874088123,104.63548774620526
35.685246717048784,28.92147559135499
41.532975289401186,27.704112149869836
16.44568256971362,35.91235304466045
11.148416869927246,52.79655972897018
20.26104065402994,31.45677010940224
43.98630425894073,27.611360183710694
12.628804702396186,45.59684813420523
41.23201189264623,28.120011201498805
17.33492982295973,32.923390623058765
11.250597465943516,50.3948097012174
18.72572706118804,32.45096552573855
8.561613632273732,109.10166871738659
9.823521907456554,79.85031628188231
10.536751282743452,63.11186136254911
20.75799567059146,31.116974087212064
16.480664491432872,34.70266264421402
17.033754485528295,34.46467944605944
94.6453063709892,27.310491247412678
9.687219235075688,103.747816679087
60.66963756287505,27.42383716476614
94.17253864969267,27.320830402393735
10.454327329746805,83.0718247527222
9.778141782430929,93.42235249852428
10.517732736153127,72.5383845456759
10.597934058849424,63.30333256237512
54.9793122389586,27.70764083536751
11.143381728868311,56.230709429921696
9.716349177481117,102.94540039746384
44.24620882668319,27.717478759548797
30.200896611133253,29.808046975761687
11.453578024762601,50.501602387498814
15.57556220371066,38.05552617464265
12.69647874922751,46.110599276238396
40.38177504522698,29.253361916787526
35.62464787958688,29.732969358308907
35.74611135611375,29.636118577398367
23.317418757876887,31.814844883738502
25.74595396867465,30.209947960757194
12.59233573851625,50.09974290349959
15.041993427633987,40.37069470768512
16.662974213834822,35.039999616488444
15.007980888264667,41.56387505500777
20.15319131840455,31.922710216991295
14.251088156531027,43.64640809636127
24.679645002500436,31.30148094500082
41.74409586592449,27.908359043041152
13.939077042791459,45.46614625734828
17.263894356998776,34.15927681400821
44.24282580914854,27.71773053401858
17.46624516105995,33.271888620775414
19.96332519801921,32.72287105059563
13.97940240037535,44.16482036107306
40.85654286458667,28.646885989896656
41.57031893968287,28.44210154597985
25.316868148150242,30.471265543972624
18.537075359392436,32.96854884122856
12.355475497829987,50.1795156702545
16.675367214787304,35.029600681048436
18.675545764256874,32.84540528489198
25.71282922568868,30.354821314876133
25.405389402843404,30.373016980403182
18.673260865501824,32.899025051218786
35.62592689575201,29.7280685871464
25.39819267965022,30.453120789020304
40.929837202736074,28.422190520502117
39.964854875228745,28.46488401219225
15.32307774367593,37.943801283266765
40.931708443617126,28.415833142816794
55.20165191532958,27.289601561546466
39.9969189412479,28.453617863139222
17.38972763033203,32.543702947589225
8.606090000207422,107.81315482403112
13.206864931248623,42.81934542538251
11.849571030819485,49.73110715605563
32.084598476203624,29.53530493549817
13.210240861222557,42.790864400667914
16.38759805021211,36.035259725357285
25.080546029517386,30.237835122980954
25.32951124317307,29.83322640915657
41.50460123477316,27.7956278313923
11.159756200541606,50.81859196627491
15.041488111273036,40.35700457886451
27.496299530531335,29.775016040383235
14.984578730162607,40.52575270482421
15.036222034229146,40.366024645840774
8.885843867480316,85.59102896990697
23.644677095774785,30.93619390226538
11.723515698568924,49.77601554950464
14.732253946451028,41.74764262658727
30.439146310423464,29.570318140898635
10.756261279357625,53.83250710418629
11.409890636234328,50.38400252244947
8.88029874088123,104.63548774620526
35.685246717048784,28.92147559135499
41.532975289401186,27.704112149869836
16.44568256971362,35.91235304466045
43.98630425894073,27.611360183710694
41.23201189264623,28.120011201498805
17.33492982295973,32.923390623058765
11.250597465943516,50.3948097012174
8.561613632273732,109.10166871738659
16.480664491432872,34.70266264421402
19.890668347200876,31.060468836228612
13.225274618585638,42.61866039608036
23.64539721084234,30.932796018199085
9.783006858287662,56.81500738140795
16.530593869628575,33.66724416651061
10.989312283568234,51.46659566587019
9.509488128609746,70.28508099008356
17.396758710893543,32.54052055692887
12.777963039313164,43.131128463822925
12.590376079069959,45.09176547090589
98.0455135374722,26.866322153910108
9.323541007479982,79.67296511695194
8.892009166756708,85.45486236803183
12.774342111547801,44.91986173654725
16.78425805766698,33.48372408708179
18.769068714984144,32.236571312271636
17.94769924887012,32.25820761518841
15.533561520544023,37.00417904200213
60.76874398846216,27.049939323219938
10.35579150939656,54.37991178204438
41.54291817407048,27.6677075990907
17.61700215540977,32.27328957211853
19.65184642001672,32.06577900510378
55.26673270709547,27.2188027165796
10.40567681699933,54.23338698876991
14.7354514140356,41.609210325412754
17.084553005200057,33.26200727934743
97.1243611079092,27.14582746077384
9.193491917790336,105.16241591049317
55.736207546885026,27.26896279138789
92.38086864399907,27.183693088568283
9.407719145848,80.29244387963921
9.854752430818424,57.49454741998612
9.785210524103896,76.61163479494469
44.24883962583189,27.670442681227392
30.200896611133253,29.808046975761687
12.625671087033178,45.27411339448156
10.788025228617641,54.53483971181342
40.38177504522698,29.253361916787526
20.75799567059146,31.116974087212064
12.59233573851625,50.09974290349959
35.19944100556219,29.78113324553832
25.316868148150242,30.471265543972624
35.74611135611375,29.636118577398367
25.948499780494974,30.17225967603409
9.659943960754692,77.6210497062172
16.566197979521863,35.08685809830334
15.007980888264667,41.56387505500777
15.041993427633987,40.37069470768512
14.251088156531027,43.64640809636127
15.57556220371066,38.05552617464265
17.663115527075462,32.29849436171021
41.74409586592449,27.908359043041152
15.57457190865671,38.09101065523477
19.78434474796926,32.19898376761584
11.310317821256003,51.40040307272331
44.24282580914854,27.71773053401858
11.453578024762601,50.501602387498814
11.143865072898805,52.80214519575409
12.81434191340529,43.860289973409984
40.85654286458667,28.646885989896656
17.46624516105995,33.271888620775414
15.32307774367593,37.943801283266765
55.20165191532958,27.289601561546466
17.38972763033203,32.543702947589225
8.606090000207422,107.81315482403112
13.206864931248623,42.81934542538251
32.084598476203624,29.53530493549817
13.210240861222557,42.790864400667914
16.38759805021211,36.035259725357285
25.32951124317307,29.83322640915657
41.50460123477316,27.7956278313923
11.159756200541606,50.81859196627491
15.041488111273036,40.35700457886451
27.496299530531335,29.775016040383235
14.984578730162607,40.52575270482421
15.036222034229146,40.366024645840774
8.885843867480316,85.59102896990697
23.644677095774785,30.93619390226538
11.723515698568924,49.77601554950464
14.732253946451028,41.74764262658727
30.439146310423464,29.570318140898635
10.756261279357625,53.83250710418629
11.409890636234328,50.38400252244947
35.685246717048784,28.92147559135499
41.532975289401186,27.704112149869836
43.98630425894073,27.611360183710694
41.23201189264623,28.120011201498805
17.33492982295973,32.923390623058765
11.250597465943516,50.3948097012174
8.561613632273732,109.10166871738659
16.480664491432872,34.70266264421402
19.890668347200876,31.060468836228612
13.225274618585638,42.61866039608036
23.64539721084234,30.932796018199085
9.783006858287662,56.81500738140795
16.530593869628575,33.66724416651061
9.509488128609746,70.28508099008356
17.396758710893543,32.54052055692887
12.777963039313164,43.131128463822925
9.323541007479982,79.67296511695194
8.892009166756708,85.45486236803183
16.78425805766698,33.48372408708179
18.769068714984144,32.236571312271636
17.94769924887012,32.25820761518841
15.533561520544023,37.00417904200213
60.76874398846216,27.049939323219938
10.35579150939656,54.37991178204438
41.54291817407048,27.6677075990907
17.61700215540977,32.27328957211853
55.26673270709547,27.2188027165796
10.40567681699933,54.23338698876991
14.7354514140356,41.609210325412754
23.701819865220028,30.141797821530094
38.925364033101296,28.350032951435544
44.34950978465834,27.35881271735652
10.864404651467556,50.97719585337088
12.752935216601127,44.468912872524776
9.7826387833915,56.84709892368798
97.22487936183465,26.90679098379132
15.63000960010344,36.64417973342215
13.06047462536786,43.03823463954614
25.265295064887127,30.11581936073395
95.27084351035944,26.90935126918207
9.27557806609329,82.75730588200409
41.30594986913464,28.07195855280507
55.20443995213092,27.240577672892513
16.496350600609713,34.29051845809784
11.84921844182336,49.265862392412224
97.41306840800088,25.98347732870332
10.280099660040728,56.16199065731668
12.494621470574744,44.793085578873416
11.942267650347006,48.3475911130125
8.671377678787016,86.18920863586177
11.822015416256606,49.758960917943256
19.20797873709454,31.897529125728635
15.31697960266696,37.947636948829846
9.685861974935053,57.68528367510458
14.728919379421736,41.78211715883882
17.079990822614423,33.13575831157628
15.169048944064967,38.308329850055785
16.417639474161717,35.86101740958068
12.730352884045583,44.63005557821674
8.728239225958601,86.55580693652279
98.0455135374722,26.866322153910108
92.38086864399907,27.183693088568283
55.736207546885026,27.26896279138789
9.854752430818424,57.49454741998612
9.785210524103896,76.61163479494469
55.20608543787716,27.276420298590956
44.24883962583189,27.670442681227392
9.337072651443812,80.8700653832367
30.200896611133253,29.808046975761687
12.537243472071879,44.86060059764319
11.849571030819485,49.73110715605563
35.74611135611375,29.636118577398367
10.989312283568234,51.46659566587019
25.080546029517386,30.237835122980954
39.905807167795274,28.48337728245637
35.19944100556219,29.78113324553832
25.948499780494974,30.17225967603409
20.75799567059146,31.116974087212064
55.20165191532958,27.289601561546466
8.606090000207422,107.81315482403112
13.206864931248623,42.81934542538251
13.210240861222557,42.790864400667914
16.38759805021211,36.035259725357285
25.32951124317307,29.83322640915657
41.50460123477316,27.7956278313923
11.159756200541606,50.81859196627491
15.041488111273036,40.35700457886451
15.036222034229146,40.366024645840774
23.644677095774785,30.93619390226538
11.723515698568924,49.77601554950464
14.732253946451028,41.74764262658727
10.756261279357625,53.83250710418629
11.409890636234328,50.38400252244947
35.685246717048784,28.92147559135499
41.532975289401186,27.704112149869836
43.98630425894073,27.611360183710694
41.23201189264623,28.120011201498805
11.250597465943516,50.3948097012174
8.561613632273732,109.10166871738659
16.480664491432872,34.70266264421402
19.890668347200876,31.060468836228612
13.225274618585638,42.61866039608036
23.64539721084234,30.932796018199085
9.783006858287662,56.81500738140795
16.530593869628575,33.66724416651061
12.777963039313164,43.131128463822925
16.78425805766698,33.48372408708179
15.533561520544023,37.00417904200213
60.76874398846216,27.049939323219938
10.35579150939656,54.37991178204438
41.54291817407048,27.6677075990907
17.61700215540977,32.27328957211853
55.26673270709547,27.2188027165796
10.40567681699933,54.23338698876991
14.7354514140356,41.609210325412754
23.701819865220028,30.141797821530094
38.925364033101296,28.350032951435544
44.34950978465834,27.35881271735652
10.864404651467556,50.97719585337088
12.752935216601127,44.468912872524776
9.7826387833915,56.84709892368798
13.06047462536786,43.03823463954614
25.265295064887127,30.11581936073395
41.30594986913464,28.07195855280507
55.20443995213092,27.240577672892513
16.496350600609713,34.29051845809784
11.84921844182336,49.265862392412224
97.41306840800088,25.98347732870332
12.494621470574744,44.793085578873416
11.942267650347006,48.3475911130125
8.671377678787016,86.18920863586177
11.822015416256606,49.758960917943256
9.685861974935053,57.68528367510458
14.728919379421736,41.78211715883882
16.417639474161717,35.86101740958068
12.730352884045583,44.63005557821674
16.693492803771896,33.601671438169404
9.220394023920456,58.30914473158453
11.581015097635552,50.36239892398078
10.393125600553331,54.30961108137373
55.19934175628943,27.292820695706393
16.927195543103824,32.62968281532003
11.411260234483443,50.36646281942504
25.981241916694675,29.526356549888405
10.392769597484813,54.36323380355458
10.014394048238644,55.31383088650596
13.825124537184095,42.31228481130916
18.894466200653515,31.200776490584822
10.241041803064627,54.77654670438976
15.627634649195357,36.20061886494185
14.778549068609822,40.50759422538708
17.786312663287994,31.942642565872642
11.124565880264665,50.868310504093465
8.686221355616855,85.50965721333439
44.35261842950215,27.34919378166399
25.331013872807098,29.82892440785993
15.082598836364618,37.671006470726574
36.16605559770926,28.621523723715683
17.398581516046683,32.43443647044302
100.56890347017513,25.963195805375346
35.15651157077025,29.05424674587564
94.21443214740957,26.46492137346185
8.57441193096404,108.96188905666095
19.938562907291928,31.051275907840523
16.417563009836865,35.862946629279776
9.708952867388835,56.89279918554991
17.307130032055177,32.456719079591934
8.693262527754564,84.52301432874036
12.653303807799405,44.73017354372458
100.80199553795907,25.97940844184117
8.728239225958601,86.55580693652279
91.06939943245521,27.137590512168277
55.736207546885026,27.26896279138789
9.509488128609746,70.28508099008356
9.854752430818424,57.49454741998612
9.323541007479982,79.67296511695194
39.905807167795274,28.48337728245637
55.20608543787716,27.276420298590956
100.56890347017513,25.963195805375346
8.561613632273732,109.10166871738659
62.21103857278515,26.529224022413654
94.21443214740957,26.46492137346185
9.083441093891716,61.07745715277537
8.705096445837851,83.00850306934282
8.606090000207422,107.81315482403112
8.670657700535473,86.21715550513899
43.69902884301816,27.279822414924705
55.1566549379135,27.277835914744106
25.981241916694675,29.526356549888405
35.09364126954359,29.283928573858844
55.89871020644011,26.786497007520094
97.41306840800088,25.98347732870332
37.49247818031412,27.858259707835757
23.347413869991524,30.8708503875571
14.751268734119972,38.57377311346313
40.26169986760011,27.833380728143297
11.991466960398235,47.553922614487504
10.467160046840611,53.267310456496
19.938562907291928,31.051275907840523
12.492658129823585,44.81636937160369
14.7354514140356,41.609210325412754
10.864404651467556,50.97719585337088
9.183373058373414,58.530182052650034
36.16605559770926,28.621523723715683
100.56497885812654,25.96419436903305
18.894466200653515,31.200776490584822
8.693262527754564,84.52301432874036
23.701819865220028,30.141797821530094
42.74774688987869,27.626291364042856
15.082598836364618,37.671006470726574
17.786312663287994,31.942642565872642
15.533561520544023,37.00417904200213
15.627634649195357,36.20061886494185
25.265295064887127,30.11581936073395
12.719039433120523,43.81584514803077
10.293698254899539,53.831222485606425
8.686221355616855,85.50965721333439
11.210903683611837,49.819397107265765
16.927195543103824,32.62968281532003
9.91079940981469,55.915019466855
10.241041803064627,54.77654670438976
11.942267650347006,48.3475911130125
14.728919379421736,41.78211715883882
13.826879749122915,42.30875807543353
35.18822269531388,28.64979311528241
8.57441193096404,108.96188905666095
41.50460123477316,27.7956278313923
9.220394023920456,58.30914473158453
16.424049496274925,34.70604238485607
16.78425805766698,33.48372408708179
12.653303807799405,44.73017354372458
41.54291817407048,27.6677075990907
16.417639474161717,35.86101740958068
11.159756200541606,50.81859196627491
12.73390641946711,43.08940422109539
10.014394048238644,55.31383088650596
16.38759805021211,36.035259725357285
9.677262391834702,57.702915334436575
19.856208482428585,31.085609935702884
9.860789350854304,56.56763203053573
11.8510178979997,49.25743621699921
55.42777795797,26.96922885554411
16.496350600609713,34.29051845809784
9.708952867388835,56.89279918554991
25.331013872807098,29.82892440785993
13.239405271916212,42.36610801573221
17.61700215540977,32.27328957211853
9.685861974935053,57.68528367510458
11.980819057955678,48.005960680370556
10.161815328557108,55.0869535619944
8.671377678787016,86.18920863586177
35.15651157077025,29.05424674587564
13.06047462536786,43.03823463954614
16.529635461853495,33.80850291367902
11.822015416256606,49.758960917943256
17.307130032055177,32.456719079591934
11.723515698568924,49.77601554950464
13.825124537184095,42.31228481130916
11.84921844182336,49.265862392412224
16.480664491432872,34.70266264421402
17.398581516046683,32.43443647044302
13.225274618585638,42.61866039608036
11.124565880264665,50.868310504093465
16.693492803771896,33.601671438169404
55.331094211746304,27.214070164504058
13.206864931248623,42.81934542538251
16.530593869628575,33.66724416651061
9.783006858287662,56.81500738140795
25.321311845780208,29.86965888165299
35.09969407250624,29.26759334241904
12.494621470574744,44.793085578873416
13.210240861222557,42.790864400667914
16.417563009836865,35.862946629279776
41.532975289401186,27.704112149869836
14.732253946451028,41.74764262658727
55.20443995213092,27.240577672892513
9.7826387833915,56.84709892368798
55.26673270709547,27.2188027165796
7.765289282738767,90.94906991427654
100.56989238425639,25.96294420739849
9.083441093891716,61.07745715277537
8.675341780655833,82.93612843199551
94.21443214740957,26.46492137346185
62.21674238167137,26.475153781315136
55.1566549379135,27.277835914744106
43.69902884301816,27.279822414924705
26.806163796399638,29.16144640564357
35.15651157077025,29.05424674587564
8.670657700535473,86.21715550513899
55.48860010718656,26.778539953381674
62.21103857278515,26.529224022413654
18.86784120176076,30.744840800734003
23.400179034153414,30.60360212663922
15.527927763128698,35.71674327994499
14.28755921937974,39.426318072935814
11.991466960398235,47.553922614487504
15.082598836364618,37.671006470726574
8.67250029839826,83.74231270541385
10.467160046840611,53.267310456496
12.492658129823585,44.81636937160369
37.49247818031412,27.858259707835757
9.183373058373414,58.530182052650034
94.2865320054699,26.444883491319615
97.41211053542773,25.983730580205652
14.280051853025743,41.90805622856319
10.864404651467556,50.97719585337088
40.26169986760011,27.833380728143297
8.671377678787016,86.18920863586177
14.751268734119972,38.57377311346313
98.65086058910066,25.971603720859818
18.806232084417807,31.665378969243445
11.311947793098673,49.098775105223176
12.55402510457528,43.78621190436738
11.210903683611837,49.819397107265765
36.20220702319045,28.00702555390916
25.981241916694675,29.526356549888405
9.800483100181697,56.24368380060088
16.41085271788735,34.73298814494517
9.872149005799471,55.199406252434436
24.118445380119358,30.066256194769537
36.16605559770926,28.621523723715683
100.56497885812654,25.96419436903305
10.241041803064627,54.77654670438976
11.914067476349977,48.40260181522818
9.220394023920456,58.30914473158453
35.18822269531388,28.64979311528241
11.159756200541606,50.81859196627491
12.73390641946711,43.08940422109539
42.74774688987869,27.626291364042856
25.321311845780208,29.86965888165299
10.293698254899539,53.831222485606425
13.447189425663232,42.07484809002276
12.494621470574744,44.793085578873416
16.927195543103824,32.62968281532003
23.701819865220028,30.141797821530094
43.645637293074785,27.46095372933453
17.786312663287994,31.942642565872642
16.496350600609713,34.29051845809784
16.838159593351378,33.17205200812744
9.677262391834702,57.702915334436575
9.708952867388835,56.89279918554991
42.36722859601534,27.65778272056865
97.41306840800088,25.98347732870332
9.685861974935053,57.68528367510458
13.06047462536786,43.03823463954614
13.194825305856961,42.59683590976251
11.980819057955678,48.005960680370556
25.33410689758069,29.815676893928124
14.265484659128647,42.01013863737847
41.11915745998014,27.827877731586845
13.239405271916212,42.36610801573221
10.312013720385146,53.740547940384864
10.161815328557108,55.0869535619944
16.529635461853495,33.80850291367902
9.783006858287662,56.81500738140795
41.54158138238407,27.661855235222195
16.78425805766698,33.48372408708179
17.307130032055177,32.456719079591934
17.45482885635582,32.01244460323069
16.424377747574603,34.69715055253619
17.40921251069025,32.21017608603324
55.246578264329024,27.011987585183952
41.21544785675292,27.759860865975046
55.42777795797,26.96922885554411
11.960290011482074,48.3036578507076
16.693492803771896,33.601671438169404
11.124565880264665,50.868310504093465
16.530593869628575,33.66724416651061
17.398581516046683,32.43443647044302
41.532975289401186,27.704112149869836
55.20443995213092,27.240577672892513
10.866432325826981,50.96809292654406
17.767236315436524,31.980423680238598
43.69902413479595,27.279901003419305
11.942267650347006,48.3475911130125
9.7826387833915,56.84709892368798
55.16366967202924,27.25518876333994
25.331013872807098,29.82892440785993
92.69311258591759,25.93597536106662
7.765289282738767,90.94906991427654
62.21674238167137,26.475153781315136
8.977194041758375,61.903446538588405
8.675341780655833,82.93612843199551
54.697256767851094,27.11456909809019
43.69902884301816,27.279822414924705
8.496857382185926,87.69076487100891
33.91622472522091,29.14118387188549
54.83361896089471,26.70128062098745
62.21095138201296,26.52991110138185
22.533398870176534,30.05477250712374
26.806163796399638,29.16144640564357
8.660988426349808,84.55754632947732
13.434436131951102,41.747529341336374
18.86784120176076,30.744840800734003
9.06113720235293,59.62880727695699
12.344329453940679,45.901534581031726
14.28526770961588,39.49564406929767
40.26169986760011,27.833380728143297
10.778242872943345,52.367529243205325
11.991466960398235,47.553922614487504
25.321311845780208,29.86965888165299
14.433007124460078,38.20588010874374
37.49247818031412,27.858259707835757
15.103569993248561,37.657544706791896
15.525825511434274,35.738587851603995
9.907156478201037,54.52923570687618
11.311947793098673,49.098775105223176
11.210903683611837,49.819397107265765
10.233489240726657,53.341712425834324
16.322444896269747,34.86428627241067
8.67250029839826,83.74231270541385
9.797689542445035,55.87595604273
10.864404651467556,50.97719585337088
35.15651157077025,29.05424674587564
15.527942330836682,35.716383716832006
9.872149005799471,55.199406252434436
14.28755921937974,39.426318072935814
10.467160046840611,53.267310456496
35.42998794344407,28.153031796089145
12.492658129823585,44.81636937160369
18.377383056414388,31.416303334042777
9.183361562878444,58.53027465277071
12.55402510457528,43.78621190436738
42.74774688987869,27.626291364042856
11.914067476349977,48.40260181522818
37.29767376367147,27.896794022653157
11.159756200541606,50.81859196627491
9.71309994596066,56.634253523401085
12.494621470574744,44.793085578873416
43.645637293074785,27.46095372933453
9.708952867388835,56.89279918554991
15.082598836364618,37.671006470726574
18.80770661234868,30.818651364331178
13.239405271916212,42.36610801573221
25.993892054162153,29.464236912885234
12.73390641946711,43.08940422109539
9.677262391834702,57.702915334436575
16.825400598974493,32.81662271739287
42.36722859601534,27.65778272056865
9.220405520900735,58.309052694729445
36.2026033074343,28.000051179278028
26.786739082232582,29.26625829246802
16.78425805766698,33.48372408708179
25.73703973318189,29.489043547429507
12.598185974195088,43.6914916860344
9.685861974935053,57.68528367510458
12.836806631764153,42.8911689106734
41.11915745998014,27.827877731586845
11.980819057955678,48.005960680370556
36.20220702319045,28.00702555390916
16.927195543103824,32.62968281532003
17.810743445378524,31.639342978747123
41.54158138238407,27.661855235222195
35.24942863755093,28.59333774816631
18.2567153260585,31.616789802776264
25.33410689758069,29.815676893928124
16.529635461853495,33.80850291367902
13.176404549388455,42.61181492610336
17.307130032055177,32.456719079591934
35.18822269531388,28.64979311528241
16.496350600609713,34.29051845809784
17.45482885635582,32.01244460323069
16.424377747574603,34.69715055253619
17.40921251069025,32.21017608603324
16.49548192124522,34.312018549032835
41.21544785675292,27.759860865975046
16.693492803771896,33.601671438169404
17.786312663287994,31.942642565872642
11.960290011482074,48.3036578507076
41.532975289401186,27.704112149869836
16.530593869628575,33.66724416651061
17.398581516046683,32.43443647044302
17.767236315436524,31.980423680238598
11.124530953072064,50.882914114709784
13.194825305856961,42.59683590976251
10.866432325826981,50.96809292654406
9.183373058373414,58.530182052650034
9.220394023920456,58.30914473158453
92.69311258591759,25.93597536106662
7.7370092883330726,91.84002275943678
91.57441668961238,25.989288348027607
63.166664244477914,26.38352259845544
8.877377826628576,80.4952769237797
8.977194041758375,61.903446538588405
54.83361896089471,26.70128062098745
46.29581449687658,27.102963781477946
28.554638708910566,28.868313239734768
35.18822269531388,28.64979311528241
62.21095138201296,26.52991110138185
7.765289282738767,90.94906991427654
22.533398870176534,30.05477250712374
8.515334038054592,84.00021654241539
8.495828815218193,87.70057984994969
8.496857382185926,87.69076487100891
20.699372124778492,30.55290412738755
8.675341780655833,82.93612843199551
14.119558419548424,39.95528682471907
13.434436131951102,41.747529341336374
10.65388403159565,52.29919512350273
14.758573539998212,37.138854599572696
25.321311845780208,29.86965888165299
37.49247818031412,27.858259707835757
12.487371416337396,44.75761855459475
43.69902884301816,27.279822414924705
40.25672070531913,27.849538667002122
15.3269452202214,36.297147135844305
9.009945155545577,61.07085968102624
12.10657269455882,46.110560087545416
17.636757014436267,31.260548770485563
9.377770233878206,57.40472973900235
26.806163796399638,29.16144640564357
16.322444896269747,34.86428627241067
18.86784120176076,30.744840800734003
10.233489240726657,53.341712425834324
9.797689542445035,55.87595604273
10.911980521033511,50.21387847614729
12.344329453940679,45.901534581031726
13.129905335649948,41.94726593118273
9.06113720235293,59.62880727695699
11.022287625331852,49.43252362036903
11.991467226912825,47.55390915433276
10.864404651467556,50.97719585337088
15.527942330836682,35.716383716832006
9.02194492220382,59.98873287704086
18.799075042459183,30.772093015034248
12.836806631764153,42.8911689106734
9.91108821215327,54.52437553276886
35.193522830719886,28.045536828653866
9.810079420853839,55.03690602003235
10.467160046840611,53.267310456496
14.375729985337815,39.23112347245502
14.502900398853699,38.15549877507548
11.263534914864662,48.927367496407584
9.183361562878444,58.53027465277071
8.67250029839826,83.74231270541385
14.433007124460078,38.20588010874374
37.29767376367147,27.896794022653157
42.74774688987869,27.626291364042856
9.71309994596066,56.634253523401085
43.645637293074785,27.46095372933453
25.98895821366764,29.45753321569571
9.708952867388835,56.89279918554991
11.646473175062637,48.62869357628028
9.220405520900735,58.309052694729445
12.54899054949129,43.790621256527324
36.2026033074343,28.000051179278028
26.786739082232582,29.26625829246802
62.21674238167137,26.475153781315136
25.73703973318189,29.489043547429507
17.61988381015875,31.670434573693385
16.78425805766698,33.48372408708179
36.20220702319045,28.00702555390916
41.11915745998014,27.827877731586845
10.866432325826981,50.96809292654406
11.980819057955678,48.005960680370556
15.525825511434274,35.738587851603995
12.644032781336923,43.33622354724982
25.33410689758069,29.815676893928124
16.811640635267178,32.84202023931698
41.54158138238407,27.661855235222195
42.36722859601534,27.65778272056865
16.424377747574603,34.69715055253619
16.927195543103824,32.62968281532003
17.178938850328535,32.40986882941955
40.26169986760011,27.833380728143297
14.28526770961588,39.49564406929767
16.529635461853495,33.80850291367902
17.240804181728286,32.19695640735448
12.73390641946711,43.08940422109539
9.888254817033436,54.55265734836068
11.914067476349977,48.40260181522818
16.496350600609713,34.29051845809784
12.598185974195088,43.6914916860344
17.482999852928955,31.999855249782282
16.49548192124522,34.312018549032835
11.991466960398235,47.553922614487504
11.960290011482074,48.3036578507076
41.21544785675292,27.759860865975046
7.646906706982665,92.48601678508794
85.58752380085403,25.73636226340403
63.166664244477914,26.38352259845544
8.973518624378645,62.22542169233013
8.877377826628576,80.4952769237797
46.29581449687658,27.102963781477946
8.445726262901662,82.85347847232336
7.878363323856698,89.79598548713018
54.82834673085676,26.788678110293805
55.15449860748672,26.549978194283582
33.48569923830411,28.541547427375953
62.20836965348985,26.53108305961713
28.58589669435273,28.747645173985003
10.53351159641241,52.179722864473
22.533398870176534,30.05477250712374
38.15289374078229,27.810881842726076
10.816619426372483,50.164817628770706
41.12590641182789,27.708584091789653
20.699372124778492,30.55290412738755
14.119558419548424,39.95528682471907
8.76432687256765,81.46759367886497
25.311892505975266,29.939972270302135
43.721697604103774,27.223062581071787
13.44801461698914,41.601613180095725
7.765289282738767,90.94906991427654
10.892864468119873,49.352113413800275
21.74679476166983,30.24202995411674
11.140894739002356,48.35432303722948
35.13237757904917,28.103242854622522
9.009945155545577,61.07085968102624
17.636757014436267,31.260548770485563
18.86784120176076,30.744840800734003
15.3269452202214,36.297147135844305
10.233489240726657,53.341712425834324
16.322444896269747,34.86428627241067
7.736857642573205,91.79919349243646
12.344329453940679,45.901534581031726
12.052885900214484,46.15964471697447
15.531515482711585,35.59979707229559
9.91108821215327,54.52437553276886
27.246209297394923,28.750770323353137
18.757971347483174,30.914867225264956
14.758573539998212,37.138854599572696
11.991467226912825,47.55390915433276
10.467160046840611,53.267310456496
13.129905335649948,41.94726593118273
14.375729985337815,39.23112347245502
9.810079420853839,55.03690602003235
17.41544863318773,31.65561505660242
12.441467106971418,44.801105078159495
42.74774688987869,27.626291364042856
9.045250363974304,59.39694663789125
14.753547965367725,37.277964781043984
13.046507006212247,42.82236417640908
8.977194041758375,61.903446538588405
14.438020412908147,38.061933794368905
12.54899054949129,43.790621256527324
9.220405520900735,58.309052694729445
25.98895821366764,29.45753321569571
41.54158138238407,27.661855235222195
14.433007124460078,38.20588010874374
12.487371416337396,44.75761855459475
9.014757440513165,60.02671809431998
8.875567126808598,80.50128649876598
42.36722859601534,27.65778272056865
11.960290011482074,48.3036578507076
9.708952867388835,56.89279918554991
37.23176197443658,27.989090289773586
9.282109375931888,57.455602622681056
9.71309994596066,56.634253523401085
35.193522830719886,28.045536828653866
26.786739082232582,29.26625829246802
17.240804181728286,32.19695640735448
43.627873307690486,27.51603232578139
9.377770233878206,57.40472973900235
16.529635461853495,33.80850291367902
25.73703973318189,29.489043547429507
36.20220702319045,28.00702555390916
62.31241689675907,26.444986411993455
36.2026033074343,28.000051179278028
9.08910533677999,58.836414202987484
9.802392784990852,55.77592424377883
9.781881660944421,55.93432209777282
37.49247818031412,27.858259707835757
16.78425805766698,33.48372408708179
26.894585815136985,28.800866063233844
11.980819057955678,48.005960680370556
16.927195543103824,32.62968281532003
25.33410689758069,29.815676893928124
15.494537834328769,36.035496695524344
12.644032781336923,43.33622354724982
17.178938850328535,32.40986882941955
16.424377747574603,34.69715055253619
16.811640635267178,32.84202023931698
14.28526770961588,39.49564406929767
9.02194492220382,59.98873287704086
13.434436131951102,41.747529341336374
12.73390641946711,43.08940422109539
9.888254817033436,54.55265734836068
16.77816308538773,33.60855170303465
7.646906706982665,92.48601678508794
86.1716397912622,25.645167204721293
67.71306735441256,26.257121445480017
8.910139339187817,62.343807312708165
8.877377826628576,80.4952769237797
85.58752380085403,25.73636226340403
7.878363323856698,89.79598548713018
54.73939758836371,26.788707866027913
46.30115077809248,27.09880817344294
8.410839682111385,82.97217612268567
61.43601128768202,26.458019260225132
55.15449860748672,26.549978194283582
33.48569923830411,28.541547427375953
28.872379202349386,28.59618599873424
63.169491594933426,26.33844598767598
25.33410689758069,29.815676893928124
21.8145426878887,29.92041897857752
38.15289374078229,27.810881842726076
41.12590641182789,27.708584091789653
8.76432687256765,81.46759367886497
14.047974516224837,40.29151200798962
11.613672913688198,47.4867148961448
43.963983071101964,27.205608425891732
10.53351159641241,52.179722864473
10.772189091086746,50.84826145613023
46.29581449687658,27.102963781477946
13.44801461698914,41.601613180095725
35.13237757904917,28.103242854622522
9.009945155545577,61.07085968102624
15.3269452202214,36.297147135844305
20.699372124778492,30.55290412738755
8.445726262901662,82.85347847232336
20.141986517506453,30.724387471947285
11.948713838479874,46.325967506875415
12.344329453940679,45.901534581031726
10.233489240726657,53.341712425834324
7.736857642573205,91.79919349243646
21.74679476166983,30.24202995411674
62.31241689675907,26.444986411993455
9.220405520900735,58.309052694729445
28.58589669435273,28.747645173985003
14.758573539998212,37.138854599572696
9.91108821215327,54.52437553276886
27.246209297394923,28.750770323353137
13.046507006212247,42.82236417640908
15.597330922768721,35.10535025325755
9.781881660944421,55.93432209777282
11.140894739002356,48.35432303722948
17.608254641282596,31.241012089734685
18.493929956972686,31.209003371491818
26.64788074826885,28.91075441494155
11.302335177814507,48.100022842721806
17.41544863318773,31.65561505660242
12.441467106971418,44.801105078159495
7.807078614514014,90.78771613312387
36.939218093018745,27.922795974765638
10.447828667640437,52.715159845652714
42.74774688987869,27.626291364042856
10.945074905661478,49.161291216735336
43.627873307690486,27.51603232578139
8.977194041758375,61.903446538588405
16.384226678424298,34.625092894363476
16.529635461853495,33.80850291367902
9.045250363974304,59.39694663789125
37.49247818031412,27.858259707835757
14.375729985337815,39.23112347245502
26.11740670626603,29.432252221515597
41.54158138238407,27.661855235222195
18.86857745081448,30.732847161327623
12.487371416337396,44.75761855459475
9.014757440513165,60.02671809431998
14.425329354242212,38.21110342351045
7.765289282738767,90.94906991427654
12.54899054949129,43.790621256527324
42.36722859601534,27.65778272056865
8.875130589013514,80.55045336376293
9.71309994596066,56.634253523401085
9.66093493116327,56.88838150531502
9.282109375931888,57.455602622681056
10.816619426372483,50.164817628770706
35.193522830719886,28.045536828653866
14.103141581543513,39.58812944423475
16.811640635267178,32.84202023931698
17.240804181728286,32.19695640735448
13.112085503314736,42.001748509046465
9.795259206508893,55.3112233007433
16.322444896269747,34.86428627241067
14.532199153133183,37.798973289841314
36.20220702319045,28.00702555390916
9.377770233878206,57.40472973900235
10.892813503534146,49.3548706230178
15.457828496374134,35.84180125083239
15.531515482711585,35.59979707229559
9.810079420853839,55.03690602003235
12.73390641946711,43.08940422109539
63.166664244477914,26.38352259845544
10.322878273750481,53.224586480210775
18.757971347483174,30.914867225264956
12.052885900214484,46.15964471697447
16.927195543103824,32.62968281532003
86.1716397912622,25.645167204721293
7.646906706982665,92.48601678508794
8.837466161008376,79.23129342598023
8.882335073294858,60.44141299172257
80.51354650140492,26.16716894679448
67.73635245192176,26.24547935987252
46.49060302443642,26.927251177963143
54.73939758836371,26.788707866027913
8.410839682111385,82.97217612268567
7.87836820827039,89.7952863781511
61.43601128768202,26.458019260225132
55.1508431406064,26.487449944251924
28.872379202349386,28.59618599873424
42.434412719534336,27.464817545270407
85.27833195124921,25.854126170140987
38.235096959955456,27.542600806037445
33.48569923830411,28.541547427375953
63.169491594933426,26.33844598767598
67.71306735441256,26.257121445480017
8.665738046886037,80.8392599984777
25.33410689758069,29.815676893928124
21.8145426878887,29.92041897857752
13.2116251958626,41.018106986346304
44.4036915873697,26.945413811732273
8.445726262901662,82.85347847232336
11.613672913688198,47.4867148961448
14.047974516224837,40.29151200798962
16.529635461853495,33.80850291367902
13.112085503314736,42.001748509046465
12.54899054949129,43.790621256527324
33.78537618495104,28.27304887920772
20.141986517506453,30.724387471947285
9.691735704940953,55.47786373350433
12.344329453940679,45.901534581031726
14.375729985337815,39.23112347245502
10.816619426372483,50.164817628770706
43.9485013610027,27.312155980568434
10.51067539231995,51.3022406601758
16.811640635267178,32.84202023931698
36.20220702319045,28.00702555390916
27.49169231593987,28.711614859467613
37.18927775885065,27.739235368645723
9.91108821215327,54.52437553276886
10.233489240726657,53.341712425834324
10.484088813779133,52.126920665577245
25.755875827112984,29.38029602108737
11.920712489999293,46.43117257022642
18.86857745081448,30.732847161327623
9.66093493116327,56.88838150531502
35.13237757904917,28.103242854622522
13.046507006212247,42.82236417640908
15.597330922768721,35.10535025325755
10.772189091086746,50.84826145613023
12.73390641946711,43.08940422109539
7.736857642573205,91.79919349243646
11.140894739002356,48.35432303722948
14.103141581543513,39.58812944423475
14.425329354242212,38.21110342351045
14.760801109002257,37.11979573183643
15.325902193339845,36.30529053074173
11.302335177814507,48.100022842721806
7.807078614514014,90.78771613312387
10.447828667640437,52.715159845652714
18.493929956972686,31.209003371491818
9.118350796104185,59.30169209022579
26.32990304685299,29.202256567155548
10.945074905661478,49.161291216735336
16.384226678424298,34.625092894363476
12.441467106971418,44.801105078159495
20.742376049766612,30.54008726284443
9.014757440513165,60.02671809431998
17.176229588422334,32.16231316634149
21.73314898370895,30.248452281185777
10.892813503534146,49.3548706230178
12.487371416337396,44.75761855459475
9.219824611035438,58.32606116127472
7.765289282738767,90.94906991427654
7.878363323856698,89.79598548713018
35.193522830719886,28.045536828653866
16.927195543103824,32.62968281532003
9.250144210319874,58.13177377908772
16.322444896269747,34.86428627241067
9.377770233878206,57.40472973900235
15.457828496374134,35.84180125083239
15.531515482711585,35.59979707229559
14.631902194243498,37.478961261914804
17.608254641282596,31.241012089734685
9.282109375931888,57.455602622681056
63.166664244477914,26.38352259845544
9.045250363974304,59.39694663789125
18.569044492912997,30.82503081106525
62.31361135792408,26.441640554051197
10.322878273750481,53.224586480210775
62.31241689675907,26.444986411993455
7.65719615814218,92.22325247132623
12.052885900214484,46.15964471697447
9.660929753366288,56.888752944218254
43.963983071101964,27.205608425891732
27.246209297394923,28.750770323353137
17.335569711569377,31.585645547230914
7.646906706982665,92.48601678508794
92.3695067084219,25.598470807485615
8.569328881385301,79.4784887739811
8.836202836252738,60.70185182404339
80.51354650140492,26.16716894679448
8.38785442013664,82.6119735497459
67.73635245192176,26.24547935987252
46.49060302443642,26.927251177963143
7.87836820827039,89.7952863781511
54.59451534608597,26.782661009043345
61.95935225964172,26.436743783431698
55.21800933647198,26.45596993159696
85.27833195124921,25.854126170140987
86.22248847536241,25.6393949278818
28.872379202349386,28.59618599873424
38.235096959955456,27.542600806037445
63.169491594933426,26.33844598767598
33.485204368033536,28.542777571141176
67.13760408084707,26.286841459869983
36.66242840987326,27.5550074938069
42.43440750909356,27.464907605301494
21.8145426878887,29.92041897857752
34.05435673870627,27.775919243497246
25.29702162698272,29.882110457864496
44.4036915873697,26.945413811732273
10.737500582578292,50.14160282434848
10.51067539231995,51.3022406601758
13.2116251958626,41.018106986346304
13.112085503314736,42.001748509046465
12.54899054949129,43.790621256527324
11.613672913688198,47.4867148961448
25.844508848120924,29.03588178210875
20.742376049766612,30.54008726284443
11.920712489999293,46.43117257022642
20.141986517506453,30.724387471947285
9.691735704940953,55.47786373350433
12.344329453940679,45.901534581031726
27.246209297394923,28.750770323353137
21.420732210326975,30.027226712124936
10.01671604028523,53.7622234372969
9.66093493116327,56.88838150531502
7.65719615814218,92.22325247132623
17.608254641282596,31.241012089734685
13.952372836664894,40.57975396238916
14.979232395643177,36.553663164496214
17.13564561742004,32.009538747300965
12.73390641946711,43.08940422109539
7.729237307777541,91.06335243176595
14.103141581543513,39.58812944423475
9.219824611035438,58.32606116127472
12.441467106971418,44.801105078159495
16.322444896269747,34.86428627241067
43.19813536364728,27.001531811495255
33.78537618495104,28.27304887920772
27.49169231593987,28.711614859467613
9.118350796104185,59.30169209022579
10.945074905661478,49.161291216735336
25.755875827112984,29.38029602108737
18.421783633082477,31.043048441942357
16.5422344867425,33.017097787883486
9.014757440513165,60.02671809431998
10.892813503534146,49.3548706230178
17.335569711569377,31.585645547230914
9.91108821215327,54.52437553276886
14.047974516224837,40.29151200798962
12.487371416337396,44.75761855459475
15.229644477896976,36.10581853765617
16.927195543103824,32.62968281532003
18.86857745081448,30.732847161327623
43.03169253694916,27.097684436038303
62.41824947084534,26.339340863469722
14.408211956826758,39.143666338844724
7.866166036308627,90.58607897529315
11.140894739002356,48.35432303722948
86.1716397912622,25.645167204721293
14.424664893430098,38.218890250414645
10.447828667640437,52.715159845652714
14.631902194243498,37.478961261914804
9.250144210319874,58.13177377908772
15.597330922768721,35.10535025325755
14.562042455163182,37.92406598516333
9.769220234807303,54.702413363169114
13.046511013829088,42.822211884473006
9.377770233878206,57.40472973900235
12.052885900214484,46.15964471697447
11.371101710033036,47.84441135285285
10.487923458852908,52.06106159071375
42.434412719534336,27.464817545270407
9.692127159889324,55.2436821164603
9.282109375931888,57.455602622681056
55.1508431406064,26.487449944251924
8.882335073294858,60.44141299172257
16.529635461853495,33.80850291367902
9.045250363974304,59.39694663789125
7.878363323856698,89.79598548713018
25.33410689758069,29.815676893928124
10.233489240726657,53.341712425834324
14.760801109002257,37.11979573183643
15.531515482711585,35.59979707229559
15.457828496374134,35.84180125083239
92.38239243389782,25.569585725510038
7.5021705639820935,94.2667002082421
8.569328881385301,79.4784887739811
8.836202836252738,60.70185182404339
80.274443356171,25.842338777309134
65.98996361799249,26.151915970998346
8.38785442013664,82.6119735497459
7.939896108037156,86.75059440285392
53.59830588640414,26.83865615344051
46.62860692337666,26.8540558740728
55.21800933647198,26.45596993159696
61.95899790276969,26.437725046012496
86.22248847536241,25.6393949278818
92.3695067084219,25.598470807485615
86.1716397912622,25.645167204721293
36.88455993409675,27.527104345553497
42.425516233160366,27.494201303353133
33.485204368033536,28.542777571141176
28.884579454765394,28.594387715235683
7.6418536526056355,92.19678613804311
7.9000993814918345,89.26227675829685
63.169491594933426,26.33844598767598
25.29702162698272,29.882110457864496
21.8145426878887,29.92041897857752
16.322444896269747,34.86428627241067
16.52004665324804,32.99449436750466
36.66242840987326,27.5550074938069
34.05435673870627,27.775919243497246
11.920712489999293,46.43117257022642
9.582293498627832,55.98876844743074
11.939037241827473,45.46911617552008
10.51067539231995,51.3022406601758
46.49060302443642,26.927251177963143
12.54899054949129,43.790621256527324
11.613672913688198,47.4867148961448
20.742376049766612,30.54008726284443
44.4036915873697,26.945413811732273
7.729237307777541,91.06335243176595
9.377770233878206,57.40472973900235
18.88068558262274,30.714655399755525
11.140894739002356,48.35432303722948
14.408211956826758,39.143666338844724
10.447828667640437,52.715159845652714
10.487923458852908,52.06106159071375
10.01671604028523,53.7622234372969
26.850382324192026,28.874983723508098
10.233489240726657,53.341712425834324
7.866166036308627,90.58607897529315
15.597330922768721,35.10535025325755
10.698080509333169,50.18399002526484
14.424664893430098,38.218890250414645
12.795713434592734,42.776622199161714
17.13564561742004,32.009538747300965
21.420732210326975,30.027226712124936
13.952372836664894,40.57975396238916
11.371101710033036,47.84441135285285
27.628299622938272,28.689738065974776
12.73390641946711,43.08940422109539
10.945074905661478,49.161291216735336
25.54872551529789,29.268581449971226
9.014757440513165,60.02671809431998
12.441467106971418,44.801105078159495
43.19813536364728,27.001531811495255
14.047974516224837,40.29151200798962
28.872379202349386,28.59618599873424
15.229644477896976,36.10581853765617
12.487371416337396,44.75761855459475
33.78537618495104,28.27304887920772
9.118350796104185,59.30169209022579
43.03169253694916,27.097684436038303
13.21108298714051,41.0185188054856
13.112085503314736,42.001748509046465
20.768052098883008,30.411712487471224
9.16323698882569,58.404905884406595
13.217266349278816,40.92377768323342
44.323652129089,26.991847385651752
13.09577868068007,42.05313786545251
14.562042455163182,37.92406598516333
14.760801109002257,37.11979573183643
25.844522729847743,29.03564493516048
14.620419101198255,37.35626677952449
54.59451534608597,26.782661009043345
62.41824947084534,26.339340863469722
9.91108821215327,54.52437553276886
9.250144210319874,58.13177377908772
17.858806743191707,31.136528913794788
42.434412719534336,27.464817545270407
15.531515482711585,35.59979707229559
9.692127159889324,55.2436821164603
9.691735704940953,55.47786373350433
10.876625160718062,49.61253666339573
9.282109375931888,57.455602622681056
8.882335073294858,60.44141299172257
25.33410689758069,29.815676893928124
9.045250363974304,59.39694663789125
7.878363323856698,89.79598548713018
9.769220234807303,54.702413363169114
16.935733539486755,32.57821384915839
17.335569711569377,31.585645547230914
16.927195543103824,32.62968281532003
7.485131232985123,94.6372381239855
94.70126415716177,25.553994827231143
8.731183085346272,65.70382273915737
8.569328881385301,79.4784887739811
80.274443356171,25.842338777309134
65.98996361799249,26.151915970998346
55.21800933647198,26.45596993159696
86.043583557832,25.611960264113144
47.79474588694336,26.657886934241365
7.939896108037156,86.75059440285392
61.715952223590115,26.44363704873627
8.748223172611763,60.85381328826339
92.3695067084219,25.598470807485615
36.88455993409675,27.527104345553497
8.38785442013664,82.6119735497459
42.42528402217609,27.498233257996226
29.400599519275012,28.51845227846086
33.78537618495104,28.27304887920772
7.6418536526056355,92.19678613804311
8.410306163342671,82.13911099944322
25.29702162698272,29.882110457864496
46.62860692337666,26.8540558740728
21.8145426878887,29.92041897857752
44.47465631279036,26.90439269322805
7.9000993814918345,89.26227675829685
36.66242840987326,27.5550074938069
63.624193410695035,26.174789562682026
14.408211956826758,39.143666338844724
20.472496293265454,30.17313710940394
34.05435673870627,27.775919243497246
11.920712489999293,46.43117257022642
7.50228999714193,94.24741389736873
16.52004665324804,32.99449436750466
15.229644477896976,36.10581853765617
11.939037241827473,45.46911617552008
16.341364268434344,34.555816899812974
10.698080509333169,50.18399002526484
92.38239243389782,25.569585725510038
14.047974516224837,40.29151200798962
11.613672913688198,47.4867148961448
19.24892593284234,30.59732594576606
7.701061022307798,91.00024774608733
26.850382324192026,28.874983723508098
14.760801109002257,37.11979573183643
11.140894739002356,48.35432303722948
18.88068558262274,30.714655399755525
9.547329943810137,56.430791350784624
10.01671604028523,53.7622234372969
10.487923458852908,52.06106159071375
25.814296027451896,29.02307409944119
15.597330922768721,35.10535025325755
9.045250363974304,59.39694663789125
10.141169071059931,53.13677915736904
10.447828667640437,52.715159845652714
7.866166036308627,90.58607897529315
14.424664893430098,38.218890250414645
17.13564561742004,32.009538747300965
7.878363323856698,89.79598548713018
15.316946681371807,35.48674388296431
13.78619938408029,40.511763301236556
10.510800724446486,51.30009969687088
11.371101710033036,47.84441135285285
9.377770233878206,57.40472973900235
17.85887694996276,31.130806916389133
10.876625160718062,49.61253666339573
13.21108298714051,41.0185188054856
16.322444896269747,34.86428627241067
9.91108821215327,54.52437553276886
13.111397171520176,41.9913909938626
63.169491594933426,26.33844598767598
43.203010177606785,26.92238553521852
12.73390641946711,43.08940422109539
9.066847017607289,58.63433072393912
28.872379202349386,28.59618599873424
12.487371416337396,44.75761855459475
27.63186719160671,28.686253243457454
12.441354738890862,44.80588992944521
62.41824947084534,26.339340863469722
9.250144210319874,58.13177377908772
13.09577868068007,42.05313786545251
14.562042455163182,37.92406598516333
12.540163190964012,43.800154906406554
12.795713434592734,42.776622199161714
21.420732210326975,30.027226712124936
13.217266349278816,40.92377768323342
10.945170191084147,49.15620168682589
14.620419101198255,37.35626677952449
9.769220234807303,54.702413363169114
12.54899054949129,43.790621256527324
17.431002009661874,31.40605082382876
42.83547834635844,27.168044558839604
17.335569711569377,31.585645547230914
9.692127159889324,55.2436821164603
9.282109375931888,57.455602622681056
25.33410689758069,29.815676893928124
27.628299622938272,28.689738065974776
16.935733539486755,32.57821384915839
10.51067539231995,51.3022406601758
25.54872551529789,29.268581449971226
33.88975726739495,27.964711913475558
94.70126415716177,25.553994827231143
7.480006875182914,94.365499188135
8.731183085346272,65.70382273915737
8.569328881385301,79.4784887739811
80.274443356171,25.842338777309134
65.27805319658866,25.97323135040916
63.624193410695035,26.174789562682026
56.06165386464978,26.245609929010097
47.79474588694336,26.657886934241365
55.16195387398538,26.45818257741251
86.043583557832,25.611960264113144
92.36369131216021,25.600076637525692
8.745393701289002,60.85814880886964
85.47663119522268,25.78225593305675
40.73285451885544,27.37882275310174
7.860896988612986,87.59982163443145
31.01735419219466,28.387146559972894
7.761251879774207,90.3808268535397
8.046549993441818,85.51246886490514
7.6418536526056355,92.19678613804311
8.410306163342671,82.13911099944322
36.88456092411285,27.527087648270943
8.098324931135032,83.4359712909399
22.486499641067873,29.659877135402493
46.62860692337666,26.8540558740728
25.180573704034032,29.515899697973566
33.78537618495104,28.27304887920772
11.613672913688198,47.4867148961448
34.05435673870627,27.775919243497246
16.321705263633326,34.320993521384146
36.66242840987326,27.5550074938069
14.408211956826758,39.143666338844724
7.50228999714193,94.24741389736873
20.472496293265454,30.17313710940394
11.843334103326857,45.566999657608584
7.939896108037156,86.75059440285392
15.175374785933158,35.88357327832772
15.554035385386737,35.044885517855775
14.760801109002257,37.11979573183643
92.38239243389782,25.569585725510038
42.40139020752471,27.30096898910038
14.047974516224837,40.29151200798962
17.85887694996276,31.130806916389133
44.47745929416743,26.902775276087656
18.88068558262274,30.714655399755525
10.01671604028523,53.7622234372969
28.872379202349386,28.59618599873424
43.203010177606785,26.92238553521852
8.38785442013664,82.6119735497459
25.814296027451896,29.02307409944119
16.50379918234946,33.261143647147634
29.400599519275012,28.51845227846086
19.24892593284234,30.59732594576606
9.692127159889324,55.2436821164603
9.026774425626295,59.13159190852663
8.973405840539195,59.91369822420665
9.250144210319874,58.13177377908772
21.420732210326975,30.027226712124936
9.62553571114564,55.951384662012856
13.78619938408029,40.511763301236556
10.695202139505257,50.1871548878536
10.510800724446486,51.30009969687088
7.696377159141341,91.01840992988352
9.377770233878206,57.40472973900235
10.876625160718062,49.61253666339573
12.73390641946711,43.08940422109539
9.066847017607289,58.63433072393912
10.141169071059931,53.13677915736904
13.21108298714051,41.0185188054856
10.198353234462374,52.733641665411824
15.316946681371807,35.48674388296431
9.91108821215327,54.52437553276886
13.111397171520176,41.9913909938626
10.945170191084147,49.15620168682589
8.830935557155044,60.327053013978514
47.68374578633678,26.71753880029452
9.543081551392866,56.43637684343612
12.487371416337396,44.75761855459475
27.63186719160671,28.686253243457454
11.988281155671393,44.950348878415824
17.13564561742004,32.009538747300965
44.47465631279036,26.90439269322805
12.540163190964012,43.800154906406554
42.83547834635844,27.168044558839604
16.935733539486755,32.57821384915839
25.24223396565843,29.129417648238974
10.487923458852908,52.06106159071375
26.84475293979668,28.880695598374174
13.217266349278816,40.92377768323342
13.07015226678169,42.503955589458386
11.07134185725857,48.64451898172508
14.424664893430098,38.218890250414645
55.21800933647198,26.45596993159696
10.388754480375702,52.18757127214348
9.769220234807303,54.702413363169114
12.54899054949129,43.790621256527324
12.795713434592734,42.776622199161714
26.850382324192026,28.874983723508098
27.628299622938272,28.689738065974776
14.562042455163182,37.92406598516333
7.480006875182914,94.365499188135
96.31782905337961,25.536925197154922
8.676066025310448,67.038736393428
8.569490945036451,79.45518828338781
65.27805319658866,25.97323135040916
80.25701310340125,25.884345887864903
56.06165386464978,26.245609929010097
53.201836068910964,26.34072723476658
63.624193410695035,26.174789562682026
8.731183085346272,65.70382273915737
92.36369131216021,25.600076637525692
86.05663267950459,25.608064381148786
8.744308777070971,61.9898327878757
80.69024522043236,25.695627727689903
47.79777109722405,26.656270246535293
86.043583557832,25.611960264113144
7.679420086534418,89.26002927414532
8.046549993441818,85.51246886490514
22.486499641067873,29.659877135402493
36.88456092411285,27.527087648270943
40.73285451885544,27.37882275310174
11.613672913688198,47.4867148961448
33.78537618495104,28.27304887920772
8.470560194963822,80.74403632717153
7.648568127179793,91.55771283997073
7.501707524241125,93.79154802154324
8.098324931135032,83.4359712909399
7.592105069597534,91.87586945291613
55.2224515601087,26.285047885435656
31.020830202164476,28.384153399423305
25.1418214555853,29.55009490003081
11.07134185725857,48.64451898172508
34.54181075889869,27.721319926585075
7.939896108037156,86.75059440285392
11.70327996609079,46.08152724353248
10.510800724446486,51.30009969687088
10.695202139505257,50.1871548878536
8.410306163342671,82.13911099944322
29.400599519275012,28.51845227846086
92.38239243389782,25.569585725510038
14.408211956826758,39.143666338844724
94.69527008267096,25.555596159127486
15.554035385386737,35.044885517855775
36.658139567845204,27.628494901293774
7.849005988831118,87.70104253241962
42.40139020752471,27.30096898910038
16.82216568296819,32.46261172141489
46.62146352194295,26.85800800522895
44.47745929416743,26.902775276087656
9.543081551392866,56.43637684343612
13.111397171520176,41.9913909938626
12.487371416337396,44.75761855459475
14.900674215891895,36.78992965738388
28.872379202349386,28.59618599873424
65.14422939512136,26.026356957331842
14.315333063725353,39.95843635633323
31.01732426825938,28.3876649855481
9.377770233878206,57.40472973900235
20.092016919256192,30.290283277920263
40.73711849205689,27.306256997676734
8.569328881385301,79.4784887739811
14.562042455163182,37.92406598516333
9.026774425626295,59.13159190852663
8.973405840539195,59.91369822420665
14.424664893430098,38.218890250414645
63.62554969012703,26.170365763227032
16.273156856579746,34.41772065858601
18.88068558262274,30.714655399755525
94.70126415716177,25.553994827231143
20.472496293265454,30.17313710940394
15.175374785933158,35.88357327832772
11.988281155671393,44.950348878415824
21.420732210326975,30.027226712124936
17.19685874955527,31.784108748998
18.102294192718897,31.002017213709316
12.73390641946711,43.08940422109539
16.450470801982153,34.03532357530092
17.68582444433169,31.223144333696087
13.21108298714051,41.0185188054856
10.198353234462374,52.733641665411824
34.05435673870627,27.775919243497246
8.7452435329828,60.873894384072464
9.91108821215327,54.52437553276886
13.78619938408029,40.511763301236556
8.830935557155044,60.327053013978514
10.945170191084147,49.15620168682589
8.38785442013664,82.6119735497459
27.63186719160671,28.686253243457454
16.50379918234946,33.261143647147634
8.379908502939518,83.2191046470154
47.03357283740006,26.710189658720076
13.07015226678169,42.503955589458386
10.01671604028523,53.7622234372969
12.540163190964012,43.800154906406554
43.20336187113354,26.916762864804497
44.47465631279036,26.90439269322805
42.83547834635844,27.168044558839604
10.141169071059931,53.13677915736904
15.316946681371807,35.48674388296431
25.24223396565843,29.129417648238974
7.480006875182914,94.365499188135
96.31782905337961,25.536925197154922
8.605301247333848,68.71444174309481
80.25701310340125,25.884345887864903
65.2878601097121,25.946680201302463
8.569490945036451,79.45518828338781
63.378601630476325,26.073629221486488
56.06165386464978,26.245609929010097
8.731183085346272,65.70382273915737
92.2714489779185,25.570368732915206
86.05663267950459,25.608064381148786
47.83382369567167,26.63694350726241
53.20076168323361,26.35880096581274
81.55361421055483,25.686893361333343
8.744308777070971,61.9898327878757
86.03378799288336,25.634428294406817
8.046549993441818,85.51246886490514
36.66487720244406,27.520910547158998
27.63186719160671,28.686253243457454
40.70155264177488,27.398843207192396
9.543081551392866,56.43637684343612
8.676066025310448,67.038736393428
33.78537618495104,28.27304887920772
10.510800724446486,51.30009969687088
25.24223396565843,29.129417648238974
8.470560194963822,80.74403632717153
7.679420086534418,89.26002927414532
7.764101679852479,86.90876641669195
11.613672913688198,47.4867148961448
8.098324931135032,83.4359712909399
10.695202139505257,50.1871548878536
7.648568127179793,91.55771283997073
7.650191999365582,89.57486881802568
55.06158518963408,26.264693976590053
31.017883545489738,28.369263483354654
9.91108821215327,54.52437553276886
14.900674215891895,36.78992965738388
46.37196964624571,26.75094224885699
22.486499641067873,29.659877135402493
25.063141011216597,29.56522678980481
10.198353234462374,52.733641665411824
7.592105069597534,91.87586945291613
13.21108298714051,41.0185188054856
21.420732210326975,30.027226712124936
7.513034982712752,93.49229862864425
8.410306163342671,82.13911099944322
11.988281155671393,44.950348878415824
14.408211956826758,39.143666338844724
92.38239243389782,25.569585725510038
9.242409986675984,57.59001966081472
14.023882549891402,39.82076759997108
12.540163190964012,43.800154906406554
36.658139567845204,27.628494901293774
10.945170191084147,49.15620168682589
13.78619938408029,40.511763301236556
94.69527008267096,25.555596159127486
14.489592145292017,37.528521058154645
42.40139020752471,27.30096898910038
34.541811644268996,27.72131532967257
8.7452435329828,60.873894384072464
9.086283504327469,59.06485016593784
12.73390641946711,43.08940422109539
14.424664893430098,38.218890250414645
16.50379918234946,33.261143647147634
15.175374785933158,35.88357327832772
44.47745929416743,26.902775276087656
7.939896108037156,86.75059440285392
13.111397171520176,41.9913909938626
11.12542814952692,48.5887585762069
65.14422939512136,26.026356957331842
10.01671604028523,53.7622234372969
53.201836068910964,26.34072723476658
18.88068558262274,30.714655399755525
11.65617279218744,46.305301711945724
16.273156856579746,34.41772065858601
13.07015226678169,42.503955589458386
9.377770233878206,57.40472973900235
29.48589096800794,28.50629464787359
40.73711849205689,27.306256997676734
8.569328881385301,79.4784887739811
19.493963085265776,30.55769484183329
11.70327996609079,46.08152724353248
16.450470801982153,34.03532357530092
31.01732426825938,28.3876649855481
94.70126415716177,25.553994827231143
47.03357283740006,26.710189658720076
22.39073720494064,29.666884223491664
15.788064303279942,34.91768872461458
8.830935557155044,60.327053013978514
10.141169071059931,53.13677915736904
20.092016919256192,30.290283277920263
8.935416955122117,59.851831268185904
34.05435673870627,27.775919243497246
15.316946681371807,35.48674388296431
8.744506819169292,61.972226346620424
8.38785442013664,82.6119735497459
28.872379202349386,28.59618599873424
8.379908502939518,83.2191046470154
16.82216568296819,32.46261172141489
17.19685874955527,31.784108748998
99.21247640096313,25.50788545142721
7.480006875182914,94.365499188135
8.465373025946347,72.23283084555534
76.28263198737069,25.858597864783178
8.425063596991173,82.04903364530162
65.2878601097121,25.946680201302463
63.378601630476325,26.073629221486488
56.06165386464978,26.245609929010097
8.731183085346272,65.70382273915737
81.55361421055483,25.686893361333343
92.2714489779185,25.570368732915206
86.05663267950459,25.608064381148786
96.31782905337961,25.536925197154922
51.32250657214822,26.42593606800337
8.605301247333848,68.71444174309481
8.734257174055188,62.05483618145069
47.83382369567167,26.63694350726241
40.28256941371161,27.356591820371374
36.66487720244406,27.520910547158998
27.63186719160671,28.686253243457454
44.113996740944614,26.8253840640912
42.40139020752471,27.30096898910038
93.04394173497728,25.54930682598812
33.78537618495104,28.27304887920772
8.676066025310448,67.038736393428
7.679420086534418,89.26002927414532
83.16210010489495,25.666951078534264
7.764101679852479,86.90876641669195
12.540163190964012,43.800154906406554
21.420732210326975,30.027226712124936
7.648568127179793,91.55771283997073
10.695202139505257,50.1871548878536
7.650191999365582,89.57486881802568
55.06158518963408,26.264693976590053
25.24479013437365,29.08626079647085
86.03378799288336,25.634428294406817
9.086283504327469,59.06485016593784
31.017883545489738,28.369263483354654
9.698328277754658,55.180182944517796
11.12542814952692,48.5887585762069
18.88068558262274,30.714655399755525
8.088872687500885,84.16847293062139
10.198353234462374,52.733641665411824
16.82216568296819,32.46261172141489
20.092016919256192,30.290283277920263
9.543081551392866,56.43637684343612
10.945170191084147,49.15620168682589
14.408211956826758,39.143666338844724
23.564029709900044,29.464367194712917
11.613672913688198,47.4867148961448
34.541811644268996,27.72131532967257
16.50379918234946,33.261143647147634
14.023882549891402,39.82076759997108
29.48589096800794,28.50629464787359
17.557433036323175,31.261447839426264
13.78619938408029,40.511763301236556
36.2416978436278,27.554140162977856
15.788064303279942,34.91768872461458
14.489592145292017,37.528521058154645
45.829871330299255,26.800272096220827
12.73390641946711,43.08940422109539
14.424664893430098,38.218890250414645
7.530652666364407,92.72326117350784
10.510800724446486,51.30009969687088
9.91108821215327,54.52437553276886
40.73711849205689,27.306256997676734
25.24223396565843,29.129417648238974
8.046549993441818,85.51246886490514
11.70327996609079,46.08152724353248
9.188419349140307,57.849068506299005
28.872379202349386,28.59618599873424
11.988457689461496,44.94545131138039
10.01671604028523,53.7622234372969
65.14422939512136,26.026356957331842
8.7452435329828,60.873894384072464
8.619264666769539,68.40715625577016
53.20076168323361,26.35880096581274
53.201836068910964,26.34072723476658
13.111371487814596,41.98369017131246
15.175374785933158,35.88357327832772
13.07015226678169,42.503955589458386
16.273156856579746,34.41772065858601
11.988281155671393,44.950348878415824
19.493963085265776,30.55769484183329
16.450470801982153,34.03532357530092
8.935416955122117,59.851831268185904
8.036017997943759,85.76789617616282
31.01732426825938,28.3876649855481
7.592105069597534,91.87586945291613
10.62876698546335,51.24172438519493
82.50497206469515,25.674502003645653
14.900674215891895,36.78992965738388
46.779214892611726,26.699156114914626
11.650979694478215,47.11790782994136
22.39073720494064,29.666884223491664
10.141169071059931,53.13677915736904
17.19685874955527,31.784108748998
7.939896108037156,86.75059440285392
34.05435673870627,27.775919243497246
8.744506819169292,61.972226346620424
97.9418963323752,25.502107668617654
7.478973669855592,94.37666253710069
8.425063596991173,82.04903364530162
8.465373025946347,72.23283084555534
76.28263198737069,25.858597864783178
65.2878601097121,25.946680201302463
63.378601630476325,26.073629221486488
7.764101679852479,86.90876641669195
56.443853693348586,26.213999031495096
7.8946848964103395,83.49691923152547
8.731183085346272,65.70382273915737
92.14453669184532,25.605457196533216
86.05663267950459,25.608064381148786
51.32250657214822,26.42593606800337
77.9624529098787,25.83557313873512
44.113996740944614,26.8253840640912
96.31782905337961,25.536925197154922
8.734257174055188,62.05483618145069
8.480488462436996,71.84758745373632
40.34749815650814,27.18643393530926
36.66487720244406,27.520910547158998
8.566698282896096,68.72517770529217
40.28256941371161,27.356591820371374
31.85396261799832,28.20257167696816
81.45033822642911,25.71964415240684
47.84327195388832,26.610491709738195
13.78619938408029,40.511763301236556
83.16210010489495,25.666951078534264
23.564029709900044,29.464367194712917
8.676066025310448,67.038736393428
7.530652666364407,92.72326117350784
15.175374785933158,35.88357327832772
13.111371487814596,41.98369017131246
93.0442310678098,25.545313751893115
46.779214892611726,26.699156114914626
9.188419349140307,57.849068506299005
11.70327996609079,46.08152724353248
7.7170241870043,89.20709230120434
7.648568127179793,91.55771283997073
7.650191999365582,89.57486881802568
15.788064303279942,34.91768872461458
27.63186719160671,28.686253243457454
55.06158518963408,26.264693976590053
34.05435673870627,27.775919243497246
86.03097133441133,25.64088630924454
25.245454451502965,29.084136899465292
9.698328277754658,55.180182944517796
11.12542814952692,48.5887585762069
44.83907184176845,26.79854457188543
14.900674215891895,36.78992965738388
10.198353234462374,52.733641665411824
9.086283504327469,59.06485016593784
14.408211956826758,39.143666338844724
21.420732210326975,30.027226712124936
11.613672913688198,47.4867148961448
14.023882549891402,39.82076759997108
29.48589096800794,28.50629464787359
10.510800724446486,51.30009969687088
34.541811644268996,27.72131532967257
8.61733303345286,68.24565006320127
12.73390641946711,43.08940422109539
7.480006875182914,94.365499188135
14.424664893430098,38.218890250414645
9.91108821215327,54.52437553276886
25.160878516216528,29.10229519530104
22.39073720494064,29.666884223491664
65.14422939512136,26.026356957331842
10.945170191084147,49.15620168682589
11.988457689461496,44.94545131138039
12.540151617052407,43.80062820596292
9.405777411211735,56.86665775299452
10.01671604028523,53.7622234372969
53.20076168323361,26.35880096581274
28.872379202349386,28.59618599873424
53.201836068910964,26.34072723476658
9.543081551392866,56.43637684343612
11.650979694478215,47.11790782994136
8.931594471016854,59.683203526828066
36.24140844018498,27.558975137681266
10.695202139505257,50.1871548878536
13.07015226678169,42.503955589458386
16.450470801982153,34.03532357530092
16.273156856579746,34.41772065858601
20.092016919256192,30.290283277920263
11.988281155671393,44.950348878415824
17.19685874955527,31.784108748998
8.804387829638681,60.32006306887058
31.016921407302476,28.388011950900307
7.592105069597534,91.87586945291613
10.62876698546335,51.24172438519493
19.493963085265776,30.55769484183329
10.814908846448937,49.92650210614829
16.454416326089316,33.1669579964137
8.744506819169292,61.972226346620424
10.141169071059931,53.13677915736904
8.7452435329828,60.873894384072464
21.87143761648013,29.764499015494426
14.499101135667349,37.51990971097809
27.719524848125218,28.672329183324152
16.79181653329783,33.08747175706351
7.478973669855592,94.37666253710069
97.9418963323752,25.502107668617654
74.36501255323653,25.767658985098826
7.8946848964103395,83.49691923152547
8.284112207404819,73.57275063808692
65.2878601097121,25.946680201302463
63.378601630476325,26.073629221486488
56.443853693348586,26.213999031495096
81.44627690701101,25.720933637668335
86.05663267950459,25.608064381148786
92.14453669184532,25.605457196533216
51.26381720562902,26.421733324123338
8.734257174055188,62.05483618145069
7.764101679852479,86.90876641669195
8.731183085346272,65.70382273915737
81.9148184456458,25.645928930888513
7.812690403138966,85.60036818061414
8.480488462436996,71.84758745373632
43.621961227124785,26.901333218277394
86.03097133441133,25.64088630924454
8.555559578259027,68.80649557303903
40.34749815650814,27.18643393530926
39.33605557693451,27.366704882133806
96.31782905337961,25.536925197154922
48.12633953170977,26.580926570653116
7.7170241870043,89.20709230120434
36.66487720244406,27.520910547158998
34.05435673870627,27.775919243497246
93.0442310678098,25.545313751893115
8.676066025310448,67.038736393428
7.650191999365582,89.57486881802568
11.70327996609079,46.08152724353248
31.85396261799832,28.20257167696816
12.540151617052407,43.80062820596292
7.648568127179793,91.55771283997073
27.63186719160671,28.686253243457454
25.246675314665563,29.06359989234161
15.175374785933158,35.88357327832772
14.900674215891895,36.78992965738388
10.198353234462374,52.733641665411824
20.092016919256192,30.290283277920263
17.885183990618582,31.096357378022475
16.79181653329783,33.08747175706351
34.541811644268996,27.72131532967257
21.420732210326975,30.027226712124936
8.465373025946347,72.23283084555534
29.48589096800794,28.50629464787359
36.24140844018498,27.558975137681266
31.016921407302476,28.388011950900307
14.499101135667349,37.51990971097809
19.493963085265776,30.55769484183329
17.19685874955527,31.784108748998
8.7452435329828,60.873894384072464
14.424664893430098,38.218890250414645
9.698328277754658,55.180182944517796
7.514734552546485,93.14210796147806
10.509158125805666,51.301972478018946
11.12542814952692,48.5887585762069
13.204675737760212,41.692064784708855
13.729194116404521,40.67272359899165
9.543081551392866,56.43637684343612
22.39073720494064,29.666884223491664
23.93514437705919,29.340791955235286
46.61041071706789,26.720679211053497
11.988457689461496,44.94545131138039
10.01671604028523,53.7622234372969
53.20076168323361,26.35880096581274
9.188419349140307,57.849068506299005
53.201836068910964,26.34072723476658
23.564029709900044,29.464367194712917
55.06158518963408,26.264693976590053
11.613670582154763,47.48682757125408
11.650979694478215,47.11790782994136
9.086283504327469,59.06485016593784
15.54452580763425,35.06764716977961
44.839972785863765,26.795899849428235
14.023882549891402,39.82076759997108
10.695202139505257,50.1871548878536
64.33023660724646,26.034311944748865
16.450470801982153,34.03532357530092
10.945170191084147,49.15620168682589
8.731061127073646,65.70466069738659
14.408211956826758,39.143666338844724
16.273156856579746,34.41772065858601
11.985973380498967,44.978287442212014
9.91108821215327,54.52437553276886
8.804387829638681,60.32006306887058
7.530652666364407,92.72326117350784
8.931594471016854,59.683203526828066
96.76338174391365,25.520606942686967
13.07015226678169,42.503955589458386
7.480006875182914,94.365499188135
7.592105069597534,91.87586945291613
25.160878516216528,29.10229519530104
10.514342710459,51.089960946503396
8.63624762904839,68.06101422794521
10.814908846448937,49.92650210614829
16.454416326089316,33.1669579964137
8.744506819169292,61.972226346620424
10.141169071059931,53.13677915736904
7.478973669855592,94.37666253710069
97.9418963323752,25.502107668617654
74.36501255323653,25.767658985098826
8.25986459663828,81.455287487374
65.2878601097121,25.946680201302463
8.272919533705007,73.73423701609232
56.443853693348586,26.213999031495096
63.378601630476325,26.073629221486488
81.43995737596777,25.73596944086228
91.90428601272366,25.605757826435944
7.8946848964103395,83.49691923152547
86.05663267950459,25.608064381148786
8.555559578259027,68.80649557303903
48.12633953170977,26.580926570653116
7.764101679852479,86.90876641669195
8.732377653254783,62.057908592690424
8.731183085346272,65.70382273915737
7.812690403138966,85.60036818061414
8.480488462436996,71.84758745373632
93.0442310678098,25.545313751893115
82.14246915657277,25.644933884828234
86.03097133441133,25.64088630924454
40.19771942064995,27.167252958663354
43.336724104438474,27.104162375448322
96.31782905337961,25.536925197154922
7.7170241870043,89.20709230120434
51.257724298801946,26.43948231331722
55.06158518963408,26.264693976590053
13.32128909221313,40.649059501467356
19.352135664584605,30.533179691603607
7.650191999365582,89.57486881802568
7.648568127179793,91.55771283997073
14.023882549891402,39.82076759997108
15.54452580763425,35.06764716977961
13.07015226678169,42.503955589458386
27.465413507158306,28.84953874132361
9.698328277754658,55.180182944517796
39.2765273011262,27.405827869438205
17.885183990618582,31.096357378022475
36.683960190276636,27.518378446044363
32.84182690419288,27.89157056882841
13.204675737760212,41.692064784708855
25.246675314665563,29.06359989234161
44.839972785863765,26.795899849428235
29.48589096800794,28.50629464787359
14.408211956826758,39.143666338844724
31.85396261799832,28.20257167696816
8.63624762904839,68.06101422794521
34.541811644268996,27.72131532967257
46.61041071706789,26.720679211053497
16.273156856579746,34.41772065858601
12.560601993250623,43.42214782391619
8.7452435329828,60.873894384072464
31.016921407302476,28.388011950900307
10.509158125805666,51.301972478018946
9.4322372703763,56.60413729658229
10.20156997331963,52.532295391458874
9.91108821215327,54.52437553276886
11.58379402996924,47.533048001161845
11.12542814952692,48.5887585762069
21.420732210326975,30.027226712124936
9.543081551392866,56.43637684343612
16.99685151993445,32.276528356239716
27.634831283939555,28.636193195409824
23.93514437705919,29.340791955235286
12.385026863018275,44.24738974251335
10.01671604028523,53.7622234372969
51.26381720562902,26.421733324123338
53.20076168323361,26.35880096581274
64.33023660724646,26.034311944748865
53.201836068910964,26.34072723476658
8.465373025946347,72.23283084555534
23.564029709900044,29.464367194712917
8.387926917438993,73.28505565562608
22.39073720494064,29.666884223491664
34.05435673870627,27.775919243497246
36.165154878251464,27.58153836975843
43.621961227124785,26.901333218277394
9.188575610864824,57.83688803899281
45.97584205911505,26.72988737636634
10.695202139505257,50.1871548878536
8.676066025310448,67.038736393428
16.450470801982153,34.03532357530092
8.6825367380359,66.70730511580112
7.514734552546485,93.14210796147806
10.945170191084147,49.15620168682589
11.737431214244843,45.86948347417463
11.70327996609079,46.08152724353248
16.79181653329783,33.08747175706351
11.650979694478215,47.11790782994136
9.141095910372032,58.48871019404825
29.9432529001543,28.441629296361498
25.160878516216528,29.10229519530104
20.464757196177814,30.19915273027574
96.76338174391365,25.520606942686967
7.480006875182914,94.365499188135
10.514342710459,51.089960946503396
7.592105069597534,91.87586945291613
10.814908846448937,49.92650210614829
7.530652666364407,92.72326117350784
7.478973669855592,94.37666253710069
97.9418963323752,25.502107668617654
8.25986459663828,81.455287487374
8.26986964746272,73.81242752240118
65.28958681554622,25.920970376364803
74.36501255323653,25.767658985098826
15.54452580763425,35.06764716977961
81.43995737596777,25.73596944086228
14.408211956826758,39.143666338844724
63.378601630476325,26.073629221486488
56.923452284893614,26.19369460390134
74.36642654049186,25.764108955348505
8.480488462436996,71.84758745373632
8.531791390666541,66.88376452774635
91.90428601272366,25.605757826435944
8.732377653254783,62.057908592690424
8.731183085346272,65.70382273915737
86.05663267950459,25.608064381148786
82.14246915657277,25.644933884828234
48.12633953170977,26.580926570653116
52.929096370120355,26.322597096343305
86.03097133441133,25.64088630924454
93.0442310678098,25.545313751893115
7.812690403138966,85.60036818061414
96.31782905337961,25.536925197154922
19.352135664584605,30.533179691603607
55.06158518963408,26.264693976590053
36.683960190276636,27.518378446044363
50.34634618777127,26.50370948923109
40.19771942064995,27.167252958663354
43.336250508518674,27.10562421108153
7.650191999365582,89.57486881802568
7.7170241870043,89.20709230120434
11.737431214244843,45.86948347417463
7.648568127179793,91.55771283997073
7.764101679852479,86.90876641669195
10.20156997331963,52.532295391458874
8.057606393093625,82.09835076833718
12.385026863018275,44.24738974251335
22.39073720494064,29.666884223491664
27.465413507158306,28.84953874132361
9.698328277754658,55.180182944517796
16.79181653329783,33.08747175706351
7.893033343064839,83.65534261631751
13.32128909221313,40.649059501467356
11.12542814952692,48.5887585762069
39.2765273011262,27.405827869438205
13.10004516881703,41.25129494437361
16.99685151993445,32.276528356239716
25.246675314665563,29.06359989234161
8.988746761791967,59.521060519368405
44.839972785863765,26.795899849428235
8.7452435329828,60.873894384072464
11.58379402996924,47.533048001161845
17.499892009677144,31.5953700565496
9.141095910372032,58.48871019404825
36.165154878251464,27.58153836975843
46.61041071706789,26.720679211053497
13.07015226678169,42.503955589458386
16.450470801982153,34.03532357530092
16.273156856579746,34.41772065858601
20.418408855410085,30.189100020446432
31.016921407302476,28.388011950900307
10.509158125805666,51.301972478018946
17.88706350008467,31.086778492366225
9.91108821215327,54.52437553276886
9.543081551392866,56.43637684343612
29.48589096800794,28.50629464787359
10.945170191084147,49.15620168682589
11.650979694478215,47.11790782994136
28.05112541379441,28.585651377192463
8.818414867145083,60.24647695216721
7.896610011060194,83.42685195656932
23.564029709900044,29.464367194712917
21.420732210326975,30.027226712124936
9.188575610864824,57.83688803899281
34.05435673870627,27.775919243497246
43.621961227124785,26.901333218277394
45.97584205911505,26.72988737636634
10.695202139505257,50.1871548878536
51.26381720562902,26.421733324123338
34.541811644268996,27.72131532967257
10.182313252011305,53.30562962888124
14.023882549891402,39.82076759997108
9.35737094728452,57.17943805346016
7.80525068989312,86.48360431426404
8.6825367380359,66.70730511580112
7.530652666364407,92.72326117350784
11.70327996609079,46.08152724353248
12.806709791506625,42.80996334559685
64.33023660724646,26.034311944748865
29.9432529001543,28.441629296361498
96.76338174391365,25.520606942686967
10.514342710459,51.089960946503396
7.592105069597534,91.87586945291613
7.4814045776124045,93.92251876658955
7.514734552546485,93.14210796147806
25.160878516216528,29.10229519530104
10.814908846448937,49.92650210614829
23.945742127552265,29.294433003363697
7.478503565762951,94.39322453539927
97.9418963323752,25.502107668617654
8.057606393093625,82.09835076833718
8.238859381201971,74.43206785841703
65.28958681554622,25.920970376364803
74.36501255323653,25.767658985098826
8.480488462436996,71.84758745373632
63.378601630476325,26.073629221486488
81.43921429856347,25.746655836053442
74.36642654049186,25.764108955348505
8.531791390666541,66.88376452774635
56.923452284893614,26.19369460390134
14.626576933876434,38.47642755084832
8.689141486844337,62.68639411554089
15.54452580763425,35.06764716977961
86.44751078198209,25.605781071891762
8.6825367380359,66.70730511580112
91.90428601272366,25.605757826435944
31.016921407302476,28.388011950900307
96.76338174391365,25.520606942686967
40.19771942064995,27.167252958663354
34.05435673870627,27.775919243497246
48.12633953170977,26.580926570653116
39.2765273011262,27.405827869438205
85.02267846203421,25.620917883396288
7.812690403138966,85.60036818061414
93.11550967899635,25.52296383154182
82.14009487955926,25.644585393497092
7.764101679852479,86.90876641669195
7.7170241870043,89.20709230120434
27.465413507158306,28.84953874132361
50.34634618777127,26.50370948923109
36.683960190276636,27.518378446044363
55.06158518963408,26.264693976590053
43.336250508518674,27.10562421108153
7.650191999365582,89.57486881802568
12.385026863018275,44.24738974251335
7.648568127179793,91.55771283997073
12.806709791506625,42.80996334559685
9.543081551392866,56.43637684343612
10.20156997331963,52.532295391458874
9.858823244503004,54.49266337535057
7.893033343064839,83.65534261631751
10.182313252011305,53.30562962888124
9.698328277754658,55.180182944517796
13.32128909221313,40.649059501467356
8.30581117502043,72.73785781130343
14.023882549891402,39.82076759997108
20.418408855410085,30.189100020446432
13.10004516881703,41.25129494437361
21.420732210326975,30.027226712124936
25.246675314665563,29.06359989234161
44.839972785863765,26.795899849428235
11.12542814952692,48.5887585762069
16.273156856579746,34.41772065858601
52.929096370120355,26.322597096343305
8.950983821344984,59.36019027093228
51.26381720562902,26.421733324123338
28.05112541379441,28.585651377192463
11.58379402996924,47.533048001161845
8.732377653254783,62.057908592690424
36.165154878251464,27.58153836975843
34.541811644268996,27.72131532967257
46.61041071706789,26.720679211053497
13.07015226678169,42.503955589458386
8.26986964746272,73.81242752240118
16.377932406722007,33.28694983618392
9.141095910372032,58.48871019404825
7.896610011060194,83.42685195656932
10.509158125805666,51.301972478018946
9.35737094728452,57.17943805346016
22.39073720494064,29.666884223491664
12.22600986479377,44.74502745518329
29.48589096800794,28.50629464787359
23.945742127552265,29.294433003363697
10.942067041261135,49.00532701165151
11.650979694478215,47.11790782994136
11.854246400188892,45.43302037815511
9.188575610864824,57.83688803899281
56.08767037939396,26.224082894155035
45.97584205911505,26.72988737636634
16.79181653329783,33.08747175706351
64.33023660724646,26.034311944748865
10.695202139505257,50.1871548878536
10.814908846448937,49.92650210614829
52.62035091470641,26.33510952827283
43.621961227124785,26.901333218277394
7.80525068989312,86.48360431426404
7.530652666364407,92.72326117350784
11.70327996609079,46.08152724353248
29.9432529001543,28.441629296361498
7.4814045776124045,93.92251876658955
10.514342710459,51.089960946503396
7.592105069597534,91.87586945291613
8.7452435329828,60.873894384072464
7.514734552546485,93.14210796147806
25.160878516216528,29.10229519530104
15.783773386601155,34.79455000855382
18.46538895282617,30.853439202810225
19.354310548822586,30.522800188370542
97.9419059993679,25.502086880526107
7.478503565762951,94.39322453539927
8.057606393093625,82.09835076833718
93.11550967899635,25.52296383154182
8.238859381201971,74.43206785841703
72.68884634451561,25.796939712206132
65.28958681554622,25.920970376364803
85.05470505229962,25.600188786307815
8.480488462436996,71.84758745373632
77.45033441694946,25.723244326939355
8.531791390666541,66.88376452774635
60.48446209001527,26.146051813592273
8.6825367380359,66.70730511580112
8.689141486844337,62.68639411554089
14.862037257211476,36.529568219828626
81.6353219325425,25.663226270372068
63.29302269067922,26.028878670837386
14.023882549891402,39.82076759997108
8.7452435329828,60.873894384072464
32.077995429697246,28.269636253920233
12.806709791506625,42.80996334559685
96.76319956899593,25.521001141540356
56.923452284893614,26.19369460390134
7.7170241870043,89.20709230120434
8.946112612294732,59.2591299340437
7.764101679852479,86.90876641669195
50.34634618777127,26.50370948923109
17.250586941356037,31.654364131809132
40.69503587194178,27.105494610523728
43.33796914837812,27.07747921751019
74.36642654049186,25.764108955348505
12.385026863018275,44.24738974251335
7.648568127179793,91.55771283997073
16.79181653329783,33.08747175706351
85.02267846203421,25.620917883396288
9.543081551392866,56.43637684343612
10.20156997331963,52.532295391458874
27.465413507158306,28.84953874132361
10.182313252011305,53.30562962888124
82.14009487955926,25.644585393497092
22.39073720494064,29.666884223491664
9.858823244503004,54.49266337535057
13.32128909221313,40.649059501467356
14.747129736352381,38.46343439117088
8.30581117502043,72.73785781130343
37.56650892072778,27.430785482408204
48.12633953170977,26.580926570653116
20.418408855410085,30.189100020446432
7.650191999365582,89.57486881802568
21.420732210326975,30.027226712124936
7.812690403138966,85.60036818061414
34.052566607716706,27.80607506715729
15.542096885864332,35.12611526985456
44.839972785863765,26.795899849428235
11.12542814952692,48.5887585762069
25.246675314665563,29.06359989234161
7.853987163500003,84.51023165941896
14.626576933876434,38.47642755084832
51.26381720562902,26.421733324123338
11.58379402996924,47.533048001161845
11.70327996609079,46.08152724353248
52.929096370120355,26.322597096343305
34.541811644268996,27.72131532967257
8.26986964746272,73.81242752240118
11.854246400188892,45.43302037815511
8.732377653254783,62.057908592690424
16.111217450543194,33.9343728613202
7.896610011060194,83.42685195656932
10.509158125805666,51.301972478018946
54.983608882219585,26.309127055694358
13.004931784061181,41.92154728780944
64.65232314294383,25.958611567688315
9.141095910372032,58.48871019404825
12.22600986479377,44.74502745518329
29.48589096800794,28.50629464787359
10.942067041261135,49.00532701165151
23.596523812275628,29.496296012858156
28.05112541379441,28.585651377192463
11.650979694478215,47.11790782994136
19.354310548822586,30.522800188370542
56.08767037939396,26.224082894155035
46.61041071706789,26.720679211053497
9.698328277754658,55.180182944517796
39.2765273011262,27.405827869438205
43.621961227124785,26.901333218277394
45.97584205911505,26.72988737636634
10.695202139505257,50.1871548878536
36.165154878251464,27.58153836975843
10.814908846448937,49.92650210614829
52.62035091470641,26.33510952827283
16.377932406722007,33.28694983618392
7.530652666364407,92.72326117350784
74.36039235482185,25.77925683361901
47.87555289342918,26.694332382168696
29.9432529001543,28.441629296361498
7.4814045776124045,93.92251876658955
40.19771942064995,27.167252958663354
10.514342710459,51.089960946503396
7.592105069597534,91.87586945291613
7.514734552546485,93.14210796147806
7.4670701142245886,94.69611345418323
97.94191277826658,25.501995237109824
93.11550967899635,25.52296383154182
8.0818414323943,81.72459209740128
8.237498367934764,74.43556206232886
85.05470505229962,25.600188786307815
8.372522867680773,71.03440052248904
71.94490458007732,25.810917456459073
80.61131668506339,25.64115487247305
65.28960547399991,25.920920096149786
8.689141486844337,62.68639411554089
8.531791390666541,66.88376452774635
8.6825367380359,66.70730511580112
14.862037257211476,36.529568219828626
96.76319956899593,25.521001141540356
25.246675314665563,29.06359989234161
13.32128909221313,40.649059501467356
84.74725150427304,25.617037514314905
63.29302269067922,26.028878670837386
13.95011475994909,39.090762465213835
8.30581117502043,72.73785781130343
56.923452284893614,26.19369460390134
23.596523812275628,29.496296012858156
60.48446209001527,26.146051813592273
27.465413507158306,28.84953874132361
77.45033441694946,25.723244326939355
9.141095910372032,58.48871019404825
11.58379402996924,47.533048001161845
16.111217450543194,33.9343728613202
7.812690403138966,85.60036818061414
77.39731410156705,25.728941283670874
9.393843497390362,56.60358717410148
74.36750619225455,25.748571115012997
7.648568127179793,91.55771283997073
43.33796914837812,27.07747921751019
7.764098269790403,86.90925414443895
7.7170241870043,89.20709230120434
16.79181653329783,33.08747175706351
34.052566607716706,27.80607506715729
39.2765273011262,27.405827869438205
60.49133549814944,26.14313606654905
9.858823244503004,54.49266337535057
7.853987163500003,84.51023165941896
29.9432529001543,28.441629296361498
9.698328277754658,55.180182944517796
14.747129736352381,38.46343439117088
54.983608882219585,26.309127055694358
48.12633953170977,26.580926570653116
20.418408855410085,30.189100020446432
40.69772587007543,27.097098598185855
32.077995429697246,28.269636253920233
7.650191999365582,89.57486881802568
15.515097016973112,35.184488661309196
28.05112541379441,28.585651377192463
72.68884634451561,25.796939712206132
51.26381720562902,26.421733324123338
8.732377653254783,62.057908592690424
21.420732210326975,30.027226712124936
12.806709791506625,42.80996334559685
52.929096370120355,26.322597096343305
50.34634618777127,26.50370948923109
32.07246591210893,28.282943366936344
17.250586941356037,31.654364131809132
12.79032113425495,43.69127524580964
8.26986964746272,73.81242752240118
8.76182701357798,60.472772483503235
15.542096885864332,35.12611526985456
18.92856633505499,30.686233923461433
9.543081551392866,56.43637684343612
19.354310548822586,30.522800188370542
8.7452435329828,60.873894384072464
13.004931784061181,41.92154728780944
12.22600986479377,44.74502745518329
29.48589096800794,28.50629464787359
11.12542814952692,48.5887585762069
11.59540730750759,46.461095685272944
64.65232314294383,25.958611567688315
10.509158125805666,51.301972478018946
34.541811644268996,27.72131532967257
46.61041071706789,26.720679211053497
12.385026863018275,44.24738974251335
10.182313252011305,53.30562962888124
10.272878573789283,52.43348272531942
7.899229088611986,83.35025506621305
45.97584205911505,26.72988737636634
43.49751644034447,26.89791816568009
10.942067041261135,49.00532701165151
36.165154878251464,27.58153836975843
40.19771942064995,27.167252958663354
8.057606393093625,82.09835076833718
52.62035091470641,26.33510952827283
10.814908846448937,49.92650210614829
16.377932406722007,33.28694983618392
8.944737586640548,59.290629676007484
7.764101679852479,86.90876641669195
37.56650892072778,27.430785482408204
7.530652666364407,92.72326117350784
74.36039235482185,25.77925683361901
47.87555289342918,26.694332382168696
17.93160809857183,31.101087074015478
7.440144150177286,94.98873508694422
99.5097449211847,25.49372587214226
8.237498367934764,74.43556206232886
8.0818414323943,81.72459209740128
71.94490458007732,25.810917456459073
65.28960547399991,25.920920096149786
80.61131668506339,25.64115487247305
88.91344877754607,25.567247889477716
8.689141486844337,62.68639411554089
8.41623677808548,70.65909361527352
8.6825367380359,66.70730511580112
8.531791390666541,66.88376452774635
7.650191999365582,89.57486881802568
84.74725150427304,25.617037514314905
63.29302269067922,26.028878670837386
93.11550967899635,25.52296383154182
7.648568127179793,91.55771283997073
13.95011475994909,39.090762465213835
92.42586752376498,25.554640410389364
85.05470505229962,25.600188786307815
14.747129736352381,38.46343439117088
54.983608882219585,26.309127055694358
10.509158125805666,51.301972478018946
96.76319956899593,25.521001141540356
7.7167689055790385,88.14571512832104
56.923452284893614,26.19369460390134
60.48446209001527,26.146051813592273
37.56650892072778,27.430785482408204
10.814908846448937,49.92650210614829
36.165154878251464,27.58153836975843
50.34634618777127,26.50370948923109
77.45033441694946,25.723244326939355
11.59540730750759,46.461095685272944
40.69772587007543,27.097098598185855
7.812690403138966,85.60036818061414
43.33796914837812,27.07747921751019
76.17961487988732,25.738890989753138
8.944737586640548,59.290629676007484
60.49133549814944,26.14313606654905
10.272878573789283,52.43348272531942
12.225543829418102,44.751081155239575
9.698328277754658,55.180182944517796
21.566975754224135,29.85554612084618
26.820627568235036,28.835446227254877
10.063724079037227,53.163988518291994
9.14145280327071,58.48083041767562
97.94191277826658,25.501995237109824
9.393843497390362,56.60358717410148
45.734241615133676,26.86505628205417
13.340779626099993,40.63448861900377
43.49751644034447,26.89791816568009
14.861653439006277,36.63522084394651
7.492168100016001,92.99502505955145
34.052566607716706,27.80607506715729
32.077995429697246,28.269636253920233
11.12542814952692,48.5887585762069
16.79181653329783,33.08747175706351
23.566308229471574,29.503039413761964
51.26381720562902,26.421733324123338
72.68884634451561,25.796939712206132
52.929096370120355,26.322597096343305
48.12633953170977,26.580926570653116
34.541811644268996,27.72131532967257
17.130495485939484,31.96147301088627
15.376557816703357,36.23072240124023
30.105913621622474,28.298159029075645
8.057606393093625,82.09835076833718
8.307217029970543,72.73440894447393
8.372054941898169,71.03548803677901
8.76182701357798,60.472772483503235
12.806709791506625,42.80996334559685
7.467119154229422,94.69082322214044
23.596523812275628,29.496296012858156
25.246675314665563,29.06359989234161
13.004931784061181,41.92154728780944
16.111217450543194,33.9343728613202
39.262387462917125,27.22794594806831
8.26986964746272,73.81242752240118
9.543081551392866,56.43637684343612
18.92856633505499,30.686233923461433
7.899229088611986,83.35025506621305
64.65232314294383,25.958611567688315
8.7452435329828,60.873894384072464
56.92082006286321,26.201802175096127
10.942067041261135,49.00532701165151
7.530652666364407,92.72326117350784
28.812628448798872,28.470390522803733
13.32128909221313,40.649059501467356
32.07246591210893,28.282943366936344
7.853987163500003,84.51023165941896
17.93160809857183,31.101087074015478
9.905417098026236,54.25109956366377
8.732377653254783,62.057908592690424
12.385026863018275,44.24738974251335
46.61041071706789,26.720679211053497
25.249550979847196,29.05132584732492
11.575684038326802,47.575857723214476
74.36750619225455,25.748571115012997
16.001920224346726,34.683055757146704
16.377932406722007,33.28694983618392
99.49754895750544,25.48579820623652
7.440144150177286,94.98873508694422
8.0818414323943,81.72459209740128
8.237498367934764,74.43556206232886
71.02338602320434,25.85325557111528
65.28960547399991,25.920920096149786
8.689141486844337,62.68639411554089
8.682631249322688,66.69820632483292
18.90523814433326,30.68511356171478
8.531791390666541,66.88376452774635
93.11550967899635,25.52296383154182
8.455186100851762,70.3650717047401
96.76319956899593,25.521001141540356
7.812690403138966,85.60036818061414
21.566975754224135,29.85554612084618
7.650191999365582,89.57486881802568
40.69772587007543,27.097098598185855
61.364699927459725,26.016823677697587
26.820627568235036,28.835446227254877
7.648568127179793,91.55771283997073
91.84001075487618,25.553484872049943
83.82147959199837,25.617690741014737
85.05470505229962,25.600188786307815
64.65232314294383,25.958611567688315
48.12633953170977,26.580926570653116
28.812628448798872,28.470390522803733
88.83027190979456,25.57983165158885
52.929096370120355,26.322597096343305
13.95011475994909,39.090762465213835
77.45033441694946,25.723244326939355
46.61041071706789,26.720679211053497
8.307217029970543,72.73440894447393
16.001920224346726,34.683055757146704
15.376557816703357,36.23072240124023
12.806709791506625,42.80996334559685
56.9903931880856,26.160432796113344
14.861653439006277,36.63522084394651
74.36750619225455,25.748571115012997
39.262387462917125,27.22794594806831
60.48446209001527,26.146051813592273
30.105913621622474,28.298159029075645
7.776870123483408,88.00708354260303
9.14145280327071,58.48083041767562
36.165154878251464,27.58153836975843
13.004931784061181,41.92154728780944
44.646389138212555,26.81486921234276
11.575684038326802,47.575857723214476
79.91610156180164,25.694990910177385
9.698328277754658,55.180182944517796
80.61131668506339,25.64115487247305
12.385026863018275,44.24738974251335
76.17961487988732,25.738890989753138
8.372054941898169,71.03548803677901
54.97669628756291,26.300718421095013
43.3285578334365,26.936283826295018
88.91344877754607,25.567247889477716
9.905417098026236,54.25109956366377
17.130495485939484,31.96147301088627
8.944737586640548,59.290629676007484
14.747129736352381,38.46343439117088
12.225543829418102,44.751081155239575
11.59541230218517,46.460859412746466
10.063724079037227,53.163988518291994
9.35588852228412,57.01817012269359
7.853987163500003,84.51023165941896
7.492168100016001,92.99502505955145
13.342212144725938,40.61930579697749
50.34634618777127,26.50370948923109
32.41713062484528,27.978482916345257
11.12542814952692,48.5887585762069
72.68884634451561,25.796939712206132
7.467119154229422,94.69082322214044
22.226464552611084,29.648829015337878
34.052566607716706,27.80607506715729
34.541811644268996,27.72131532967257
10.509158125805666,51.301972478018946
10.814908846448937,49.92650210614829
8.057606393093625,82.09835076833718
8.76182701357798,60.472772483503235
8.26986964746272,73.81242752240118
16.111217450543194,33.9343728613202
24.370680200757047,29.23693913501122
7.7167689055790385,88.14571512832104
9.543081551392866,56.43637684343612
7.899229088611986,83.35025506621305
51.26381720562902,26.421733324123338
55.9095104734465,26.238760604345664
7.530652666364407,92.72326117350784
8.7452435329828,60.873894384072464
13.32128909221313,40.649059501467356
32.07246591210893,28.282943366936344
37.567429743600464,27.4151709200049
10.272878573789283,52.43348272531942
16.79181653329783,33.08747175706351
25.265558857290163,29.039867958521576
10.942067041261135,49.00532701165151
16.377932406722007,33.28694983618392
71.94490458007732,25.810917456459073
14.644340169630825,38.734325734015485
37.56650892072778,27.430785482408204
7.440144150177286,94.98873508694422
99.49826911090277,25.483600420043242
8.237498367934764,74.43556206232886
8.08523152796177,81.64012097676581
8.689141486844337,62.68639411554089
96.76319956899593,25.521001141540356
67.81121233309207,25.857316468937267
8.682631249322688,66.69820632483292
8.489958201557863,68.22921606463808
83.82147959199837,25.617690741014737
79.91610156180164,25.694990910177385
43.3285578334365,26.936283826295018
71.02338602320434,25.85325557111528
21.566975754224135,29.85554612084618
93.11550967899635,25.52296383154182
64.65232314294383,25.958611567688315
7.650191999365582,89.57486881802568
80.61131668506339,25.64115487247305
48.12633953170977,26.580926570653116
24.370680200757047,29.23693913501122
8.455186100851762,70.3650717047401
91.84001075487618,25.553484872049943
85.4666835977585,25.59023941403625
13.95011475994909,39.090762465213835
76.34340051498985,25.713270596357415
58.640698584874144,26.104226943444957
16.001920224346726,34.683055757146704
19.020655786163445,30.65477521326275
15.376557816703357,36.23072240124023
7.599621364653176,91.11058307451084
14.861653439006277,36.63522084394651
44.646389138212555,26.81486921234276
61.364699927459725,26.016823677697587
7.776870123483408,88.00708354260303
88.83027190979456,25.57983165158885
36.165154878251464,27.58153836975843
7.899229088611986,83.35025506621305
50.34634618777127,26.50370948923109
65.28960547399991,25.920920096149786
7.8079301995859955,85.61634127277308
10.814908846448937,49.92650210614829
12.225543829418102,44.751081155239575
22.226464552611084,29.648829015337878
8.7452435329828,60.873894384072464
14.747129736352381,38.46343439117088
88.91344877754607,25.567247889477716
25.265558857290163,29.039867958521576
10.272878573789283,52.43348272531942
56.9903931880856,26.160432796113344
40.69772587007543,27.097098598185855
11.877998722181088,46.198153287518174
99.49754895750544,25.48579820623652
10.063724079037227,53.163988518291994
9.543081551392866,56.43637684343612
60.630676228327815,26.05172641936859
13.342212144725938,40.61930579697749
7.467119154229422,94.69082322214044
7.492168100016001,92.99502505955145
74.36750619225455,25.748571115012997
39.262387462917125,27.22794594806831
32.41713062484528,27.978482916345257
11.12542814952692,48.5887585762069
27.149403553839978,28.71559997174509
34.052566607716706,27.80607506715729
16.79181653329783,33.08747175706351
34.541811644268996,27.72131532967257
8.057606393093625,82.09835076833718
8.345756168030784,71.62880243391962
26.76139734461698,28.798174193768425
46.61041071706789,26.720679211053497
16.111217450543194,33.9343728613202
7.554318389469515,92.26809512234959
7.7167689055790385,88.14571512832104
12.752300758758341,42.969228312562954
55.9095104734465,26.238760604345664
30.105913621622474,28.298159029075645
51.26381720562902,26.421733324123338
10.512513905014067,51.10285305191814
9.14145280327071,58.48083041767562
11.59541230218517,46.460859412746466
10.942067041261135,49.00532701165151
54.97669628756291,26.300718421095013
52.929096370120355,26.322597096343305
12.387236685767892,44.15556191568606
32.07246591210893,28.282943366936344
76.17961487988732,25.738890989753138
28.812628448798872,28.470390522803733
10.509158125805666,51.301972478018946
13.013180666528982,41.82825009403731
37.567429743600464,27.4151709200049
13.32128909221313,40.649059501467356
8.307217029970543,72.73440894447393
18.435526482841126,30.871008432632454
8.26986964746272,73.81242752240118
11.575684038326802,47.575857723214476
8.522565394212137,66.90762607956057
9.698241876638342,55.182961939452774
16.377932406722007,33.28694983618392
52.318477389569836,26.348726615381697
17.104836422387027,31.99695209836496
99.49826911090277,25.483600420043242
7.439923505190688,95.36269991910946
8.237498367934764,74.43556206232886
8.08523419703521,81.63977712625035
93.11550967899635,25.52296383154182
8.689141486844337,62.68639411554089
96.76319956899593,25.521001141540356
7.8079301995859955,85.61634127277308
8.682631249322688,66.69820632483292
74.36750619225455,25.748571115012997
80.61131668506339,25.64115487247305
9.698241876638342,55.182961939452774
8.489958201557863,68.22921606463808
8.455186100851762,70.3650717047401
78.78737247473397,25.679982902175862
8.7452435329828,60.873894384072464
14.747129736352381,38.46343439117088
48.12633953170977,26.580926570653116
9.14145280327071,58.48083041767562
7.650191999365582,89.57486881802568
46.61041071706789,26.720679211053497
43.3285578334365,26.936283826295018
16.001920224346726,34.683055757146704
12.752300758758341,42.969228312562954
67.81121233309207,25.857316468937267
13.013180666528982,41.82825009403731
19.385375411406258,30.52750432219546
37.567429743600464,27.4151709200049
8.992970712463258,59.0712170265125
39.262387462917125,27.22794594806831
90.83449638187336,25.540520346614088
30.105913621622474,28.298159029075645
28.812628448798872,28.470390522803733
71.09376721426757,25.807935259687046
15.376557816703357,36.23072240124023
36.165154878251464,27.58153836975843
7.722430859371559,87.81568905907443
85.98378372712013,25.579927807836853
50.34634618777127,26.50370948923109
11.575684038326802,47.575857723214476
83.82147959199837,25.617690741014737
71.02338602320434,25.85325557111528
10.814908846448937,49.92650210614829
10.063724079037227,53.163988518291994
9.543068779764807,56.43731633125517
54.97669628756291,26.300718421095013
21.566975754224135,29.85554612084618
7.872684689326364,83.60791447070214
65.28960547399991,25.920920096149786
25.265558857290163,29.039867958521576
8.307217029970543,72.73440894447393
88.83027190979456,25.57983165158885
17.104836422387027,31.99695209836496
10.272878573789283,52.43348272531942
56.9903931880856,26.160432796113344
58.640698584874144,26.104226943444957
12.387236685767892,44.15556191568606
40.69772587007543,27.097098598185855
14.861653439006277,36.63522084394651
98.88769746047853,25.486635821561435
32.07246591210893,28.282943366936344
7.492168100016001,92.99502505955145
52.929096370120355,26.322597096343305
23.726499144183126,29.3909919894678
76.34340051498985,25.713270596357415
44.646389138212555,26.81486921234276
13.903153441811375,39.21931810880652
67.40696055670797,25.871300553485067
11.12542814952692,48.5887585762069
13.342212144725938,40.61930579697749
16.79181653329783,33.08747175706351
7.554318389469515,92.26809512234959
11.877998722181088,46.198153287518174
34.541811644268996,27.72131532967257
8.057606393093625,82.09835076833718
61.364699927459725,26.016823677697587
26.76139734461698,28.798174193768425
8.26986964746272,73.81242752240118
7.491278546009796,94.28828621894476
12.05753007652816,44.97963454893817
55.9095104734465,26.238760604345664
62.85077017148441,25.974252140099836
51.26381720562902,26.421733324123338
7.599621364653176,91.11058307451084
11.59541230218517,46.460859412746466
10.942067041261135,49.00532701165151
59.7784300394795,26.080408516200947
76.17961487988732,25.738890989753138
24.370680200757047,29.23693913501122
10.502466251548231,51.1582084632926
27.167139579892055,28.697993891168306
89.65193084398923,25.561369931457104
7.714077759949797,88.1725955916377
8.522565394212137,66.90762607956057
10.512513905014067,51.10285305191814
13.32128909221313,40.649059501467356
64.47479669684536,25.951928165696014
33.15626887245525,27.941138715021445
22.226464552611084,29.648829015337878
8.719481739180326,62.02293898867188
99.75120876749489,25.479690689461986
7.439923505190688,95.36269991910946
7.992655019828994,81.63967997976596
8.237498367934764,74.43556206232886
8.442872811503833,68.17576430338929
8.307217029970543,72.73440894447393
70.87225942509191,25.779209746560163
8.689141486844337,62.68639411554089
93.11550967899635,25.52296383154182
8.682631249322688,66.69820632483292
74.36750619225455,25.748571115012997
15.99266996175159,34.673169913418306
96.76319956899593,25.521001141540356
78.78737247473397,25.679982902175862
43.3285578334365,26.936283826295018
13.903153441811375,39.21931810880652
10.063724079037227,53.163988518291994
14.861653439006277,36.63522084394651
16.79181653329783,33.08747175706351
15.302785708562284,35.87824958378093
88.83027190979456,25.57983165158885
7.599621364653176,91.11058307451084
9.543068779764807,56.43731633125517
32.07246591210893,28.282943366936344
90.83449638187336,25.540520346614088
30.105913621622474,28.298159029075645
44.646389138212555,26.81486921234276
34.541811644268996,27.72131532967257
7.722430859371559,87.81568905907443
36.165154878251464,27.58153836975843
50.34634618777127,26.50370948923109
39.262387462917125,27.22794594806831
33.15626887245525,27.941138715021445
12.05753007652816,44.97963454893817
62.85077017148441,25.974252140099836
61.364699927459725,26.016823677697587
83.46980116090856,25.60910348584683
7.491278546009796,94.28828621894476
67.81121233309207,25.857316468937267
9.355016639767594,57.61024161757223
54.97669628756291,26.300718421095013
10.272878573789283,52.43348272531942
12.752300758758341,42.969228312562954
65.28960547399991,25.920920096149786
9.717748761449897,55.15786414635916
7.8079301995859955,85.61634127277308
25.265558857290163,29.039867958521576
56.9903931880856,26.160432796113344
80.61131668506339,25.64115487247305
85.98378372712013,25.579927807836853
40.69772607241358,27.097095319195837
46.52768515360628,26.71601233019476
22.226464552611084,29.648829015337878
51.26381720562902,26.421733324123338
7.492168100016001,92.99502505955145
7.872702089889385,83.60554387159019
7.81121637796543,85.60502657480015
7.872684689326364,83.60791447070214
23.726499144183126,29.3909919894678
76.34340051498985,25.713270596357415
67.40696055670797,25.871300553485067
7.554318389469515,92.26809512234959
10.814908846448937,49.92650210614829
83.73741276879879,25.5999703899411
14.75075832479455,38.45412488421778
20.54616510345377,30.136585184423947
64.47479669684536,25.951928165696014
13.342212144725938,40.61930579697749
18.096436695523405,30.98965229288192
8.719481739180326,62.02293898867188
7.714077759949797,88.1725955916377
26.76139734461698,28.798174193768425
48.12684342532137,26.57311887560515
8.26986964746272,73.81242752240118
85.98371491385738,25.58008557900596
55.9095104734465,26.238760604345664
8.522565394212137,66.90762607956057
97.93660688090338,25.497449956718196
52.929096370120355,26.322597096343305
11.59541230218517,46.460859412746466
12.387236685767892,44.15556191568606
7.646910823556758,89.58713787363314
89.65193084398923,25.561369931457104
76.17961487988732,25.738890989753138
24.370680200757047,29.23693913501122
10.502466251548231,51.1582084632926
37.567429743600464,27.4151709200049
28.812628448798872,28.470390522803733
9.14145280327071,58.48083041767562
27.167139579892055,28.697993891168306
10.512513905014067,51.10285305191814
7.650191999365582,89.57486881802568
11.12542814952692,48.5887585762069
12.69385515257198,43.88690320482106
13.013180666528982,41.82825009403731
19.105851530316954,30.663971825087447
80.61131287548488,25.641208843240424
13.04068987122108,41.74352326404846
9.698241876638342,55.182961939452774
14.747129736352381,38.46343439117088
7.439923505190688,95.36269991910946
99.75120876749489,25.479690689461986
7.992655019828994,81.63967997976596
8.237498367934764,74.43556206232886
8.442872811503833,68.17576430338929
70.87225942509191,25.779209746560163
8.381503656033669,72.15407006105784
61.364699927459725,26.016823677697587
8.682631249322688,66.69820632483292
11.595376807485184,46.46039236707552
8.689141486844337,62.68639411554089
74.3521977146689,25.739415247342166
11.12542814952692,48.5887585762069
33.15626887245525,27.941138715021445
57.12178469413992,26.155778557322066
78.78737247473397,25.679982902175862
14.861653439006277,36.63522084394651
10.814908846448937,49.92650210614829
52.929096370120355,26.322597096343305
93.11550967899635,25.52296383154182
12.05753007652816,44.97963454893817
96.76319956899593,25.521001141540356
7.599621364653176,91.11058307451084
13.342212144725938,40.61930579697749
9.543068779764807,56.43731633125517
30.115652220030224,28.26212041911583
89.01080253839379,25.566583836508897
7.722430859371559,87.81568905907443
16.79181653329783,33.08747175706351
9.14145280327071,58.48083041767562
46.52768515360628,26.71601233019476
90.83449638187336,25.540520346614088
67.81121233309207,25.857316468937267
62.85077017148441,25.974252140099836
22.226464552611084,29.648829015337878
83.46980116090856,25.60910348584683
9.353466881655219,57.59265071775121
10.063724079037227,53.163988518291994
28.812628448798872,28.470390522803733
54.9438604635754,26.277022916238
86.19030024521136,25.576609153399314
9.717748761449897,55.15786414635916
97.93660688090338,25.497449956718196
7.8079301995859955,85.61634127277308
51.26381720562902,26.421733324123338
10.272878573789283,52.43348272531942
80.61131668506339,25.64115487247305
16.033627086644564,34.588860336762956
43.326492493000714,26.937504689176127
40.69772607241358,27.097095319195837
50.14486389257433,26.463316758061982
8.886202221272276,59.79805454867969
20.54616510345377,30.136585184423947
7.872702089889385,83.60554387159019
7.81121637796543,85.60502657480015
7.872684689326364,83.60791447070214
23.726499144183126,29.3909919894678
7.554318389469515,92.26809512234959
83.73741276879879,25.5999703899411
14.75075832479455,38.45412488421778
64.47479669684536,25.951928165696014
13.903153441811375,39.21931810880652
76.34340051498985,25.713270596357415
27.167139579892055,28.697993891168306
13.855451215152348,39.68648131219472
8.758807947996615,61.24441370623166
21.280037343912795,29.95280415022768
92.90015629017026,25.526051343918972
8.307217029970543,72.73440894447393
48.12684342532137,26.57311887560515
15.312668967349317,35.645302882351686
85.98371322322298,25.580109208713843
34.541811644268996,27.72131532967257
8.522565394212137,66.90762607956057
16.886300074077187,32.648195886664425
26.76139734461698,28.798174193768425
48.602220515315636,26.54593534346318
66.4805458574251,25.9131310895029
7.492168100016001,92.99502505955145
19.302100083759143,30.514559529508215
15.99266996175159,34.673169913418306
12.387236685767892,44.15556191568606
7.646910823556758,89.58713787363314
37.567429743600464,27.4151709200049
65.28960547399991,25.920920096149786
8.772909059222275,60.29398820408853
76.17961487988732,25.738890989753138
7.4863963813791345,93.83448033730463
45.045694852728985,26.787303589276014
24.370680200757047,29.23693913501122
39.262146835614026,27.231878575008324
10.512513905014067,51.10285305191814
12.69385515257198,43.88690320482106
13.04068987122108,41.74352326404846
7.668946701154177,89.20908056121135
10.501492939697444,51.17478808015989
44.646389138212555,26.81486921234276
7.714077759949797,88.1725955916377
80.60156639162048,25.664442077985697
13.013180666528982,41.82825009403731
99.75120876749489,25.479690689461986
7.438200810226442,95.40427561777443
8.231600733302194,74.4817435851727
7.992655019828994,81.63967997976596
8.381503656033669,72.15407006105784
8.682631249322688,66.69820632483292
37.567429743600464,27.4151709200049
8.442072630498487,68.25714156584137
8.688872436660624,62.94161372487517
33.15626887245525,27.941138715021445
34.541811644268996,27.72131532967257
61.364699927459725,26.016823677697587
67.81054074143613,25.853734281602986
57.121797593274216,26.15574208763065
14.469131694363288,38.03856172587801
88.22194249951238,25.556311190163356
43.326492493000714,26.937504689176127
24.370680200757047,29.23693913501122
96.47327447482886,25.50510428859572
12.69385515257198,43.88690320482106
54.9438604635754,26.277022916238
7.599621364653176,91.11058307451084
70.87225942509191,25.779209746560163
9.488175104218822,56.192373879681654
39.262146835614026,27.231878575008324
74.35192141284026,25.74010780316317
13.342212144725938,40.61930579697749
26.76139734461698,28.798174193768425
14.861653439006277,36.63522084394651
30.115652220030224,28.26212041911583
94.21024342217713,25.516323049571216
9.353466881655219,57.59265071775121
46.396848098677594,26.704055601168093
11.132577725994622,48.47885657994735
83.46980116090856,25.60910348584683
7.4863963813791345,93.83448033730463
13.013180666528982,41.82825009403731
70.84000131398915,25.824302275257033
8.307217029970543,72.73440894447393
17.42230581017847,31.561817206025726
11.59505679781447,46.46304584692431
10.272878573789283,52.43348272531942
10.063724079037227,53.163988518291994
9.717767705644347,55.15654933998668
80.61131668506339,25.64115487247305
40.93114107773357,27.077250164024544
16.54924047700227,33.532463918082435
7.86835203026523,84.30032666036155
23.726499144183126,29.3909919894678
76.34340051498985,25.713270596357415
19.302100083759143,30.514559529508215
90.44790709952886,25.551651770857664
66.4805458574251,25.9131310895029
7.554318389469515,92.26809512234959
7.646910823556758,89.58713787363314
7.907111307364336,82.33589496731511
8.886202221272276,59.79805454867969
20.54616510345377,30.136585184423947
62.85077017148441,25.974252140099836
64.47479669684536,25.951928165696014
7.793077956073279,85.9941340688546
78.78278553318452,25.691238656035463
15.312668967349317,35.645302882351686
90.83449638187336,25.540520346614088
7.724317606040013,87.77095768309451
52.929096370120355,26.322597096343305
48.03889534600087,26.570742967645035
13.855451215152348,39.68648131219472
8.237498367934764,74.43556206232886
85.98371322322298,25.580109208713843
18.374625181645634,30.962176470457905
57.12083787749734,26.15622332163911
92.90015629017026,25.526051343918972
97.93660688090338,25.497449956718196
83.84154312826605,25.597098363181168
86.19030024521136,25.576609153399314
10.814908846448937,49.92650210614829
50.14486389257433,26.463316758061982
8.522565394212137,66.90762607956057
7.492168100016001,92.99502505955145
13.903153441811375,39.21931810880652
7.439923505190688,95.36269991910946
15.99266996175159,34.673169913418306
10.969126512555022,49.76199279322634
53.61051026110649,26.286794755746566
16.033627086644564,34.588860336762956
65.28960547399991,25.920920096149786
76.17961487988732,25.738890989753138
11.883702362061697,46.160686656081765
9.14145280327071,58.48083041767562
10.501492939697444,51.17478808015989
17.03026278782624,32.32962329796325
28.812628448798872,28.470390522803733
10.512513905014067,51.10285305191814
27.167912202369944,28.694933752151695
7.668946701154177,89.20908056121135
13.04068987122108,41.74352326404846
44.646389138212555,26.81486921234276
7.714077759949797,88.1725955916377
80.60156639162048,25.664442077985697
99.75120876749489,25.479690689461986
7.438200810226442,95.40427561777443
7.946418224344678,81.30659741459783
8.231600733302194,74.4817435851727
8.442072630498487,68.25714156584137
8.381503656033669,72.15407006105784
8.682631249322688,66.69820632483292
50.14486389257433,26.463316758061982
33.15626887245525,27.941138715021445
30.115652220030224,28.26212041911583
8.688872436660624,62.94161372487517
7.86835203026523,84.30032666036155
7.793077956073279,85.9941340688546
67.81054074143613,25.853734281602986
12.69385515257198,43.88690320482106
61.22865850105782,26.031490123716708
11.883702362061697,46.160686656081765
78.78278553318452,25.691238656035463
88.22194249951238,25.556311190163356
57.121797593274216,26.15574208763065
20.57425849320089,30.114391638390597
23.72646351065645,29.39159140460255
10.063724079037227,53.163988518291994
48.03889534600087,26.570742967645035
7.907111307364336,82.33589496731511
96.47327447482886,25.50510428859572
24.370680200757047,29.23693913501122
46.396848098677594,26.704055601168093
52.929096370120355,26.322597096343305
7.599621364653176,91.11058307451084
13.342212144725938,40.61930579697749
94.02744748022947,25.508929131684148
73.21820130987928,25.769936321559815
28.812628448798872,28.470390522803733
26.76139734461698,28.798174193768425
44.646389138212555,26.81486921234276
97.93660688090338,25.497449956718196
8.74895314067683,60.815327384840835
83.46980116090856,25.60910348584683
11.132577725994622,48.47885657994735
92.90015629017026,25.526051343918972
62.85077017148441,25.974252140099836
35.20545592876335,27.625164932527504
7.4863963813791345,93.83448033730463
11.59505679781447,46.46304584692431
70.84000131398915,25.824302275257033
10.272878573789283,52.43348272531942
9.720299978593482,55.10654507153801
7.724317606040013,87.77095768309451
80.61131668506339,25.64115487247305
12.70658244361816,43.40367029987803
8.689161304703235,62.89773937509939
9.488175104218822,56.192373879681654
13.903153441811375,39.21931810880652
76.34340051498985,25.713270596357415
37.40014379814853,27.43242435795393
66.4805458574251,25.9131310895029
16.54924047700227,33.532463918082435
7.554318389469515,92.26809512234959
43.27541572579023,26.95456389965822
7.646910823556758,89.58713787363314
40.93114107773357,27.077250164024544
64.47479669684536,25.951928165696014
27.167912202369944,28.694933752151695
13.784028735171333,39.56985881889264
12.982406453441056,41.92489464440115
85.98371322322298,25.580109208713843
70.87225942509191,25.779209746560163
55.483290444740625,26.247869912711224
8.298813961225514,72.94964597085283
8.522565394212137,66.90762607956057
8.886202221272276,59.79805454867969
86.19030024521136,25.576609153399314
90.44790709952886,25.551651770857664
10.814908846448937,49.92650210614829
17.03026278782624,32.32962329796325
83.84157407809316,25.596664573472513
7.492168100016001,92.99502505955145
37.567429743600464,27.4151709200049
14.46753801006567,38.04933473596757
14.47558182093126,37.66130667642255
90.83449638187336,25.540520346614088
15.99266996175159,34.673169913418306
8.237498367934764,74.43556206232886
10.969126512555022,49.76199279322634
39.262146835614026,27.231878575008324
53.61051026110649,26.286794755746566
7.439923505190688,95.36269991910946
65.28960547399991,25.920920096149786
15.312668967349317,35.645302882351686
10.501492939697444,51.17478808015989
9.141132333682334,58.51961900021572
9.388106051980936,57.129549162193854
10.512513905014067,51.10285305191814
7.714077759949797,88.1725955916377
7.668946701154177,89.20908056121135
13.04068987122108,41.74352326404846
54.9438604635754,26.277022916238
16.17489208475773,33.65525495745804
80.60156639162048,25.664442077985697
99.75120876749489,25.479690689461986
7.438200810226442,95.40427561777443
8.198119592389224,75.53072134883355
8.051058680914748,80.98483516901668
8.442072630498487,68.25714156584137
8.381503656033669,72.15407006105784
15.312668967349317,35.645302882351686
8.682631249322688,66.69820632483292
8.688872436660624,62.94161372487517
11.132577725994622,48.47885657994735
7.793077956073279,85.9941340688546
12.482745234593304,43.47367921185105
40.93114107773357,27.077250164024544
11.883702362061697,46.160686656081765
19.79463467333747,30.665881313503366
61.223522400898105,26.045708163756046
78.79289713011606,25.687397796299408
57.121797593274216,26.15574208763065
97.93660688090338,25.497449956718196
48.03889534600087,26.570742967645035
95.78326262726408,25.499874107459142
39.262146835614026,27.231878575008324
73.21820130987928,25.769936321559815
43.27541572579023,26.95456389965822
10.063724079037227,53.163988518291994
46.396848098677594,26.704055601168093
22.71611303264066,29.6487876918658
9.720299978593482,55.10654507153801
14.47558182093126,37.66130667642255
15.99266996175159,34.673169913418306
31.75373602691763,28.149994866770356
9.388106051980936,57.129549162193854
83.46980116090856,25.60910348584683
76.34340051498985,25.713270596357415
7.4863963813791345,93.83448033730463
70.84000131398915,25.824302275257033
8.298813961225514,72.94964597085283
11.595053334920443,46.46320968652305
67.81058550347196,25.853717259773273
50.14486389257433,26.463316758061982
52.929096370120355,26.322597096343305
80.61131668506339,25.64115487247305
26.490604932136282,29.028523433880967
94.02744748022947,25.508929131684148
17.86644386414258,31.3031384860219
20.914995721977665,30.020561780563835
7.86835203026523,84.30032666036155
13.903153441811375,39.21931810880652
17.03026278782624,32.32962329796325
9.141132333682334,58.51961900021572
28.812628448798872,28.470390522803733
7.9010415955905975,84.01749161411536
90.44790709952886,25.551651770857664
14.46753801006567,38.04933473596757
7.554318389469515,92.26809512234959
83.84157407809316,25.596664573472513
66.4805458574251,25.9131310895029
64.47479669684536,25.951928165696014
76.38630117757688,25.690347720487733
7.646910823556758,89.58713787363314
33.2175121236725,27.892805452807945
35.20545592876335,27.625164932527504
37.40014379814853,27.43242435795393
7.724875644411716,87.69039093303843
13.784028735171333,39.56985881889264
24.389181367367396,29.216063268467376
16.54924047700227,33.532463918082435
85.98371322322298,25.580109208713843
9.488175104218822,56.192373879681654
72.58557441513824,25.773409204174573
35.204191312335226,27.626744378276527
92.90015629017026,25.526051343918972
8.522565394212137,66.90762607956057
86.19030024521136,25.576609153399314
50.07802917641088,26.486392267187615
88.22404321125651,25.55543111074487
12.965898934084246,43.32450194076045
7.907111307364336,82.33589496731511
44.646389138212555,26.81486921234276
23.72646351065645,29.39159140460255
12.982406453441056,41.92489464440115
7.492168100016001,92.99502505955145
55.483290444740625,26.247869912711224
37.462867624761884,27.403105056732645
7.439923505190688,95.36269991910946
8.237498367934764,74.43556206232886
91.74517300336174,25.53406329415466
53.61051026110649,26.286794755746566
10.969126512555022,49.76199279322634
88.22194249951238,25.556311190163356
7.607026121783903,91.03384849362938
65.28960547399991,25.920920096149786
8.744811347163843,61.54330298209997
10.814908846448937,49.92650210614829
10.501492939697444,51.17478808015989
20.57425849320089,30.114391638390597
13.04068987122108,41.74352326404846
10.512513905014067,51.10285305191814
7.714077759949797,88.1725955916377
9.023762413846729,58.88723565452624
99.75120876749489,25.479690689461986
7.438200810226442,95.40427561777443
8.051058680914748,80.98483516901668
61.223522400898105,26.045708163756046
8.1736292781477,76.19290038055317
8.688872436660624,62.94161372487517
8.442072630498487,68.25714156584137
28.812628448798872,28.470390522803733
57.121797593274216,26.15574208763065
10.063724079037227,53.163988518291994
8.682631249322688,66.69820632483292
8.39565371046354,71.79775542036508
31.75373602691763,28.149994866770356
7.907111307364336,82.33589496731511
11.99922296758419,45.968535304092335
33.21720156665395,27.886629422625525
16.54924047700227,33.532463918082435
13.04068987122108,41.74352326404846
75.89972477647161,25.719392840857374
12.482745234593304,43.47367921185105
46.396848098677594,26.704055601168093
13.784028735171333,39.56985881889264
55.483290444740625,26.247869912711224
22.71611303264066,29.6487876918658
64.47479669684536,25.951928165696014
15.018622507252354,36.686324122864576
44.646389138212555,26.81486921234276
8.88197527716491,60.494446170989036
11.595053334920443,46.46320968652305
72.62328957837956,25.760104492011934
8.237498367934764,74.43556206232886
24.389181367367396,29.216063268467376
7.472576418314682,93.6105334474762
10.501492939697444,51.17478808015989
8.298813961225514,72.94964597085283
11.312505748832573,48.304532874500914
80.61131668506339,25.64115487247305
70.83824882601208,25.828833203132096
67.81218845747182,25.853107406627934
90.44790709952886,25.551651770857664
9.720308590719323,55.10636978734011
19.79463467333747,30.665881313503366
81.79432463421284,25.631306095646515
7.724875644411716,87.69039093303843
9.023762413846729,58.88723565452624
26.78672990455295,28.943316516282774
9.488175104218822,56.192373879681654
9.141132333682334,58.51961900021572
97.93660688090338,25.497449956718196
53.61051026110649,26.286794755746566
7.9010415955905975,84.01749161411536
26.490604932136282,29.028523433880967
15.99266996175159,34.673169913418306
7.714077759949797,88.1725955916377
83.84157407809316,25.596664573472513
40.93114107773357,27.077250164024544
43.27541572579023,26.95456389965822
76.38630117757688,25.690347720487733
12.78148558030171,42.42376483039401
37.33936257215243,27.481737133456424
78.79124566014686,25.68793886857457
18.004639871263187,31.041974060292894
7.439923505190688,95.36269991910946
85.98371322322298,25.580109208713843
20.914995721977665,30.020561780563835
14.47558182093126,37.66130667642255
35.187173505469225,27.63852763827916
35.20545592876335,27.625164932527504
7.842419772875483,84.52062293120885
92.90015629017026,25.526051343918972
51.756043374773164,26.375574776485387
8.522565394212137,66.90762607956057
9.388106051980936,57.129549162193854
8.744811347163843,61.54330298209997
86.19030024521136,25.576609153399314
11.132577725994622,48.47885657994735
7.760654556336218,86.03091770787171
23.72646351065645,29.39159140460255
88.66160169500296,25.55189717552849
10.814908846448937,49.92650210614829
7.646910823556758,89.58713787363314
7.554318389469515,92.26809512234959
95.79085388099321,25.49787246195981
49.513724177614606,26.496669276155146
14.252813144456836,38.62344753383148
83.46980116090856,25.60910348584683
17.005955514489088,32.47576807034228
88.22194249951238,25.556311190163356
7.793077956073279,85.9941340688546
7.607026121783903,91.03384849362938
38.84748725208071,27.269701064776914
10.512513905014067,51.10285305191814
7.6329956148162506,89.79054538154209
15.312668967349317,35.645302882351686
65.28960547399991,25.920920096149786
39.262146835614026,27.231878575008324
78.79289713011606,25.687397796299408
40.930173541580146,27.077855688369223
10.969126512555022,49.76199279322634
98.44717038185026,25.482920601029345
7.429736366350158,95.6594715214105
103.20786678474873,25.465115919876258
8.171429433689358,75.16210790937586
8.058035502327774,80.60912424683508
8.442072630498487,68.25714156584137
8.688872436660624,62.94161372487517
8.682631249322688,66.69820632483292
12.482745234593304,43.47367921185105
95.79085388099321,25.49787246195981
8.39640374310585,71.71672934860621
99.75120876749489,25.479690689461986
9.720308590719323,55.10636978734011
92.90015629017026,25.526051343918972
51.756043374773164,26.375574776485387
7.472576418314682,93.6105334474762
61.223312606641116,26.046634471588472
57.12212619106335,26.155684415883268
78.25428720930906,25.657733127513673
11.99922296758419,45.968535304092335
37.324869394097774,27.440615835083015
43.27541572579023,26.95456389965822
53.61051026110649,26.286794755746566
75.89972477647161,25.719392840857374
49.513724177614606,26.496669276155146
19.629916937508778,30.410393757009885
72.62328957837956,25.760104492011934
13.051675398451872,41.63245931785957
55.483290444740625,26.247869912711224
22.71611303264066,29.6487876918658
7.554318389469515,92.26809512234959
15.018622507252354,36.686324122864576
31.75373602691763,28.149994866770356
13.784028735171333,39.56985881889264
65.28960547399991,25.920920096149786
7.607026121783903,91.03384849362938
14.47558182093126,37.66130667642255
62.75897144972117,26.02347407753376
28.816537086135906,28.455511426092105
15.312668967349317,35.645302882351686
48.23037722911828,26.60617341239046
70.83824882601208,25.828833203132096
14.252813144456836,38.62344753383148
10.501492939697444,51.17478808015989
10.066156716421181,53.11915864713436
67.81218845747182,25.853107406627934
10.063724079037227,53.163988518291994
7.9010415955905975,84.01749161411536
81.79432463421284,25.631306095646515
20.914899429759465,30.02055899914541
7.842419772875483,84.52062293120885
11.396250459980239,48.032889013019144
26.490604932136282,29.028523433880967
8.237498367934764,74.43556206232886
90.44790709952886,25.551651770857664
97.93660688090338,25.497449956718196
64.47479669684536,25.951928165696014
24.389181367367396,29.216063268467376
28.18685178048917,28.498365977101468
7.704679951321988,87.89118179975337
7.646910823556758,89.58713787363314
67.81208825282447,25.853372385790756
11.595053334920443,46.46320968652305
7.724875644411716,87.69039093303843
40.93114107773357,27.077250164024544
88.22194249951238,25.556311190163356
8.051058680914748,80.98483516901668
91.34655788405415,25.541846116894053
18.014016095995487,31.02662556770113
7.439923505190688,95.36269991910946
15.99266996175159,34.673169913418306
76.38630117757688,25.690347720487733
9.388106051980936,57.129549162193854
35.20545592876335,27.625164932527504
7.760654556336218,86.03091770787171
80.52391554451997,25.65534106101828
8.522565394212137,66.90762607956057
33.21720156665395,27.886629422625525
35.187173505469225,27.63852763827916
39.262146835614026,27.231878575008324
8.887422528377769,59.83982504504057
7.907111307364336,82.33589496731511
10.969126512555022,49.76199279322634
10.814908846448937,49.92650210614829
86.19030024521136,25.576609153399314
88.66160169500296,25.55189717552849
38.84748725208071,27.269701064776914
85.11364486409431,25.58635359325678
11.132577725994622,48.47885657994735
9.214372129174658,57.759853297159246
7.793077956073279,85.9941340688546
16.547792690668423,33.533188165526894
83.46980116090856,25.60910348584683
8.298813961225514,72.94964597085283
8.262689367748763,73.23388566094272
9.023762413846729,58.88723565452624
26.78672990455295,28.943316516282774
17.41227716294594,31.547839977313497
10.512513905014067,51.10285305191814
7.6329956148162506,89.79054538154209
15.972075139926252,34.92783343005955
7.429736366350158,95.6594715214105
103.20786678474873,25.465115919876258
8.171429433689358,75.16210790937586
43.27541572579023,26.95456389965822
8.061405254187063,80.59223376355817
99.75120876749489,25.479690689461986
48.23037722911828,26.60617341239046
72.62328957837956,25.760104492011934
57.12212619106335,26.155684415883268
61.223312606641116,26.046634471588472
8.682631249322688,66.69820632483292
8.68597882366838,62.95309238923345
8.39640374310585,71.71672934860621
8.442072630498487,68.25714156584137
69.80423615547525,25.808525097966303
17.41227716294594,31.547839977313497
78.25428720930906,25.657733127513673
95.90816958564861,25.497199560003395
53.61051026110649,26.286794755746566
12.191386210717388,45.28990599756531
75.89972477647161,25.719392840857374
65.28960547399991,25.920920096149786
19.629916937508778,30.410393757009885
13.784028735171333,39.56985881889264
55.483290444740625,26.247869912711224
16.547792690668423,33.533188165526894
80.52391554451997,25.65534106101828
13.051785480198188,41.631225455813116
11.595053334920443,46.46320968652305
83.46980116090856,25.60910348584683
31.686690115806805,28.388812159861974
28.816537086135906,28.455511426092105
11.396250459980239,48.032889013019144
10.501492939697444,51.17478808015989
9.023762413846729,58.88723565452624
7.907111307364336,82.33589496731511
10.066156716421181,53.11915864713436
86.19030024521136,25.576609153399314
14.20735347825895,38.238006219398464
22.71611303264066,29.6487876918658
12.530204467735311,43.430898471783635
10.063724079037227,53.163988518291994
62.75897144972117,26.02347407753376
81.79432463421284,25.631306095646515
9.720309839629792,55.1063451243029
13.051675398451872,41.63245931785957
12.482745234593304,43.47367921185105
7.439923505190688,95.36269991910946
26.490604932136282,29.028523433880967
85.11364486409431,25.58635359325678
9.214372129174658,57.759853297159246
95.06389422732411,25.519831076265646
8.237498367934764,74.43556206232886
90.44790709952886,25.551651770857664
64.10480354532194,25.946265759464783
7.704679951321988,87.89118179975337
7.646910823556758,89.58713787363314
67.81207639977791,25.853429990495105
7.724875644411716,87.69039093303843
8.887422528377769,59.83982504504057
7.472576418314682,93.6105334474762
40.933280502612455,27.071581534764732
8.051058680914748,80.98483516901668
88.22194249951238,25.556311190163356
18.285809278941905,30.892846069610044
76.38630117757688,25.690347720487733
49.75085302262734,26.45756074194239
7.760654556336218,86.03091770787171
35.20545592876335,27.625164932527504
37.323242417151654,27.441741635691567
91.34655788405415,25.541846116894053
15.99266996175159,34.673169913418306
24.389181367367396,29.216063268467376
39.262146835614026,27.231878575008324
33.315524766704506,27.816433518471314
92.90015629017026,25.526051343918972
10.814908846448937,49.92650210614829
23.96337110930306,29.337381247318497
13.817503152553174,39.47616718388175
88.66160169500296,25.55189717552849
8.716165581720679,62.63245391835699
11.99922296758419,45.968535304092335
7.907001158205755,83.19509870372718
8.723018353381734,61.34406044086402
35.187173505469225,27.63852763827916
51.756043374773164,26.375574776485387
16.534859165354067,33.60741283212696
8.262689367748763,73.23388566094272
9.516869947436241,56.23208094124261
7.82905172134632,85.05825367449765
9.388106051980936,57.129549162193854
67.81218845747182,25.853107406627934
10.512513905014067,51.10285305191814
7.6329956148162506,89.79054538154209
26.799246759403605,28.777357879002505
28.18685178048917,28.498365977101468
15.972075139926252,34.92783343005955
51.758299505938155,26.374459434735964
21.546425536807874,29.833863269638712
14.47558182093126,37.66130667642255
103.20786678474873,25.465115919876258
7.429736366350158,95.6594715214105
8.682319982476088,62.26763366256153
8.55681655988132,67.58810899071233
8.171429433689358,75.16210790937586
7.472576418314682,93.6105334474762
8.137434973313288,80.25609942393612
14.47558182093126,37.66130667642255
48.23037722911828,26.60617341239046
7.6329956148162506,89.79054538154209
15.972075139926252,34.92783343005955
43.27541572579023,26.95456389965822
99.75120876749489,25.479690689461986
31.686690115806805,28.388812159861974
72.49025356039432,25.75033743798781
10.814908846448937,49.92650210614829
61.223312606641116,26.046634471588472
8.414160886901005,71.33230641272301
9.720309839629792,55.1063451243029
37.323242417151654,27.441741635691567
8.442072630498487,68.25714156584137
33.315524766704506,27.816433518471314
58.08224328949167,26.12098684364364
53.61051026110649,26.286794755746566
8.262689367748763,73.23388566094272
97.55630121143543,25.490347230635102
65.28960547399991,25.920920096149786
7.907001158205755,83.19509870372718
92.90015629017026,25.526051343918972
28.816537086135906,28.455511426092105
80.52391554451997,25.65534106101828
17.240076007143113,31.770230834760547
102.96808834549651,25.46897339448454
10.501492939697444,51.17478808015989
16.547792690668423,33.533188165526894
11.374821948503342,48.11948672638201
7.907111307364336,82.33589496731511
7.82905172134632,85.05825367449765
49.75085302262734,26.45756074194239
7.760654556336218,86.03091770787171
22.519199795239484,29.577070550865766
9.516869947436241,56.23208094124261
10.066663091283832,53.0868855725675
12.514869040118944,43.32461208581921
86.19030024521136,25.576609153399314
10.063724079037227,53.163988518291994
95.06389422732411,25.519831076265646
62.75897144972117,26.02347407753376
13.509867829525026,40.35508659143397
26.490604932136282,29.028523433880967
24.389181367367396,29.216063268467376
21.546425536807874,29.833863269638712
12.482745234593304,43.47367921185105
13.051675398451872,41.63245931785957
7.439923505190688,95.36269991910946
9.023762413846729,58.88723565452624
12.213027776384399,45.2125186602528
69.80467828488726,25.802110246846883
9.214372129174658,57.759853297159246
8.39640374310585,71.71672934860621
8.237498367934764,74.43556206232886
83.46980116090856,25.60910348584683
90.44790709952886,25.551651770857664
7.704679951321988,87.89118179975337
74.80540419065925,25.738749290637443
67.81207639977791,25.853429990495105
55.483290444740625,26.247869912711224
95.90816958564861,25.497199560003395
91.31800144518714,25.54106817437628
28.18685178048917,28.498365977101468
76.38630117757688,25.690347720487733
41.53259090962374,27.017091365501482
26.799246759403605,28.777357879002505
35.20545592876335,27.625164932527504
9.388106051980936,57.129549162193854
8.051058680914748,80.98483516901668
7.647091636728408,89.56026684641509
23.96337110930306,29.337381247318497
8.723018353381734,61.34406044086402
11.586974959543234,46.577359821444404
11.396250459980239,48.032889013019144
7.733838465202753,87.6606600927202
78.25455074210399,25.657094278627753
88.66160169500296,25.55189717552849
39.26178723958688,27.237765378691627
13.111790765520828,41.47363289775436
35.187173505469225,27.63852763827916
51.756043374773164,26.375574776485387
57.12212619106335,26.155684415883268
15.99266996175159,34.673169913418306
14.093066855360656,38.72946241219032
20.41877256799433,30.15076139341387
88.13419782663296,25.55710225788273
68.28265124540106,25.83044040675421
10.508816865579286,51.050093556320746
16.39976856650805,33.70693779825122
51.758299505938155,26.374459434735964
78.25428720930906,25.657733127513673
39.262146835614026,27.231878575008324
40.93301700420723,27.07240128737388
103.20786678474873,25.465115919876258
7.429736366350158,95.6594715214105
8.682319982476088,62.26763366256153
8.137434973313288,80.25609942393612
8.171429433689358,75.16210790937586
8.55681655988132,67.58810899071233
33.315524766704506,27.816433518471314
83.46980116090856,25.60910348584683
8.39640374310585,71.71672934860621
15.972075139926252,34.92783343005955
99.75120876749489,25.479690689461986
29.487628707099944,28.358814020877418
14.47558182093126,37.66130667642255
65.28960547399991,25.920920096149786
80.52391554451997,25.65534106101828
7.82905172134632,85.05825367449765
12.131523338503433,44.69591126984777
76.38630117757688,25.690347720487733
62.75897144972117,26.02347407753376
60.609566839077054,26.04281990679085
8.407822424488032,69.12613942515469
86.19030024521136,25.576609153399314
13.509867829525026,40.35508659143397
47.44316281512939,26.62024754463144
17.61022417878754,31.19409073749457
14.093066855360656,38.72946241219032
43.92119260853652,26.892276085285975
20.41877256799433,30.15076139341387
69.80467828488726,25.802110246846883
7.562181828532245,91.34850997709353
73.45760499935054,25.738706098431393
53.61051026110649,26.286794755746566
97.55630121143543,25.490347230635102
8.262689367748763,73.23388566094272
7.905530571756862,82.35041342097125
92.90015629017026,25.526051343918972
72.49025356039432,25.75033743798781
58.08224328949167,26.12098684364364
7.472576418314682,93.6105334474762
11.586974959543234,46.577359821444404
10.814908846448937,49.92650210614829
102.96777672591746,25.473060923931445
7.544357812601257,92.84416854025604
67.81207639977791,25.853429990495105
8.836526558314574,60.550552001161016
9.023762413846729,58.88723565452624
22.519199795239484,29.577070550865766
9.516869947436241,56.23208094124261
13.051675398451872,41.63245931785957
12.514869040118944,43.32461208581921
8.051058680914748,80.98483516901668
95.06389422732411,25.519831076265646
10.066663091283832,53.0868855725675
10.474466531105474,51.23287368331708
10.028175700034787,53.79780411241212
26.22970636427499,28.848756007798684
7.439923505190688,95.36269991910946
91.31800144518714,25.54106817437628
17.0380229321831,32.655291886728
7.704679951321988,87.89118179975337
90.1435536787298,25.549561969261717
7.647091636728408,89.56026684641509
21.546425536807874,29.833863269638712
7.728261804254385,87.6560646557846
95.90816958564861,25.497199560003395
88.13419782663296,25.55710225788273
41.53259090962374,27.017091365501482
11.094576197058485,48.688691617585384
35.80618279141691,27.604804294639607
23.96337110930306,29.337381247318497
24.399448922028885,29.17188691928279
78.25455074210399,25.657094278627753
12.482745234593304,43.47367921185105
7.757576416617892,86.03877538493168
8.442072630498487,68.25714156584137
37.333308470625845,27.434777656180255
39.26178723958688,27.237765378691627
7.6324103262509615,89.79274113022979
11.500115062723687,46.828135194374276
35.187173505469225,27.63852763827916
51.756043374773164,26.375574776485387
49.75086804138624,26.457330651924984
9.720482114671228,55.094412645093165
68.28265124540106,25.83044040675421
88.66160169500296,25.55189717552849
26.799246759403605,28.777357879002505
7.910197707571558,82.32880905197044
51.758299505938155,26.374459434735964
55.483290444740625,26.247869912711224
13.111790765520828,41.47363289775436
78.25428720930906,25.657733127513673
39.98742614025681,27.158353108468948
11.396250459980239,48.032889013019144
16.547792690668423,33.533188165526894
8.723018353381734,61.34406044086402
14.442832062738702,37.68247684436944
10.743103366486608,50.83116403931561
43.27533221493684,26.954818470196013
27.880394072422117,28.583553490104393
9.388106051980936,57.129549162193854
7.42969810157385,95.66156029458766
103.26134383335997,25.464906218689364
8.171429433689358,75.16210790937586
8.682319982476088,62.26763366256153
8.55681655988132,67.58810899071233
8.137434973313288,80.25609942393612
83.46980116090856,25.60910348584683
8.39640374310585,71.71672934860621
14.474149544700445,37.473058897422476
80.52391554451997,25.65534106101828
7.82905172134632,85.05825367449765
12.131523338503433,44.69591126984777
15.972075139926252,34.92783343005955
8.248470831559862,73.16764813049546
62.73418844256413,26.00647778598796
8.407822424488032,69.12613942515469
86.19030024521136,25.576609153399314
13.509867829525026,40.35508659143397
49.75086804138624,26.457330651924984
30.836225635736586,28.193063116695672
55.483290444740625,26.247869912711224
69.80467828488726,25.802110246846883
7.562181828532245,91.34850997709353
16.547792690668423,33.533188165526894
37.333308470625845,27.434777656180255
58.08224328949167,26.12098684364364
20.41877256799433,30.15076139341387
9.720482114671228,55.094412645093165
7.905530571756862,82.35041342097125
92.90015629017026,25.526051343918972
10.474466531105474,51.23287368331708
72.49025356039432,25.75033743798781
60.57729708541135,26.026993751713032
7.757576416617892,86.03877538493168
9.388106051980936,57.129549162193854
47.033340125938764,26.61680192374788
41.53259090962374,27.017091365501482
7.472576418314682,93.6105334474762
102.96777672591746,25.473060923931445
18.813710430615174,30.70064842444116
44.145873347315884,26.812706061423498
33.315524766704506,27.816433518471314
99.75120876749489,25.479690689461986
11.586985282179482,46.57686972650933
9.516869947436241,56.23208094124261
10.028175700034787,53.79780411241212
67.81207639977791,25.853429990495105
39.26178723958688,27.237765378691627
8.051058680914748,80.98483516901668
11.321719212925913,47.57555341963776
14.093066855360656,38.72946241219032
10.066669949343558,53.08675929983084
47.45105536459167,26.596979949202627
24.399448922028885,29.17188691928279
17.0380229321831,32.655291886728
21.546425536807874,29.833863269638712
7.439923505190688,95.36269991910946
9.156926034928095,58.6067169530686
65.28960547399991,25.920920096149786
59.177034272090324,26.08219368601942
29.487628707099944,28.358814020877418
65.31594905995925,25.91548676155171
74.41812809476593,25.720762111926614
7.728261804254385,87.6560646557846
39.98742614025681,27.158353108468948
43.27533221493684,26.954818470196013
95.90816958564861,25.497199560003395
88.13419782663296,25.55710225788273
11.094576197058485,48.688691617585384
15.977457312729507,34.89337385798445
17.199945892528277,31.88367643050603
23.96337110930306,29.337381247318497
7.704679951321988,87.89118179975337
35.80618279141691,27.604804294639607
8.723018353381734,61.34406044086402
12.932795262750144,42.900289323123516
7.662713636469686,89.38967128501746
76.38630117757688,25.690347720487733
53.61051026110649,26.286794755746566
78.25965791814069,25.656295066318737
26.22951570911606,28.848953001176024
12.482745234593304,43.47367921185105
90.1435536787298,25.549561969261717
27.880394072422117,28.583553490104393
13.111790765520828,41.47363289775436
7.6324103262509615,89.79274113022979
95.06387861097743,25.52004442796451
13.051675398451872,41.63245931785957
10.743103366486608,50.83116403931561
51.756043374773164,26.375574776485387
33.66233150322766,27.8089842524577
97.55187654871304,25.490303769503114
8.442072630498487,68.25714156584137
68.28265124540106,25.83044040675421
7.553696043727946,92.78542844964471
91.31800144518714,25.54106817437628
88.66160169500296,25.55189717552849
26.799246759403605,28.777357879002505
7.910197707571558,82.32880905197044
76.008060067715,25.70372491384925
7.41495360944363,96.03845374815191
103.26134383335997,25.464906218689364
8.137434973313288,80.25609942393612
8.558253944053943,67.58515342664431
8.681065268467663,62.26969115847429
8.166949540013265,75.31898104245623
14.474149544700445,37.473058897422476
8.39640374310585,71.71672934860621
80.52391554451997,25.65534106101828
9.156926034928095,58.6067169530686
99.75120876749489,25.479690689461986
15.940248698440229,35.152835757818615
8.248470831559862,73.16764813049546
61.848626170836596,26.005616377051425
14.093066855360656,38.72946241219032
11.094576197058485,48.688691617585384
8.407822424488032,69.12613942515469
55.483290444740625,26.247869912711224
30.836225635736586,28.193063116695672
95.90816958564861,25.497199560003395
86.19030024521136,25.576609153399314
69.80467828488726,25.802110246846883
78.25965791814069,25.656295066318737
35.80618279141691,27.604804294639607
51.756043374773164,26.375574776485387
37.333308470625845,27.434777656180255
10.066669949343558,53.08675929983084
97.55187654871304,25.490303769503114
7.472576418314682,93.6105334474762
7.905530571756862,82.35041342097125
7.8293576055346294,85.05721365642904
23.96337110930306,29.337381247318497
10.474466531105474,51.23287368331708
47.033340125938764,26.61680192374788
65.28960547399991,25.920920096149786
9.388106051980936,57.129549162193854
8.755148669973982,60.54551247955847
102.77418729816773,25.47071490979517
29.487628707099944,28.358814020877418
21.546425536807874,29.833863269638712
11.321719212925913,47.57555341963776
33.315524766704506,27.816433518471314
10.886019410195352,50.78429839719454
27.880394072422117,28.583553490104393
12.482745234593304,43.47367921185105
7.562181828532245,91.34850997709353
7.5459751362733325,92.0682779884965
44.145873347315884,26.812706061423498
9.516869947436241,56.23208094124261
11.91371175576149,45.253003446731306
93.1703468617684,25.51704721700648
83.46978912697821,25.609144465351118
58.08224328949167,26.12098684364364
12.131523338503433,44.69591126984777
24.399448922028885,29.17188691928279
47.45105536459167,26.596979949202627
17.0380229321831,32.655291886728
43.27533221493684,26.954818470196013
13.513830510678115,40.31359240378311
91.31800144518714,25.54106817437628
8.171429433689358,75.16210790937586
33.66233150322766,27.8089842524577
83.46980116090856,25.60910348584683
72.49025356039432,25.75033743798781
7.6324103262509615,89.79274113022979
90.1435536787298,25.549561969261717
7.662713636469686,89.38967128501746
67.57974422809502,25.852933152325573
39.98742614025681,27.158353108468948
7.728261804254385,87.6560646557846
87.72752761250231,25.555953918193755
49.7482558293537,26.46493121107144
16.547792690668423,33.533188165526894
7.757576416617892,86.03877538493168
88.66160169500296,25.55189717552849
7.704679951321988,87.89118179975337
16.411932090817825,34.02492802749832
7.462005934282487,94.84618520385007
65.31594905995925,25.91548676155171
59.177034272090324,26.08219368601942
19.837674575984007,30.513730742202924
76.38630117757688,25.690347720487733
12.932795262750144,42.900289323123516
26.22943716945441,28.849272667173366
8.051058680914748,80.98483516901668
8.442072630498487,68.25714156584137
39.261554394438086,27.238240941600594
13.111790765520828,41.47363289775436
17.199945892528277,31.88367643050603
49.75086804138624,26.457330651924984
11.587636170869995,46.54604273286855
10.028175700034787,53.79780411241212
68.28265124540106,25.83044040675421
26.799246759403605,28.777357879002505
76.008060067715,25.70372491384925
9.898654157448092,54.473583875979514
74.41812809476593,25.720762111926614
13.509867829525026,40.35508659143397
53.61050804876409,26.286814508880937
72.49060539645059,25.74660499636933
7.41495360944363,96.03845374815191
102.46389690485404,25.461945614231
8.681065268467663,62.26969115847429
8.137434973313288,80.25609942393612
8.558253944053943,67.58515342664431
8.166949540013265,75.31898104245623
21.546425536807874,29.833863269638712
80.52391554451997,25.65534106101828
99.75120876749489,25.479690689461986
61.848626170836596,26.005616377051425
55.483290444740625,26.247869912711224
93.1703468617684,25.51704721700648
15.724616340331089,35.61435794868955
95.90816958564861,25.497199560003395
86.19030024521136,25.576609153399314
69.80467828488726,25.802110246846883
44.145873347315884,26.812706061423498
13.111790765520828,41.47363289775436
10.474466531105474,51.23287368331708
58.08224328949167,26.12098684364364
97.55187654871304,25.490303769503114
9.898654157448092,54.473583875979514
14.482174648311009,37.4026796273135
23.766297515958676,29.310254075012196
10.886019410195352,50.78429839719454
11.587636170869995,46.54604273286855
13.990689159976945,38.69308109190321
7.896212350041375,82.43616441210025
43.27533221493684,26.954818470196013
7.829734460504194,85.00500263262586
74.41812809476593,25.720762111926614
65.28960547399991,25.920920096149786
39.98780911388186,27.157146909590747
8.402030832414313,71.57544439557606
8.407822424488032,69.12613942515469
9.516869947436241,56.23208094124261
12.932795262750144,42.900289323123516
17.553261977385844,31.18510574027798
12.482745234593304,43.47367921185105
53.61050804876409,26.286814508880937
19.837063547052388,30.51522377206053
47.033340125938764,26.61680192374788
29.487628707099944,28.358814020877418
67.57974422809502,25.852933152325573
24.399448922028885,29.17188691928279
91.31800144518714,25.54106817437628
7.462005934282487,94.84618520385007
11.91371175576149,45.253003446731306
39.261554394438086,27.238240941600594
83.36321724284333,25.644670105569233
10.066669949343558,53.08675929983084
33.31514171287258,27.817759583676892
11.079691745059685,48.9191895523912
30.83634375491336,28.192633991049824
12.131523338503433,44.69591126984777
26.22943716945441,28.849272667173366
15.940248698440229,35.152835757818615
51.756043374773164,26.375574776485387
16.411932090817825,34.02492802749832
60.556069310129395,26.04656268525906
83.46980116090856,25.60910348584683
72.49025356039432,25.75033743798781
47.45105536459167,26.596979949202627
8.247201106665912,73.19874958998723
8.174952080172467,75.10878534180569
9.388106051980936,57.129549162193854
90.1435536787298,25.549561969261717
13.839673483384326,39.727505316005235
7.662713636469686,89.38967128501746
19.837674575984007,30.513730742202924
59.177034272090324,26.08219368601942
87.72752761250231,25.555953918193755
49.71413680470547,26.56405567738976
16.547792690668423,33.533188165526894
17.0380229321831,32.655291886728
88.66160169500296,25.55189717552849
34.28343112912661,27.754776956715492
7.704679951321988,87.89118179975337
8.70067008745324,61.8673867700749
65.29182906387645,25.910020132504474
37.333308470625845,27.434777656180255
68.28265124540106,25.83044040675421
78.25979635784684,25.65595916455821
9.32872717886477,58.54172097954791
7.728261804254385,87.6560646557846
7.7486148841770985,86.27651237646138
7.617351717761611,90.59261520009547
7.529533247940576,92.24139612451272
49.75086804138624,26.457330651924984
14.474051882562168,37.47391564736931
8.284539843386112,72.23681761075356
7.562181828532245,91.34850997709353
76.008060067715,25.70372491384925
8.051058680914748,80.98483516901668
7.93472006362546,81.58732978977443
52.41223321131236,26.3457523556687
72.49060539645059,25.74660499636933
13.509867829525026,40.35508659143397
10.028175700034787,53.79780411241212
8.755148669973982,60.54551247955847
102.58889836070891,25.46189701112872
7.4111156572904315,95.91689818554943
8.558253944053943,67.58515342664431
8.6806439350422,62.270382194536936
8.166949540013265,75.31898104245623
8.137434973313288,80.25609942393612
26.22943716945441,28.849272667173366
29.487628707099944,28.358814020877418
37.333308470625845,27.434777656180255
7.529533247940576,92.24139612451272
7.896212350041375,82.43616441210025
55.483290444740625,26.247869912711224
43.27533221493684,26.954818470196013
93.1703468617684,25.51704721700648
39.98780911388186,27.157146909590747
8.402030832414313,71.57544439557606
85.99692614862825,25.56913949484879
11.587636170869995,46.54604273286855
9.32872717886477,58.54172097954791
9.516869947436241,56.23208094124261
13.111790765520828,41.47363289775436
7.829734460504194,85.00500263262586
15.724616340331089,35.61435794868955
76.008060067715,25.70372491384925
8.247201106665912,73.19874958998723
97.55187654871304,25.490303769503114
7.462005934282487,94.84618520385007
9.898654157448092,54.473583875979514
10.066669949343558,53.08675929983084
10.886019410195352,50.78429839719454
11.096244776161631,48.66284487642149
14.49057293705331,37.38166073570277
74.41812809476593,25.720762111926614
65.28960547399991,25.920920096149786
61.84891394899638,26.00549649037063
34.298337636637605,27.70404855756939
8.407822424488032,69.12613942515469
17.0380229321831,32.655291886728
9.388106051980936,57.129549162193854
7.7486148841770985,86.27651237646138
46.05482972028276,26.684963819754856
8.89060632834432,59.852748290414986
13.509867829525026,40.35508659143397
11.079691745059685,48.9191895523912
31.36389206323167,28.10746162244666
21.546425536807874,29.833863269638712
23.746274055638732,29.398231739480504
10.46796750949472,51.350633900659034
80.52391554451997,25.65534106101828
83.36321724284333,25.644670105569233
51.756043374773164,26.375574776485387
58.0501951643441,26.1220735340377
95.82445081010741,25.49850795193387
69.80467828488726,25.802110246846883
72.49025356039432,25.75033743798781
83.46980116090856,25.60910348584683
13.839673483384326,39.727505316005235
100.7903382006256,25.468427374276633
24.399448922028885,29.17188691928279
90.1435536787298,25.549561969261717
8.17722944399964,75.05579424629715
19.012874363403107,30.94950394793543
15.884292562446065,34.465615663052944
16.547792690668423,33.533188165526894
88.66160169500296,25.55189717552849
65.29182906387645,25.910020132504474
67.57974422809502,25.852933152325573
17.432667647477302,31.696161984018833
8.284539843386112,72.23681761075356
33.31498565900533,27.817881841196158
78.25976165099286,25.65603468819353
47.66414838235447,26.594092369688333
49.75086804138624,26.457330651924984
68.28265124540106,25.83044040675421
7.562181828532245,91.34850997709353
49.71413680470547,26.56405567738976
80.52390149124436,25.655539620765023
78.25979635784684,25.65595916455821
7.728261804254385,87.6560646557846
14.474051882562168,37.47391564736931
99.75120876749489,25.479690689461986
30.83634375491336,28.192633991049824
38.93859741419982,27.250874695472692
11.91371175576149,45.253003446731306
13.990971636961847,38.684529370823505
7.93472006362546,81.58732978977443
12.932795262750144,42.900289323123516
8.496724505154246,68.46584816608842
44.14636780645421,26.8061988962377
11.838745001570741,46.05664379522463
7.6981162621799655,88.87238984894992
10.028175700034787,53.79780411241212
12.131523338503433,44.69591126984777
12.427826066684867,44.144926770084766
52.41223321131236,26.3457523556687
72.49060539645059,25.74660499636933
53.64134817175586,26.285518568327785
16.411932090817825,34.02492802749832
8.051058680914748,80.98483516901668
91.34454383460651,25.52814209821427
102.58889836070891,25.46189701112872
7.4111156572904315,95.91689818554943
8.137434973313288,80.25609942393612
8.558253944053943,67.58515342664431
8.65985245049389,62.96800738272305
8.166949540013265,75.31898104245623
58.0501951643441,26.1220735340377
61.84891394899638,26.00549649037063
7.6981162621799655,88.87238984894992
10.46796750949472,51.350633900659034
7.529533247940576,92.24139612451272
7.896212350041375,82.43616441210025
7.562181828532245,91.34850997709353
55.483290444740625,26.247869912711224
93.1703468617684,25.51704721700648
95.82445081010741,25.49850795193387
8.402030832414313,71.57544439557606
69.80467828488726,25.802110246846883
12.932795262750144,42.900289323123516
11.587636170869995,46.54604273286855
29.385077950971517,28.451622833080453
10.787042787046696,49.69842555657153
47.66414838235447,26.594092369688333
34.298337636637605,27.70404855756939
9.516869947436241,56.23208094124261
23.746274055638732,29.398231739480504
10.066669949343558,53.08675929983084
7.462005934282487,94.84618520385007
11.096244776161631,48.66284487642149
26.22952695365277,28.848907232183464
13.990971636961847,38.684529370823505
7.829734460504194,85.00500263262586
14.770575661820851,36.72509558387792
74.41812809476593,25.720762111926614
40.38425543755515,27.12282455021561
7.727578570602942,86.77341836916908
64.47545290476067,25.971823602173284
17.0380229321831,32.655291886728
8.407822424488032,69.12613942515469
20.649777137863197,30.13595567161557
88.66160169500296,25.55189717552849
37.03974351530604,27.44634595131169
85.99692614862825,25.56913949484879
12.427826066684867,44.144926770084766
24.399448922028885,29.17188691928279
53.64134817175586,26.285518568327785
43.27533221493684,26.954818470196013
67.57974422809502,25.852933152325573
9.221906235608259,57.880878226385846
91.34454383460651,25.52814209821427
38.93859741419982,27.250874695472692
83.36321724284333,25.644670105569233
13.509867829525026,40.35508659143397
31.36389206323167,28.10746162244666
8.17722944399964,75.05579424629715
21.546425536807874,29.833863269638712
80.52391554451997,25.65534106101828
51.756043374773164,26.375574776485387
9.772831789042792,54.62901812667359
72.48950587525493,25.761107631426448
33.31498565900533,27.817881841196158
13.839673483384326,39.727505316005235
83.46980116090856,25.60910348584683
90.1435536787298,25.549561969261717
86.75405304837021,25.56258314814021
99.75120876749489,25.479690689461986
9.111777617435198,59.571463765586294
8.247201106665912,73.19874958998723
18.950621166763494,30.66943018763418
16.547792690668423,33.533188165526894
15.722276273726486,35.63120269179781
65.29182906387645,25.910020132504474
17.35068537100484,31.563970791541557
8.284539843386112,72.23681761075356
46.05482972028276,26.684963819754856
76.49936984770892,25.696425744201033
49.71413680470547,26.56405567738976
97.55187654871304,25.490303769503114
26.22943716945441,28.849272667173366
80.52378901522951,25.655381581124406
78.25979635784684,25.65595916455821
14.474051882562168,37.47391564736931
30.83634375491336,28.192633991049824
98.07692175098062,25.487637460677316
37.333308470625845,27.434777656180255
13.111790765520828,41.47363289775436
8.496724505154246,68.46584816608842
11.91371175576149,45.253003446731306
49.75086804138624,26.457330651924984
7.93472006362546,81.58732978977443
76.008060067715,25.70372491384925
17.967867636705538,31.11628828911292
11.838745001570741,46.05664379522463
45.49821230391446,26.721551838514646
10.028175700034787,53.79780411241212
8.739548250151552,61.86447360091652
15.884292562446065,34.465615663052944
12.131523338503433,44.69591126984777
52.41223321131236,26.3457523556687
8.051058680914748,80.98483516901668
102.58889836070891,25.46189701112872
7.4111156572904315,95.91689818554943
8.166067640493855,75.37180694375272
8.137632499135645,80.22590068339936
8.65985245049389,62.96800738272305
8.559573645257728,67.58409901636169
7.829734460504194,85.00500263262586
43.27533221493684,26.954818470196013
29.385077950971517,28.451622833080453
7.6981162621799655,88.87238984894992
7.727578570602942,86.77341836916908
11.096244776161631,48.66284487642149
7.4304058092556,94.79537052021082
55.483290444740625,26.247869912711224
93.1703468617684,25.51704721700648
95.82445081010741,25.49850795193387
69.80467828488726,25.802110246846883
8.402030832414313,71.57544439557606
8.407822424488032,69.12613942515469
12.8752277593855,42.68515062582922
34.298337636637605,27.70404855756939
21.546425536807874,29.833863269638712
78.25979635784684,25.65595916455821
72.48950587525493,25.761107631426448
58.0501951643441,26.1220735340377
59.234083608867834,26.08450362463662
13.111790765520828,41.47363289775436
20.649777137863197,30.13595567161557
26.22952695365277,28.848907232183464
15.884292562446065,34.465615663052944
15.722276273726486,35.63120269179781
7.896212350041375,82.43616441210025
16.547792690668423,33.533188165526894
7.529284316545707,92.27798321642535
99.75120876749489,25.479690689461986
7.622612133620024,90.69530683627133
33.313444911716196,27.814047513169246
8.739548250151552,61.86447360091652
88.66160169500296,25.55189717552849
11.587433492378057,46.55002988335224
85.99692614862825,25.56913949484879
53.64134817175586,26.285518568327785
45.49821230391446,26.721551838514646
40.384940902759034,27.109977461230915
37.0206968382991,27.45963878271345
13.509867829525026,40.35508659143397
83.36321724284333,25.644670105569233
91.34454383460651,25.52814209821427
18.950621166763494,30.66943018763418
101.580626447057,25.468962550141026
80.52391554451997,25.65534106101828
23.746274055638732,29.398231739480504
51.756043374773164,26.375574776485387
13.839673483384326,39.727505316005235
83.46980116090856,25.60910348584683
10.121786720574173,52.8133147742238
61.84769209370727,26.02083559979592
61.84891394899638,26.00549649037063
64.47545290476067,25.971823602173284
86.75405304837021,25.56258314814021
8.247201106665912,73.19874958998723
8.213121425835919,74.10602469852566
10.787042787046696,49.69842555657153
10.46796750949472,51.350633900659034
9.516869947436241,56.23208094124261
9.221909271819223,57.880812116429944
12.427826066684867,44.144926770084766
66.79898101303893,25.866586275196607
10.028175700034787,53.79780411241212
74.41812809476593,25.720762111926614
8.284539843386112,72.23681761075356
31.37187012062161,28.099287997292528
9.73014036071446,54.85447195127442
46.05482972028276,26.684963819754856
10.459433616453763,51.35342848935234
15.068597281802633,36.5459158125612
76.49936984770892,25.696425744201033
68.20984907074502,25.834346611351556
9.218551123722708,58.785035337902805
49.71413680470547,26.56405567738976
97.55187654871304,25.490303769503114
25.481131379808104,28.98440904294451
80.52378901522951,25.655381581124406
8.496724505154246,68.46584816608842
98.07692175098062,25.487637460677316
8.785095890841285,60.496349472218526
7.562181828532245,91.34850997709353
11.91371175576149,45.253003446731306
14.363374538043942,38.11706218198681
49.75086966433064,26.457305784225646
47.66414838235447,26.594092369688333
9.517152234822992,56.21154786965773
11.838745001570741,46.05664379522463
7.93472006362546,81.58732978977443
12.131523338503433,44.69591126984777
52.41223321131236,26.3457523556687
8.051058680914748,80.98483516901668
73.70820428905841,25.7414727234009
38.93859741419982,27.250874695472692
17.0380229321831,32.655291886728
102.58889836070891,25.46189701112872
7.4111156572904315,95.91689818554943
8.559573645257728,67.58409901636169
8.159616532599872,75.9487442053169
8.6591472828099,62.969196073686234
29.385077950971517,28.451622833080453
8.137632499135645,80.22590068339936
7.829734460504194,85.00500263262586
14.363374538043942,38.11706218198681
37.0206968382991,27.45963878271345
64.47545290476067,25.971823602173284
79.07880744522858,25.647575584884326
8.284539843386112,72.23681761075356
11.096244776161631,48.66284487642149
7.4304058092556,94.79537052021082
7.529284316545707,92.27798321642535
7.896212350041375,82.43616441210025
88.66160169500296,25.55189717552849
26.22952695365277,28.848907232183464
31.37187012062161,28.099287997292528
83.36321724284333,25.644670105569233
8.392210557854726,69.52411568445412
10.787042787046696,49.69842555657153
15.068597281802633,36.5459158125612
40.384940902759034,27.109977461230915
76.49936984770892,25.696425744201033
91.34454383460651,25.52814209821427
38.93859741419982,27.250874695472692
47.66414838235447,26.594092369688333
17.0380229321831,32.655291886728
69.80467828488726,25.802110246846883
9.73014036071446,54.85447195127442
10.121786720574173,52.8133147742238
11.587433492378057,46.55002988335224
59.234083608867834,26.08450362463662
12.427826066684867,44.144926770084766
66.79898101303893,25.866586275196607
34.298337636637605,27.70404855756939
7.6981162621799655,88.87238984894992
43.27533221493684,26.954818470196013
10.028175700034787,53.79780411241212
58.0501951643441,26.1220735340377
42.664389774572015,26.99919495245549
74.41812809476593,25.720762111926614
45.49821230391446,26.721551838514646
8.213121425835919,74.10602469852566
21.546425536807874,29.833863269638712
20.649777137863197,30.13595567161557
7.727576483626848,86.77371658943864
53.64134817175586,26.285518568327785
22.828084390597592,29.51931923814379
17.5036548722252,31.431365031848944
85.99692614862825,25.56913949484879
71.92237978678196,25.775826095209457
55.4985493010081,26.23794481584975
83.46980116090856,25.60910348584683
61.84769209370727,26.02083559979592
8.729024105221178,61.464600343526016
13.985467261113858,39.71730348891738
94.18867697373642,25.508743284955127
61.84891394899638,26.00549649037063
78.25979635784684,25.65595916455821
8.247201106665912,73.19874958998723
12.8752277593855,42.68515062582922
10.46796750949472,51.350633900659034
13.509867829525026,40.35508659143397
8.166067640493855,75.37180694375272
86.75405304837021,25.56258314814021
7.727578570602942,86.77341836916908
23.746274055638732,29.398231739480504
15.722276273726486,35.63120269179781
33.094002184412126,27.83970035177592
10.459433616453763,51.35342848935234
49.71413680470547,26.56405567738976
68.20984907074502,25.834346611351556
7.562181828532245,91.34850997709353
7.6714291600525275,89.14419210792043
98.07692175098062,25.487637460677316
8.827616254810799,59.97635495975449
7.638578580466066,90.47182335778044
11.91371175576149,45.253003446731306
9.443990517194944,56.51903545462347
7.93472006362546,81.58732978977443
51.56346858934079,26.39664023107178
8.716290597924665,62.45258331494646
16.547792690668423,33.533188165526894
97.55187654871304,25.490303769503114
49.75086966433064,26.457305784225646
9.517152234822992,56.21154786965773
9.266302718752794,57.62240014417901
24.695937360715224,29.133916700060833
12.131523338503433,44.69591126984777
9.024817021312804,58.78916877813908
73.48698864138018,25.733097036567333
19.548362960073025,30.4839230395923
55.483290444740625,26.247869912711224
13.365132730148945,41.264936595769996
15.884292562446065,34.465615663052944
15.548820445719615,35.961678182252136
101.4057181698772,25.469411523985766
7.410955631695451,95.92123513416313
102.58889836070891,25.46189701112872
8.137632499135645,80.22590068339936
8.6591472828099,62.969196073686234
8.159616532599872,75.9487442053169
8.391803775101044,69.52165285667031
8.559573645257728,67.58409901636169
7.829734460504194,85.00500263262586
8.284539843386112,72.23681761075356
12.8752277593855,42.68515062582922
7.529284316545707,92.27798321642535
45.49821230391446,26.721551838514646
101.4057181698772,25.469411523985766
31.37187012062161,28.099287997292528
7.4304058092556,94.79537052021082
64.47545290476067,25.971823602173284
83.36321724284333,25.644670105569233
79.07896674290478,25.647523645852488
94.18867697373642,25.508743284955127
19.548362960073025,30.4839230395923
53.64134817175586,26.285518568327785
66.79898101303893,25.866586275196607
29.385077950971517,28.451622833080453
98.07692175098062,25.487637460677316
76.49936984770892,25.696425744201033
13.365132730148945,41.264936595769996
71.92237978678196,25.775826095209457
9.73014036071446,54.85447195127442
28.17558551954148,28.629855013828198
15.884292562446065,34.465615663052944
7.896212350041375,82.43616441210025
16.547792690668423,33.533188165526894
37.0206968382991,27.45963878271345
33.094002184412126,27.83970035177592
10.787042787046696,49.69842555657153
95.58791992515432,25.49957658833365
11.538150775020743,47.08476582089041
12.427826066684867,44.144926770084766
9.266302718752794,57.62240014417901
43.27533221493684,26.954818470196013
11.096244776161631,48.66284487642149
10.028175700034787,53.79780411241212
7.93472006362546,81.58732978977443
42.664389774572015,26.99919495245549
68.20984907074502,25.834346611351556
35.78662171465796,27.57736668044853
11.91371175576149,45.253003446731306
58.0501951643441,26.1220735340377
51.56346858934079,26.39664023107178
91.36523431796049,25.522643726371193
7.70173275672198,88.3276793421664
11.587433492378057,46.55002988335224
17.767076946512823,31.15097710923408
8.559540549728856,67.58738738034484
14.763227104804644,36.734877952619655
7.638578580466066,90.47182335778044
26.22952695365277,28.848907232183464
24.695937360715224,29.133916700060833
8.827616254810799,59.97635495975449
90.9065173492079,25.5301831166166
21.546425536807874,29.833863269638712
55.51818516830949,26.228859685736698
83.46980116090856,25.60910348584683
60.715197272431176,26.040072837822013
86.75405304837021,25.56258314814021
62.617703238875734,25.98021867057423
13.985467261113858,39.71730348891738
14.363374538043942,38.11706218198681
8.247201106665912,73.19874958998723
85.97745082183897,25.57468138605191
73.48698864138018,25.733097036567333
10.470240477637779,51.16919078009863
9.517152234822992,56.21154786965773
97.55187654871304,25.490303769503114
7.759322336270231,86.1517450712162
40.384940902759034,27.109977461230915
59.234083608867834,26.08450362463662
15.722276273726486,35.63120269179781
47.64503360959618,26.675256327348404
10.43953409903509,52.80775239158175
8.213121425835919,74.10602469852566
88.66160169500296,25.55189717552849
49.71413680470547,26.56405567738976
14.367960886768486,38.07522676471662
7.6714291600525275,89.14419210792043
38.93726274325642,27.27282379812911
69.80467828488726,25.802110246846883
9.443990517194944,56.51903545462347
17.199613670390892,31.943629458131436
7.727576483626848,86.77371658943864
74.43651089379136,25.71188543271651
8.716290597924665,62.45258331494646
47.66414838235447,26.594092369688333
9.024817021312804,58.78916877813908
10.459433616453763,51.35342848935234
13.509867829525026,40.35508659143397
88.6615972797669,25.551907115088365
55.483290444740625,26.247869912711224
25.846755263797153,28.930428494989496
50.849231127873274,26.412204794288563
102.58889836070891,25.46189701112872
7.410955631695451,95.92123513416313
8.6591472828099,62.969196073686234
8.391803775101044,69.52165285667031
8.559573645257728,67.58409901636169
8.151368347274508,76.15574216868008
8.137632499135645,80.22590068339936
33.094002184412126,27.83970035177592
8.284539843386112,72.23681761075356
7.896212350041375,82.43616441210025
80.27476622613742,25.6310290693998
35.78662171465796,27.57736668044853
21.546425536807874,29.833863269638712
24.695937360715224,29.133916700060833
101.4057181698772,25.469411523985766
64.47545290476067,25.971823602173284
11.096244776161631,48.66284487642149
94.18867697373642,25.508743284955127
7.527663227427991,92.16813351707552
7.638578580466066,90.47182335778044
53.64134817175586,26.285518568327785
40.384940902759034,27.109977461230915
11.91371175576149,45.253003446731306
10.787042787046696,49.69842555657153
13.985467261113858,39.71730348891738
79.07896674290478,25.647523645852488
62.617703238875734,25.98021867057423
38.93726274325642,27.27282379812911
29.385077950971517,28.451622833080453
8.213121425835919,74.10602469852566
69.80467828488726,25.802110246846883
9.73014036071446,54.85447195127442
10.43953409903509,52.80775239158175
7.478719354187557,93.50206239914817
37.0206968382991,27.45963878271345
7.830129664266485,84.98839653780631
60.715197272431176,26.040072837822013
98.27493125031395,25.48666070578391
85.97745082183897,25.57468138605191
11.538150775020743,47.08476582089041
74.43651089379136,25.71188543271651
12.8752277593855,42.68515062582922
7.70173275672198,88.3276793421664
83.46953329116714,25.609470951461166
7.93472006362546,81.58732978977443
17.15135746722288,31.817961118492136
12.427826066684867,44.144926770084766
42.664389774572015,26.99919495245549
19.52170705623096,30.431146364944556
15.722276273726486,35.63120269179781
51.56346858934079,26.39664023107178
7.6714291600525275,89.14419210792043
16.547792690668423,33.533188165526894
91.36523431796049,25.522643726371193
11.587433492378057,46.55002988335224
21.369239888956226,29.89433658917693
8.159616532599872,75.9487442053169
7.727576483626848,86.77371658943864
8.557990683584853,67.6124886670695
59.234083608867834,26.08450362463662
55.51818516830949,26.228859685736698
86.75405304837021,25.56258314814021
13.509867829525026,40.35508659143397
58.050007054083295,26.124913703468096
90.9065173492079,25.5301831166166
76.4996372571929,25.696026773268724
8.743111361943024,61.15116893346003
14.363374538043942,38.11706218198681
73.23382867796715,25.727981420567474
8.247201106665912,73.19874958998723
10.470240477637779,51.16919078009863
83.46980116090856,25.60910348584683
8.716290597924665,62.45258331494646
9.517152234822992,56.21154786965773
97.55187654871304,25.490303769503114
66.78923585210038,25.892180853352016
31.351042620759543,28.116655971147598
12.623144344187413,43.479326401368255
44.59092472786479,26.78626324551676
13.068124216481596,41.38597240698333
14.763227104804644,36.734877952619655
26.22952695365277,28.848907232183464
47.64503360959618,26.675256327348404
28.17558551954148,28.629855013828198
88.66160265326815,25.551895019719105
14.367960886768486,38.07522676471662
49.71413680470547,26.56405567738976
15.434502677548446,36.34110719414814
45.49821230391446,26.721551838514646
10.459433616453763,51.35342848935234
47.66414838235447,26.594092369688333
18.633260657348387,30.777672459584014
71.92237978678196,25.775826095209457
31.37187012062161,28.099287997292528
76.49936984770892,25.696425744201033
9.443990517194944,56.51903545462347
8.13756136047887,80.23483818338909
15.884292562446065,34.465615663052944
95.58792802096276,25.499467029651377
55.483290444740625,26.247869912711224
7.410955631695451,95.92123513416313
102.58889836070891,25.46189701112872
7.997112066097676,79.9548487819249
8.6591472828099,62.969196073686234
8.559573645257728,67.58409901636169
8.84187529548317,59.91528394985181
7.830129664266485,84.98839653780631
8.151368347274508,76.15574216868008
66.78923585210038,25.892180853352016
9.443990517194944,56.51903545462347
69.80467828488726,25.802110246846883
7.671262283241198,88.21535696113611
16.547792690668423,33.533188165526894
8.391803775101044,69.52165285667031
41.74434999602261,26.99734780298072
51.56346858934079,26.39664023107178
9.73014036071446,54.85447195127442
80.27476622613742,25.6310290693998
64.47545290476067,25.971823602173284
17.15135746722288,31.817961118492136
26.22952695365277,28.848907232183464
49.382857772429354,26.484149242627247
44.59092472786479,26.78626324551676
53.64134817175586,26.285518568327785
24.49096748004602,29.158907835348828
21.618583019990616,29.806053976269364
62.617703238875734,25.98021867057423
13.068124216481596,41.38597240698333
7.896212350041375,82.43616441210025
11.096244776161631,48.66284487642149
15.884292562446065,34.465615663052944
8.336134714653753,70.90849353604064
7.638578580466066,90.47182335778044
71.92237978678196,25.775826095209457
11.91371175576149,45.253003446731306
10.299246896432434,53.48872275710646
88.66160265326815,25.551895019719105
12.427826066684867,44.144926770084766
95.58792802096276,25.499467029651377
85.97745082183897,25.57468138605191
98.27493125031395,25.48666070578391
83.46953329116714,25.609470951461166
45.49821230391446,26.721551838514646
100.81082635483274,25.485545935052286
33.33050530809594,27.82532429793775
10.43953409903509,52.80775239158175
13.509867829525026,40.35508659143397
15.722276273726486,35.63120269179781
91.36523431796049,25.522643726371193
93.84960384199559,25.513303782989794
7.468090275407022,94.67405944398995
35.78662171465796,27.57736668044853
18.633260657348387,30.777672459584014
7.93472006362546,81.58732978977443
8.557990683584853,67.6124886670695
55.51818516830949,26.228859685736698
86.75405304837021,25.56258314814021
97.55187654871304,25.490303769503114
38.93726274325642,27.27282379812911
58.050007054083295,26.124913703468096
79.07837163445826,25.65400687734329
76.49946665434646,25.695047635257946
40.384940902759034,27.109977461230915
73.23382867796715,25.727981420567474
8.247201106665912,73.19874958998723
11.536381379114815,47.138345530981
20.30308687121376,30.215245782853433
10.470240477637779,51.16919078009863
83.46980116090856,25.60910348584683
8.182176105926077,75.02445260526697
14.194568730663653,38.18836053026811
8.213121425835919,74.10602469852566
59.234083608867834,26.08450362463662
7.749715191106877,86.51639606990966
15.434502677548446,36.34110719414814
13.985467261113858,39.71730348891738
29.485454551652268,28.3705901374963
7.727576483626848,86.77371658943864
7.478719354187557,93.50206239914817
10.787042787046696,49.69842555657153
47.64503360959618,26.675256327348404
12.50815491359052,43.1673069128379
9.517152234822992,56.21154786965773
28.17558551954148,28.629855013828198
90.1836151489401,25.5352916799964
31.351042620759543,28.116655971147598
10.459433616453763,51.35342848935234
14.367960886768486,38.07522676471662
14.760922398859316,36.75410421018429
37.03493320431674,27.438821731470767
24.67086630535374,29.12238508087927
7.527663227427991,92.16813351707552
7.625661225558064,90.80911897721427
74.7413050345664,25.704073844327503
31.70770032306317,28.069696937785547
12.8752277593855,42.68515062582922
47.66414838235447,26.594092369688333
60.715197272431176,26.040072837822013
55.483290444740625,26.247869912711224
33.094002184412126,27.83970035177592
102.58889836070891,25.46189701112872
7.399666428638751,97.61455082666318
8.6591472828099,62.969196073686234
8.559573645257728,67.58409901636169
7.994533738563428,79.90091971994839
9.73014036071446,54.85447195127442
9.443990517194944,56.51903545462347
10.25856075350598,52.17076813130591
69.80467828488726,25.802110246846883
8.09614008699359,77.00699697308656
8.845955118791563,59.8709269375328
8.336134714653753,70.90849353604064
66.78923585210038,25.892180853352016
20.30308687121376,30.215245782853433
93.84960384199559,25.513303782989794
35.78662171465796,27.57736668044853
8.748124369002856,60.89501045038221
57.9285528087769,26.116915245381612
29.485454551652268,28.3705901374963
95.58792802096276,25.499467029651377
22.625350983919805,29.559421841468215
7.527663227427991,92.16813351707552
91.36523431796049,25.522643726371193
28.17558551954148,28.629855013828198
37.03493320431674,27.438821731470767
13.985467261113858,39.71730348891738
7.93472006362546,81.58732978977443
7.869541241830626,83.06730427800801
7.478719354187557,93.50206239914817
12.427826066684867,44.144926770084766
85.97745082183897,25.57468138605191
10.787042787046696,49.69842555657153
98.15753649302565,25.48575806061795
7.468090275407022,94.67405944398995
76.49946665434646,25.695047635257946
83.46953329116714,25.609470951461166
80.27477808727232,25.631000727030862
21.618583019990616,29.806053976269364
64.47545290476067,25.971823602173284
55.51818516830949,26.228859685736698
41.74461732694959,26.99718402170335
44.59092472786479,26.78626324551676
100.81082635483274,25.485545935052286
13.509867829525026,40.35508659143397
8.276757530650585,73.17510200593534
33.33050530809594,27.82532429793775
62.617703238875734,25.98021867057423
7.6424344354170675,90.43212575951871
38.93726274325642,27.27282379812911
7.668832528522736,88.22415253309947
15.722276273726486,35.63120269179781
73.23382867796715,25.727981420567474
59.234083608867834,26.08450362463662
12.8752277593855,42.68515062582922
16.914739431289785,33.03458643628892
8.660987866029739,62.925427929634886
18.633260657348387,30.777672459584014
11.096244776161631,48.66284487642149
14.760922398859316,36.75410421018429
8.182176105926077,75.02445260526697
90.1836151489401,25.5352916799964
11.91371175576149,45.253003446731306
74.7413050345664,25.704073844327503
8.151368347274508,76.15574216868008
8.392660924063673,69.43221394539255
79.07837163445826,25.65400687734329
24.49096748004602,29.158907835348828
31.351042620759543,28.116655971147598
8.557990683584853,67.6124886670695
97.55187654871304,25.490303769503114
7.830937619071646,84.98565289369954
83.46998449716862,25.608526772115994
14.194568730663653,38.18836053026811
9.517152234822992,56.21154786965773
8.213121425835919,74.10602469852566
14.367960886768486,38.07522676471662
11.479016627941528,48.10055615950182
65.66161764446188,25.907327096195694
12.50815491359052,43.1673069128379
60.715197272431176,26.040072837822013
7.625661225558064,90.80911897721427
49.382857772429354,26.484149242627247
40.384940902759034,27.109977461230915
7.727576483626848,86.77371658943864
51.56346858934079,26.39664023107178
11.901526750490937,45.821535848384016
7.410955631695451,95.92123513416313
10.552573170045639,50.748841792587214
51.56606071129623,26.38913356217867
53.64058048070327,26.28771777602539
45.964198629812444,26.69478582842035
71.92237978678196,25.775826095209457
31.70770032306317,28.069696937785547
11.628481484886397,46.7827483855554
7.781795705492294,85.36360362545695
26.466349230479416,28.807658092850424
7.896212350041375,82.43616441210025
8.391803775101044,69.52165285667031
61.49107168794434,26.012640159832227
7.671262283241198,88.21535696113611
7.399538944518019,97.63858175386764
102.58890710975598,25.46178227668933
8.6591472828099,62.969196073686234
8.559573645257728,67.58409901636169
49.382857772429354,26.484149242627247
10.25856075350598,52.17076813130591
45.964198629812444,26.69478582842035
9.443990517194944,56.51903545462347
13.509867829525026,40.35508659143397
9.155586669580009,59.83470889619831
8.09614008699359,77.00699697308656
8.336134714653753,70.90849353604064
85.97745082183897,25.57468138605191
33.33050530809594,27.82532429793775
12.8752277593855,42.68515062582922
41.74461732694959,26.99718402170335
15.893803871150292,34.40910395847079
100.81082635483274,25.485545935052286
80.27477808727232,25.631000727030862
76.49946665434646,25.695047635257946
16.87773507692519,33.01461147738571
66.78923585210038,25.892180853352016
88.33110251012265,25.573627078859417
15.722276273726486,35.63120269179781
53.64058048070327,26.28771777602539
7.410955631695451,95.92123513416313
7.994533738563428,79.90091971994839
38.93726274325642,27.27282379812911
29.485454551652268,28.3705901374963
10.552573170045639,50.748841792587214
7.527663227427991,92.16813351707552
24.49096748004602,29.158907835348828
28.17558551954148,28.629855013828198
13.985467261113858,39.71730348891738
71.92237978678196,25.775826095209457
36.9138105982968,27.42855170800173
57.9285528087769,26.116915245381612
7.6424344354170675,90.43212575951871
11.628481484886397,46.7827483855554
10.134805608315016,54.38352932824717
74.7413050345664,25.704073844327503
98.15753649302565,25.48575806061795
93.84960384199559,25.513303782989794
83.46953329116714,25.609470951461166
40.384940902759034,27.109977461230915
7.468090275407022,94.67405944398995
64.47545290476067,25.971823602173284
69.804654054292,25.80246135375379
44.59092472786479,26.78626324551676
7.830937619071646,84.98565289369954
10.787042787046696,49.69842555657153
8.276757530650585,73.17510200593534
62.617703238875734,25.98021867057423
90.1836151489401,25.5352916799964
7.668832528522736,88.22415253309947
21.618583019990616,29.806053976269364
73.23382867796715,25.727981420567474
95.58792802096276,25.499467029651377
35.78662171465796,27.57736668044853
8.182176105926077,75.02445260526697
8.747511096433467,60.948335007010684
8.660987866029739,62.925427929634886
11.91371175576149,45.253003446731306
79.07837163445826,25.65400687734329
31.351042620759543,28.116655971147598
18.633260657348387,30.777672459584014
17.045986260106126,32.007406241489235
7.869536764876513,83.06791009946193
8.450636899745952,68.01453692485237
55.888573246038085,26.2007880725335
83.4697799316838,25.599290607246857
11.479016627941528,48.10055615950182
91.49469552710542,25.521522940396668
20.30308687121376,30.215245782853433
9.517152234822992,56.21154786965773
7.781795705492294,85.36360362545695
14.768097383868378,36.73686805088944
26.145685215133064,28.935237390967163
26.466349230479416,28.807658092850424
14.367960886768486,38.07522676471662
65.66161764446188,25.907327096195694
7.625661225558064,90.80911897721427
23.18319882474743,29.428695272551977
31.70770032306317,28.069696937785547
55.51818516830949,26.228859685736698
12.50815491359052,43.1673069128379
51.56346858934079,26.39664023107178
11.901526750490937,45.821535848384016
7.99383680764432,79.90293601572546
7.934729459217739,81.58608846027157
59.234083608867834,26.08450362463662
7.399666428638751,97.61455082666318
14.194568730663653,38.18836053026811
51.56606071129623,26.38913356217867
14.760922398859316,36.75410421018429
69.80471886782429,25.802004809079303
9.73014036071446,54.85447195127442
8.392660924063673,69.43221394539255
12.427826066684867,44.144926770084766
8.391803775101044,69.52165285667031
7.399404687638989,97.66025617081125
102.58890710975598,25.46178227668933
8.553388365887525,66.98693315700783
7.668832528522736,88.22415253309947
8.6591472828099,62.969196073686234
62.617703238875734,25.98021867057423
85.97745082183897,25.57468138605191
59.234083608867834,26.08450362463662
8.747511096433467,60.948335007010684
11.479016627941528,48.10055615950182
7.869536764876513,83.06791009946193
8.182176105926077,75.02445260526697
9.010541180778695,59.01801378818929
100.81082635483274,25.485545935052286
7.781795705492294,85.36360362545695
10.787042787046696,49.69842555657153
12.8752277593855,42.68515062582922
95.58792802096276,25.499467029651377
7.934729459217739,81.58608846027157
66.78923585210038,25.892180853352016
9.443990517194944,56.51903545462347
93.83964481725928,25.513018169672268
15.722276273726486,35.63120269179781
10.134805608315016,54.38352932824717
35.78662171465796,27.57736668044853
7.410955631695451,95.92123513416313
21.618583019990616,29.806053976269364
8.06650718476874,77.7866985177274
38.93726274325642,27.27282379812911
80.27477808727232,25.631000727030862
16.87773507692519,33.01461147738571
20.30308687121376,30.215245782853433
8.276757530650585,73.17510200593534
23.18319882474743,29.428695272551977
13.50873095179639,40.35591183529376
91.49469552710542,25.521522940396668
49.36982389663902,26.492795269064075
45.976860600120524,26.685872456013534
7.527663227427991,92.16813351707552
13.985467261113858,39.71730348891738
71.92237978678196,25.775826095209457
7.6424344354170675,90.43212575951871
8.450636899745952,68.01453692485237
12.427826066684867,44.144926770084766
7.474761842358357,94.64815719337176
74.7413050345664,25.704073844327503
79.07837163445826,25.65400687734329
83.46953329116714,25.609470951461166
40.384940902759034,27.109977461230915
64.47545290476067,25.971823602173284
69.804654054292,25.80246135375379
33.33050530809594,27.82532429793775
44.58938267850558,26.80485969960793
41.744847170704155,26.993501212099684
8.336128461155196,70.90850795302524
10.25856075350598,52.17076813130591
9.73014036071446,54.85447195127442
73.23382867796715,25.727981420567474
7.994533738563428,79.90091971994839
90.1836151489401,25.5352916799964
8.914837279563004,59.54442866804679
88.33110251012265,25.573627078859417
8.660987866029739,62.925427929634886
11.91371175576149,45.253003446731306
15.939417183185254,34.31560516888711
8.096184316290628,77.00679885254249
53.64058048070327,26.28771777602539
98.15753649302565,25.48575806061795
76.50561530725143,25.67809701309801
98.15274348989257,25.49603985159747
7.830949610427998,84.98399637011892
31.351042620759543,28.116655971147598
83.4697799316838,25.599290607246857
14.194568730663653,38.18836053026811
8.257324706591794,73.67442758516488
55.888573246038085,26.2007880725335
9.517152234822992,56.21154786965773
65.66161764446188,25.907327096195694
14.774290238977613,36.68510943969002
18.988804032760026,30.648408287585042
49.382857772429354,26.484149242627247
51.56346858934079,26.39664023107178
36.9138105982968,27.42855170800173
7.99383680764432,79.90293601572546
7.399666428638751,97.61455082666318
26.118267742347378,28.903622982175843
14.367960886768486,38.07522676471662
51.56606071129623,26.38913356217867
29.495717373936426,28.332606919315513
7.625661225558064,90.80911897721427
10.540707386067657,51.33464096435683
69.80471886782429,25.802004809079303
57.92245748984977,26.13623481203561
14.737423423670245,36.906890115225956
26.466349230479416,28.807658092850424
8.392660924063673,69.43221394539255
31.70770032306317,28.069696937785547
8.391803775101044,69.52165285667031
28.17558551954148,28.629855013828198
24.495910571353026,29.15337140138317
7.399404687638989,97.66025617081125
102.58918062355039,25.45862382586983
11.479016627941528,48.10055615950182
7.668832528522736,88.22415253309947
11.91371175576149,45.253003446731306
8.553388365887525,66.98693315700783
8.6591472828099,62.969196073686234
12.8752277593855,42.68515062582922
13.488056182049888,40.066281040074436
8.336128461155196,70.90850795302524
33.33050530809594,27.82532429793775
41.744847170704155,26.993501212099684
7.869536764876513,83.06791009946193
53.64058048070327,26.28771777602539
8.182176105926077,75.02445260526697
55.888573246038085,26.2007880725335
85.97745082183897,25.57468138605191
100.81082635483274,25.485545935052286
80.27477808727232,25.631000727030862
7.781795705492294,85.36360362545695
66.78923585210038,25.892180853352016
87.90305240613846,25.56807485272137
29.495717373936426,28.332606919315513
79.07837163445826,25.65400687734329
10.540707386067657,51.33464096435683
8.276757530650585,73.17510200593534
7.527663227427991,92.16813351707552
27.784382685398832,28.62537518553025
49.368661526117556,26.496188930031455
45.976860600120524,26.685872456013534
9.136743988332867,58.48620051111523
24.495910571353026,29.15337140138317
20.30308687121376,30.215245782853433
71.92237978678196,25.775826095209457
38.93726274325642,27.27282379812911
62.61718663060785,25.98380463026254
59.234195765186875,26.082762111997972
57.92245748984977,26.13623481203561
7.410955631695451,95.92123513416313
10.134805608315016,54.38352932824717
8.096184316290628,77.00679885254249
44.58938267850558,26.80485969960793
83.46953329116714,25.609470951461166
8.06650718476874,77.7866985177274
64.47545290476067,25.971823602173284
69.804654054292,25.80246135375379
7.6424344354170675,90.43212575951871
35.78662171465796,27.57736668044853
10.23343625822627,52.620447600528585
9.73014036071446,54.85447195127442
16.87773507692519,33.01461147738571
76.50561530725143,25.67809701309801
9.415032917623204,56.561110933007214
7.994533738563428,79.90091971994839
10.787042787046696,49.69842555657153
17.539135106270226,31.181860766191356
73.23382867796715,25.727981420567474
98.15753649302565,25.48575806061795
15.944483224804586,34.30500637749661
14.774290238977613,36.68510943969002
98.15274348989257,25.49603985159747
23.18319882474743,29.428695272551977
95.58802319301557,25.498179554878302
7.831707345873876,84.97522448498142
83.4697799316838,25.599290607246857
8.257324706591794,73.67442758516488
14.194568730663653,38.18836053026811
9.517152234822992,56.21154786965773
65.66161764446188,25.907327096195694
10.78697201323843,49.70234530877686
12.851365591693718,43.465854628359665
91.66855308055436,25.520285352756126
31.70770032306317,28.069696937785547
15.717264806890697,35.64239620275965
90.18360067584615,25.535491547418648
49.382857772429354,26.484149242627247
51.56346858934079,26.39664023107178
7.399666428638751,97.61455082666318
7.510860768197004,93.54148566434529
7.986041675142664,80.16193700378821
7.625661225558064,90.80911897721427
14.737423423670245,36.906890115225956
14.367960886768486,38.07522676471662
36.99932898869668,27.422538152414077
14.023628906445015,39.70932508978314
51.56606071129623,26.38913356217867
93.83964481725928,25.513018169672268
31.351042620759543,28.116655971147598
69.80473334746456,25.80179502207158
18.988804032760026,30.648408287585042
8.7169262219877,61.54127140470913
22.497398006620877,29.588219353684813
8.392660924063673,69.43221394539255
26.466349230479416,28.807658092850424
7.934729459217739,81.58608846027157
8.764720287667595,60.443634032932344
8.391803775101044,69.52165285667031
10.25856075350598,52.17076813130591
8.450636899745952,68.01453692485237
12.427687656282776,44.14505119902553
102.58918062355039,25.45862382586983
7.399404687638989,97.66025617081125
76.50561530725143,25.67809701309801
8.6591472828099,62.969196073686234
8.553388365887525,66.98693315700783
62.61718663060785,25.98380463026254
98.15753649302565,25.48575806061795
38.93726274325642,27.27282379812911
16.87773507692519,33.01461147738571
7.510860768197004,93.54148566434529
44.58938267850558,26.80485969960793
90.18360067584615,25.535491547418648
7.781795705492294,85.36360362545695
66.78923585210038,25.892180853352016
87.22062326192021,25.563960117607778
29.495717373936426,28.332606919315513
12.427687656282776,44.14505119902553
24.495910571353026,29.15337140138317
18.988804032760026,30.648408287585042
12.98772951240975,41.71470273487126
7.668832528522736,88.22415253309947
93.83964481725928,25.513018169672268
53.64058048070327,26.28771777602539
22.497398006620877,29.588219353684813
7.934729459217739,81.58608846027157
26.466349230479416,28.807658092850424
79.07837163445826,25.65400687734329
12.690036571031563,42.640278118261186
11.688261235290854,47.89730266744926
8.096184316290628,77.00679885254249
10.540707386067657,51.33464096435683
11.89088281927356,45.559967034355545
91.66855308055436,25.520285352756126
8.276757530650585,73.17510200593534
36.99932898869668,27.422538152414077
59.234197554109485,26.082735173653198
57.92245748984977,26.13623481203561
49.129588875346876,26.50495271566607
46.20839406349202,26.675132747044778
73.23382867796715,25.727981420567474
8.450636899745952,68.01453692485237
11.479016627941528,48.10055615950182
7.430821933708689,95.75112812746315
82.71901049233078,25.5998300154673
10.134805608315016,54.38352932824717
15.717264806890697,35.64239620275965
41.744847170704155,26.993501212099684
14.023628906445015,39.70932508978314
41.7245432703258,27.069031125687495
69.804654054292,25.80246135375379
17.338652354782276,31.506756103303847
8.336128461155196,70.90850795302524
10.23343625822627,52.620447600528585
20.30308687121376,30.215245782853433
8.7169262219877,61.54127140470913
7.6655017334231,88.3119371405443
7.642775560405171,90.42016489612786
10.787042787046696,49.69842555657153
34.978171219879584,27.66390222828817
17.539135106270226,31.181860766191356
8.005038983718654,79.67846125106084
8.182154800569863,75.02654522930236
13.476465377780846,40.18559619514176
100.81082635483274,25.485545935052286
8.98399796544341,59.27890173302069
15.944483224804586,34.30500637749661
7.869536764876513,83.06791009946193
95.6087089073633,25.492716245810747
23.18319882474743,29.428695272551977
31.351042620759543,28.116655971147598
8.062533609787879,77.8428932023344
7.831707345873876,84.97522448498142
80.27477808727232,25.631000727030862
14.194568730663653,38.18836053026811
9.15414629856806,58.101628187662385
85.85053557138166,25.58692537358048
11.91371175576149,45.253003446731306
10.785651687544155,49.73309592673296
83.59468983383937,25.597054034636134
55.888573246038085,26.2007880725335
31.70770032306317,28.069696937785547
9.415032917623204,56.561110933007214
15.08871506155229,36.09764660913852
49.382857772429354,26.484149242627247
51.56346858934079,26.39664023107178
64.47545290476067,25.971823602173284
7.986041675142664,80.16193700378821
7.399666428638751,97.61455082666318
27.784382685398832,28.62537518553025
7.40891048781909,95.95819709784627
7.527663227427991,92.16813351707552
52.17896153981907,26.3682046246062
71.92237978678196,25.775826095209457
69.80473334746456,25.80179502207158
55.8891141053805,26.199250784586894
8.764720287667595,60.443634032932344
8.392660924063673,69.43221394539255
8.214119443335848,74.00027675431542
7.869910392370988,83.01743873666118
10.25856075350598,52.17076813130591
7.399404687638989,97.66025617081125
102.59006057595963,25.458411249446936
34.978171219879584,27.66390222828817
10.134805608315016,54.38352932824717
14.194568730663653,38.18836053026811
8.6591472828099,62.969196073686234
8.553388365887525,66.98693315700783
7.642775560405171,90.42016489612786
98.15753649302565,25.48575806061795
9.415032917623204,56.561110933007214
15.08871506155229,36.09764660913852
90.18360067584615,25.535491547418648
44.58938267850558,26.80485969960793
95.6087089073633,25.492716245810747
64.47545290476067,25.971823602173284
7.527663227427991,92.16813351707552
31.70770032306317,28.069696937785547
8.182154800569863,75.02654522930236
15.944483224804586,34.30500637749661
8.336128461155196,70.90850795302524
7.751707166776085,86.13282071117831
8.096184316290628,77.00679885254249
79.07837163445826,25.65400687734329
11.688261235290854,47.89730266744926
11.89088281927356,45.559967034355545
91.66855308055436,25.520285352756126
80.27477808727232,25.631000727030862
85.85053557138166,25.58692537358048
27.784382685398832,28.62537518553025
8.062533609787879,77.8428932023344
26.466349230479416,28.807658092850424
13.476465377780846,40.18559619514176
100.81082635483274,25.485545935052286
57.92245748984977,26.13623481203561
22.497398006620877,29.588219353684813
76.50561530725143,25.67809701309801
73.23385583569733,25.72759335638283
15.717264806890697,35.64239620275965
83.59468983383937,25.597054034636134
8.005038983718654,79.67846125106084
67.72078621175662,25.850643653068545
7.831707345873876,84.97522448498142
11.479016627941528,48.10055615950182
41.744847170704155,26.993501212099684
41.7245432703258,27.069031125687495
8.276757530650585,73.17510200593534
8.392660924063673,69.43221394539255
39.03822507513802,27.26360538110069
10.23343625822627,52.620447600528585
20.350199661216934,30.209555705720653
87.22062326192021,25.563960117607778
60.97183200630285,26.028033675154987
7.668832528522736,88.22415253309947
51.56346858934079,26.39664023107178
7.4365521068387945,94.8055777443479
7.6655017334231,88.3119371405443
10.815325516905293,49.59600740875054
8.98399796544341,59.27890173302069
16.49323027827118,33.21002935857234
7.869536764876513,83.06791009946193
76.52551793801777,25.676122548079736
49.382857772429354,26.484149242627247
46.94179802619002,26.629251974253496
31.351042620759543,28.116655971147598
13.008193048219132,41.63389193391262
82.70031429365663,25.6057997926142
24.832191356202813,29.09077789928677
66.78923585210038,25.892180853352016
53.64058048070327,26.28771777602539
17.088976593762712,32.137597200582675
55.82173366178374,26.204952107857434
49.129588875346876,26.50495271566607
10.76674801792972,49.808929565473704
36.99932898869668,27.422538152414077
12.427687656282776,44.14505119902553
71.92237978678196,25.775826095209457
9.227023059879965,57.553161383213755
7.399666428638751,97.61455082666318
12.690036571031563,42.640278118261186
7.40891048781909,95.95819709784627
10.540707386067657,51.33464096435683
38.93726274325642,27.27282379812911
93.83964481725928,25.513018169672268
29.495717373936426,28.332606919315513
14.023628906445015,39.70932508978314
71.02014324213577,25.7932372789631
69.804654054292,25.80246135375379
37.00767143666966,27.416558816243228
55.8891141053805,26.199250784586894
29.462025011690475,28.33733187632209
52.17896153981907,26.3682046246062
23.18319882474743,29.428695272551977
24.495910571353026,29.15337140138317
8.214119443335848,74.00027675431542
18.988804032760026,30.648408287585042
17.98732011883899,31.01242035882421
16.87773507692519,33.01461147738571
8.362840096183664,70.26749402206784
10.25856075350598,52.17076813130591
8.450636899745952,68.01453692485237
102.59006057595963,25.458411249446936
7.399404687638989,97.66025617081125
7.869536764876513,83.06791009946193
8.005038983718654,79.67846125106084
7.527663227427991,92.16813351707552
8.553388365887525,66.98693315700783
60.97183200630285,26.028033675154987
10.134805608315016,54.38352932824717
8.6591472828099,62.969196073686234
44.58938267850558,26.80485969960793
7.619971756732488,89.66472477170686
7.4365521068387945,94.8055777443479
9.415032917623204,56.561110933007214
87.21582229063176,25.56394528461795
46.94179802619002,26.629251974253496
64.47545290476067,25.971823602173284
12.427687656282776,44.14505119902553
100.81082635483274,25.485545935052286
7.751707166776085,86.13282071117831
73.23385583569733,25.72759335638283
95.6087089073633,25.492716245810747
8.276757530650585,73.17510200593534
7.831707345873876,84.97522448498142
8.182154800569863,75.02654522930236
93.83964481725928,25.513018169672268
8.336128461155196,70.90850795302524
53.64058048070327,26.28771777602539
79.81592928346751,25.627122655737693
82.70031429365663,25.6057997926142
34.965214068196666,27.67372022666322
31.70770032306317,28.069696937785547
7.40891048781909,95.95819709784627
85.20185953498115,25.581856515742643
15.944483224804586,34.30500637749661
26.466349230479416,28.807658092850424
13.476465377780846,40.18559619514176
11.89088281927356,45.559967034355545
8.736933700981961,60.807604421567774
91.66855308055436,25.520285352756126
8.450636899745952,68.01453692485237
14.023628906445015,39.70932508978314
76.2450019205899,25.685823775142104
90.18360067584615,25.535491547418648
11.700768164382616,46.268706751093845
15.717264806890697,35.64239620275965
69.804654054292,25.80246135375379
57.934082688962306,26.128020582538124
13.008193048219132,41.63389193391262
14.764250805767752,38.05217019518642
11.479016627941528,48.10055615950182
41.744847170704155,26.993501212099684
39.03822507513802,27.26360538110069
41.7245432703258,27.069031125687495
10.232573980663275,52.583597613922095
22.497398006620877,29.588219353684813
20.350241948700997,30.208868079503883
10.815325516905293,49.59600740875054
8.667619573425116,62.76226382907828
14.194568730663653,38.18836053026811
14.932626274158318,36.38186465478558
7.668913568086798,88.22334146640577
8.096481498753713,76.95839459960143
10.540707386067657,51.33464096435683
98.15753649302565,25.48575806061795
11.688261235290854,47.89730266744926
49.129588875346876,26.50495271566607
18.988804032760026,30.648408287585042
23.18319882474743,29.428695272551977
10.76674801792972,49.808929565473704
98.1280892670083,25.490632242028965
8.214119443335848,74.00027675431542
83.59468983383937,25.597054034636134
9.178080157922928,58.124100113640395
8.062238422658934,77.89231310962401
24.832191356202813,29.09077789928677
78.27805492978912,25.646353921451425
55.82173366178374,26.204952107857434
35.01066579555109,27.658366958195277
36.99932898869668,27.422538152414077
71.92237978678196,25.775826095209457
9.227023059879965,57.553161383213755
66.28463022477054,25.885446834895042
8.795520598377085,60.216537571915225
7.399666428638751,97.61455082666318
12.632436452293302,42.72771512417076
38.93726274325642,27.27282379812911
51.56346858934079,26.39664023107178
52.17896153981907,26.3682046246062
17.088976593762712,32.137597200582675
55.8891141053805,26.199250784586894
71.02014324213577,25.7932372789631
67.88739890193443,25.84674565444508
30.846193077284585,28.19030417301072
57.92245748984977,26.13623481203561
37.00767143666966,27.416558816243228
24.495910571353026,29.15337140138317
29.462025011690475,28.33733187632209
27.794681014833625,28.61522557264394
16.87773507692519,33.01461147738571
8.362840096183664,70.26749402206784
102.59006057595963,25.458411249446936
7.399404687638989,97.66025617081125
7.869536764876513,83.06791009946193
60.97183200630285,26.028033675154987
10.134805608315016,54.38352932824717
64.47545290476067,25.971823602173284
8.6591472828099,62.969196073686234
8.554079103717234,66.9864759956505
44.58938267850558,26.80485969960793
7.527663227427991,92.16813351707552
49.129588875346876,26.50495271566607
31.70770032306317,28.069696937785547
9.415032917623204,56.561110933007214
7.619971756732488,89.66472477170686
8.005038951658655,79.67846531983895
8.450636899745952,68.01453692485237
90.18360067584615,25.535491547418648
73.23385583569733,25.72759335638283
95.6087089073633,25.492716245810747
7.751707166776085,86.13282071117831
13.008193048219132,41.63389193391262
14.932626274158318,36.38186465478558
8.182154800569863,75.02654522930236
16.87773507692519,33.01461147738571
53.64058048070327,26.28771777602539
9.178080157922928,58.124100113640395
8.362840096183664,70.26749402206784
8.096481498753713,76.95839459960143
12.632436452293302,42.72771512417076
22.497398006620877,29.588219353684813
34.965214068196666,27.67372022666322
93.83964481725928,25.513018169672268
85.20185953498115,25.581856515742643
20.350241948700997,30.208868079503883
67.88739890193443,25.84674565444508
27.794681014833625,28.61522557264394
29.462025011690475,28.33733187632209
66.28463022477054,25.885446834895042
7.482956657889803,93.35389236291344
10.540707386067657,51.33464096435683
7.40891048781909,95.95819709784627
8.062238422658934,77.89231310962401
7.668913568086798,88.22334146640577
13.948358661169827,39.55994355637349
41.744847170704155,26.993501212099684
69.804654054292,25.80246135375379
57.934082688962306,26.128020582538124
8.795520630543063,60.21653482006292
14.764250805767752,38.05217019518642
51.56346858934079,26.39664023107178
76.2450019205899,25.685823775142104
8.293436531399669,73.05820508541947
10.232573980663275,52.583597613922095
17.088976593762712,32.137597200582675
87.23099414350794,25.553415509065566
18.988804032760026,30.648408287585042
40.27973780067166,27.151294391703164
79.81592928346751,25.627122655737693
82.69980857880815,25.606985589113297
15.944483224804586,34.30500637749661
8.335436498741474,70.90986403885222
8.667619573425116,62.76226382907828
11.89088281927356,45.559967034355545
14.194568730663653,38.18836053026811
12.427687656282776,44.14505119902553
7.831707345873876,84.97522448498142
98.15753649302565,25.48575806061795
11.479016627941528,48.10055615950182
100.81082635483274,25.485545935052286
8.736851405839788,60.810878456564375
11.560407146629808,47.256720329355765
11.072384190234477,48.9172296176694
30.846193077284585,28.19030417301072
23.18319882474743,29.428695272551977
11.700768164382616,46.268706751093845
10.76674801792972,49.808929565473704
98.1280892670083,25.490632242028965
46.46613420137991,26.699651015630373
8.214119443335848,74.00027675431542
8.023079216484376,79.51951216326898
12.330993801572552,44.6151908883245
13.476465377780846,40.18559619514176
46.94179802619002,26.629251974253496
35.01066579555109,27.658366958195277
55.82173366178374,26.204952107857434
36.99932898869668,27.422538152414077
71.92237978678196,25.775826095209457
7.399666428638751,97.61455082666318
38.93726274325642,27.27282379812911
52.0425515472469,26.356897751920254
7.4365521068387945,94.8055777443479
55.8891141053805,26.199250784586894
91.81870328224953,25.519148715028408
71.02014324213577,25.7932372789631
57.92245748984977,26.13623481203561
37.00767143666966,27.416558816243228
24.495910571353026,29.15337140138317
78.13919337706905,25.64822842960859
87.21582229063176,25.56394528461795
26.427159550431917,28.966006800791302
7.399404687638989,97.66025617081125
103.34584956383289,25.455712361770335
7.869536764876513,83.06791009946193
8.554104874272113,66.98394823961821
8.6591472828099,62.969196073686234
44.58938267850558,26.80485969960793
7.527663227427991,92.16813351707552
41.744847170704155,26.993501212099684
8.005005280161132,79.67876272485852
90.18360067584615,25.535491547418648
100.81082635483274,25.485545935052286
73.23385583569733,25.72759335638283
95.6087089073633,25.492716245810747
7.7508556390272805,86.12588362281852
10.540707386067657,51.33464096435683
31.70770032306317,28.069696937785547
7.826577733001615,84.86614229808877
8.293436531399669,73.05820508541947
16.562781376958224,32.90265123680874
8.795520630543063,60.21653482006292
93.83964481725928,25.513018169672268
12.632436452293302,42.72771512417076
34.559452037628596,27.718161293829368
8.335436498741474,70.90986403885222
14.935114873026897,36.37602717802593
15.944483224804586,34.30500637749661
26.427159550431917,28.966006800791302
24.495910571353026,29.15337140138317
7.40891048781909,95.95819709784627
10.76674801792972,49.808929565473704
8.182154800569863,75.02654522930236
91.81870328224953,25.519148715028408
29.462025011690475,28.33733187632209
10.134324583139206,54.41476749274935
7.482956657889803,93.35389236291344
9.415032917623204,56.561110933007214
7.4365521068387945,94.8055777443479
78.13919337706905,25.64822842960859
8.062238422658934,77.89231310962401
22.497398006620877,29.588219353684813
7.61195211063664,89.75220282851004
13.948358661169827,39.55994355637349
66.28463022477054,25.885446834895042
9.178080157922928,58.124100113640395
63.24376320089027,25.959084483827464
69.804654054292,25.80246135375379
40.27973780067166,27.151294391703164
60.69858610518667,26.03634882176811
8.450636899745952,68.01453692485237
82.69980857880815,25.606985589113297
8.363402803831336,70.26622088450428
76.24055575962721,25.6972500921119
67.88739890193443,25.84674565444508
11.072384190234477,48.9172296176694
87.23099414350794,25.553415509065566
20.668082887960228,30.113196862320635
17.088976593762712,32.137597200582675
81.49427747531907,25.61712696469683
57.934082688962306,26.128020582538124
7.681068240754512,87.98799150428306
11.89088281927356,45.559967034355545
14.194568730663653,38.18836053026811
8.667619573425116,62.76226382907828
49.129588875346876,26.50495271566607
8.213731285188524,73.95255909578927
46.94179802619002,26.629251974253496
11.479016627941528,48.10055615950182
98.15753649302565,25.48575806061795
85.20185953498115,25.581856515742643
8.736851405839788,60.810878456564375
11.560407146629808,47.256720329355765
8.10684674279316,76.68654306412195
18.988804032760026,30.648408287585042
38.93726274325642,27.27282379812911
51.56346858934079,26.39664023107178
46.46613420137991,26.699651015630373
102.59006057595963,25.458411249446936
60.97183200630285,26.028033675154987
98.1280892670083,25.490632242028965
84.5672149480736,25.58773195723386
10.134805608315016,54.38352932824717
10.232498522940778,52.58368851082592
15.94455413448607,34.30496929908408
12.330993801572552,44.6151908883245
13.37067901579127,40.61448854280458
20.350241948700997,30.208868079503883
14.898512454606198,36.40221765830788
35.01066579555109,27.658366958195277
63.23181421650837,26.006229080118786
49.08972911605533,26.6219739249636
14.764250805767752,38.05217019518642
36.99932898869668,27.422538152414077
71.92237978678196,25.775826095209457
53.89819194988362,26.27689924221979
7.668913568086798,88.22334146640577
9.358653294457826,56.86536629167903
7.407081357384675,97.60284105212554
52.0425515472469,26.356897751920254
8.023112891448765,79.51921557247533
55.8891141053805,26.199250784586894
7.399404687638989,97.66025617081125
103.34584956383289,25.455712361770335
8.554104874272113,66.98394823961821
26.427159550431917,28.966006800791302
8.6591472828099,62.969196073686234
13.37067901579127,40.61448854280458
73.23385583569733,25.72759335638283
87.23099414350794,25.553415509065566
57.934082688962306,26.128020582538124
76.24055575962721,25.6972500921119
7.918850275738291,81.68343416693685
81.03303720028056,25.613397565578445
8.450636899745952,68.01453692485237
12.330993801572552,44.6151908883245
100.81082635483274,25.485545935052286
66.28463022477054,25.885446834895042
7.61195211063664,89.75220282851004
36.99932898869668,27.422538152414077
95.6087089073633,25.492716245810747
90.18360067584615,25.535491547418648
14.194568730663653,38.18836053026811
55.8891141053805,26.199250784586894
9.178080157922928,58.124100113640395
29.462025011690475,28.33733187632209
53.89819194988362,26.27689924221979
8.363402803831336,70.26622088450428
14.935114873026897,36.37602717802593
93.74951851996585,25.51184925136927
16.562781376958224,32.90265123680874
34.55937983361017,27.71660595006604
15.944483224804586,34.30500637749661
7.40891048781909,95.95819709784627
8.176788286286333,74.89980993629268
10.76674801792972,49.808929565473704
38.93726274325642,27.27282379812911
9.444786659076426,56.39475689917938
82.69980857880815,25.606985589113297
12.678301472580864,42.57707055447473
71.10711885291073,25.766918843005477
10.134324583139206,54.41476749274935
22.497398006620877,29.588219353684813
31.73330825183129,28.0503356404027
7.557333005979131,91.4943552699165
60.69858610518667,26.03634882176811
8.910230375321223,59.70459188804909
63.56660963242676,25.954084571487495
51.56346858934079,26.39664023107178
44.56443364167034,26.880076200444133
14.682852752219592,36.896338064069724
12.632436452293302,42.72771512417076
10.983336679114464,48.9021982114347
41.7448590717815,26.993310635689056
78.13919337706905,25.64822842960859
8.329090427127129,71.08056920538371
40.27973780067166,27.151294391703164
35.01066579555109,27.658366958195277
10.232498522940778,52.58368851082592
49.129588875346876,26.50495271566607
11.479016627941528,48.10055615950182
8.00499601549129,79.67994120266222
85.20185953498115,25.581856515742643
98.15753649302565,25.48575806061795
8.293436531399669,73.05820508541947
17.52081998481107,31.280834219621845
7.681068240754512,87.98799150428306
7.482956657889803,93.35389236291344
24.489547508529427,29.160325728697813
102.59006057595963,25.458411249446936
11.861205149893348,45.66978638658759
98.1280892670083,25.490632242028965
7.7434288267457445,86.33272027377348
84.5672149480736,25.58773195723386
10.134805608315016,54.38352932824717
52.0425515472469,26.356897751920254
16.16405407659305,34.30297265661332
8.10684674279316,76.68654306412195
8.023112891448765,79.51921557247533
7.864295878228662,83.07447282833323
17.088976593762712,32.137597200582675
7.826928420211947,84.86279574589467
7.668913568086798,88.22334146640577
11.562837940709931,47.238196029360736
60.97183200630285,26.028033675154987
10.540707386067657,51.33464096435683
49.08972911605533,26.6219739249636
91.81870328224953,25.519148715028408
18.71718945008634,30.72220740433622
7.407081357384675,97.60284105212554
8.709601428922735,62.00091027625624
8.062238422658934,77.89231310962401
24.495910571353026,29.15337140138317
63.02259443362401,25.972270936138173
46.953999635109675,26.62283358143902
13.949397699040997,39.54966738273474
7.7508556390272805,86.12588362281852
45.654240940807206,26.72863664703112
13.948358661169827,39.55994355637349
7.4365521068387945,94.8055777443479
68.0326343296073,25.841801405376117
21.922835232020955,29.757185210449116
7.399404687638989,97.66025617081125
103.34584956383289,25.455712361770335
8.554104874272113,66.98394823961821
8.6591472828099,62.969196073686234
9.444786659076426,56.39475689917938
31.73330825183129,28.0503356404027
71.10711885291073,25.766918843005477
102.59006057595963,25.458411249446936
87.23099414350794,25.553415509065566
68.0326343296073,25.841801405376117
7.918850275738291,81.68343416693685
90.18360067584615,25.535491547418648
14.915196863513295,36.34201523170865
8.450636899745952,68.01453692485237
7.482956657889803,93.35389236291344
8.293436531399669,73.05820508541947
98.32995068222361,25.484243045581184
10.232498522940778,52.58368851082592
95.6087089073633,25.492716245810747
7.864295878228662,83.07447282833323
11.448442195538046,47.23137050730908
7.61195211063664,89.75220282851004
43.408303889100054,26.86340367421998
8.363402803831336,70.26622088450428
7.826928420211947,84.86279574589467
8.10684674279316,76.68654306412195
11.861205149893348,45.66978638658759
15.944483224804586,34.30500637749661
76.24055575962721,25.6972500921119
45.654240940807206,26.72863664703112
8.062238422658934,77.89231310962401
8.329090427127129,71.08056920538371
91.81870328224953,25.519148715028408
29.410818613192724,28.528839928130896
46.953999635109675,26.62283358143902
26.471911390363488,28.7855422590117
10.76674801792972,49.808929565473704
7.4365521068387945,94.8055777443479
41.7448590717815,26.993310635689056
63.56660963242676,25.954084571487495
10.134324583139206,54.41476749274935
13.37067901579127,40.61448854280458
21.922835232020955,29.757185210449116
8.709601428922735,62.00091027625624
34.55937983361017,27.71660595006604
8.750150759830023,60.5529256644805
13.098429611067084,41.438684070004975
60.69858610518667,26.03634882176811
8.176788286286333,74.89980993629268
12.632436452293302,42.72771512417076
74.28821609123945,25.709359208084337
8.00499601549129,79.67994120266222
40.27973780067166,27.151294391703164
20.089278864877933,30.272292256364047
57.934082688962306,26.128020582538124
66.28463022477054,25.885446834895042
12.330993801572552,44.6151908883245
80.77764033783215,25.62985880149557
85.20185953498115,25.581856515742643
7.557333005979131,91.4943552699165
11.376116136002558,48.55193121879894
78.13919337706905,25.64822842960859
29.473319824104436,28.306231698304472
18.71718945008634,30.72220740433622
7.40891048781909,95.95819709784627
7.681068240754512,87.98799150428306
51.56346858934079,26.39664023107178
49.134246242344794,26.50432808229062
9.178085259642847,58.124092933942954
8.224186180429916,74.39454738455977
22.5742311790497,29.569608664280754
98.1280892670083,25.490632242028965
7.7434288267457445,86.33272027377348
10.134805608315016,54.38352932824717
16.16405407659305,34.30297265661332
24.489547508529427,29.160325728697813
16.562781376958224,32.90265123680874
8.023112891448765,79.51921557247533
7.668913568086798,88.22334146640577
60.97183200630285,26.028033675154987
17.088976593762712,32.137597200582675
7.5809039227442385,91.4033355312529
9.001318522712802,59.50067203530553
14.682852752219592,36.896338064069724
38.93726274325642,27.27282379812911
49.08972911605533,26.6219739249636
10.983336679114464,48.9021982114347
7.404462759066216,96.73114617687519
14.194568730663653,38.18836053026811
10.647698419320873,51.325364008600936
73.05218615683586,25.73159468875821
26.42398521384641,28.978825510858346
24.496611338190657,29.14183141761802
36.99932898869668,27.422538152414077
63.021260692065695,25.99223604361327
82.69980857880815,25.606985589113297
57.2848692954288,26.1481103972647
52.0425515472469,26.356897751920254
53.89819194988362,26.27689924221979
55.88383671016767,26.199906745851266
103.34584956383289,25.455712361770335
7.399404687638989,97.66025617081125
8.554104874272113,66.98394823961821
14.194568730663653,38.18836053026811
9.444691039590985,56.34967590935736
8.6591472828099,62.969196073686234
91.81870328224953,25.519148715028408
12.632284774164011,42.69475902738816
102.58979613218023,25.458267521198035
12.330993801572552,44.6151908883245
9.178085259642847,58.124092933942954
8.293436531399669,73.05820508541947
85.20185953498115,25.581856515742643
82.69980857880815,25.606985589113297
20.089278864877933,30.272292256364047
7.864295878228662,83.07447282833323
98.47140333866913,25.477825821192617
11.861205149893348,45.66978638658759
76.24055575962721,25.6972500921119
53.89819194988362,26.27689924221979
13.371797168447532,40.60267748433161
10.647698419320873,51.325364008600936
95.6087089073633,25.492716245810747
78.13919337706905,25.64822842960859
14.95350281766864,36.252528985654884
71.10711885291073,25.766918843005477
7.7434288267457445,86.33272027377348
15.92826098917232,34.31945624516141
46.953999635109675,26.62283358143902
26.471911390363488,28.7855422590117
55.88383671016767,26.199906745851266
41.7448590717815,26.993310635689056
18.71718945008634,30.72220740433622
63.56660963242676,25.954084571487495
22.5742311790497,29.569608664280754
34.55937983361017,27.71660595006604
29.409336429820772,28.53438959771453
13.098429611067084,41.438684070004975
31.73330825183129,28.0503356404027
10.110894751250296,54.508830235441664
38.93726274325642,27.27282379812911
74.12413664812854,25.709351620080938
43.408303889100054,26.86340367421998
8.450636899745952,68.01453692485237
69.5444267322752,25.799134530291067
7.826928420211947,84.86279574589467
57.934082688962306,26.128020582538124
73.05218615683586,25.73159468875821
8.363402803831336,70.26622088450428
7.918850275738291,81.68343416693685
90.0490659093645,25.542255758837964
51.56346858934079,26.39664023107178
87.23099414350794,25.553415509065566
36.99932898869668,27.422538152414077
60.254896128394854,26.05005809466563
8.750150759830023,60.5529256644805
66.28364966262008,25.90114088841785
80.77764033783215,25.62985880149557
36.313443489915336,27.50184342602307
7.951026245057296,80.85606477043879
9.001318522712802,59.50067203530553
63.021260692065695,25.99223604361327
7.557333005979131,91.4943552699165
7.482956657889803,93.35389236291344
8.329090427127129,71.08056920538371
79.93851377287538,25.642653271870934
98.1280892670083,25.490632242028965
30.506540036737633,28.17344664488995
7.40891048781909,95.95819709784627
7.681068240754512,87.98799150428306
8.062238422658934,77.89231310962401
11.376116136002558,48.55193121879894
49.26979129491471,26.499632097760184
95.71159039871789,25.491998182380488
21.882153686311696,29.808925668647735
52.0425515472469,26.356897751920254
24.489547508529427,29.160325728697813
11.450948077375886,47.17451329214071
8.176788286286333,74.89980993629268
26.42398521384641,28.978825510858346
16.16405407659305,34.30297265661332
8.110848363514311,76.57691810831678
8.023112891448765,79.51921557247533
44.65463891199507,26.77356658308157
10.149298793630717,54.079745048984556
8.224186180429916,74.39454738455977
17.088976593762712,32.137597200582675
60.97183200630285,26.028033675154987
49.08972911605533,26.6219739249636
10.983336679114464,48.9021982114347
7.404462759066216,96.73114617687519
16.56063433114012,32.926644695618414
14.682852752219592,36.896338064069724
7.598353986373408,90.07440706529013
24.496611338190657,29.14183141761802
10.232498522940778,52.58368851082592
57.2848692954288,26.1481103972647
10.728472228682351,49.9781129165662
17.725922628718422,31.096470129187004
7.660142503230693,89.21737809338904
103.34584956383289,25.455712361770335
7.399404687638989,97.66025617081125
8.554104874272113,66.98394823961821
8.649395339944299,63.25447806200351
91.81870328224953,25.519148715028408
38.93726274325642,27.27282379812911
66.28364966262008,25.90114088841785
8.750150759830023,60.5529256644805
87.23099414350794,25.553415509065566
29.409336429820772,28.53438959771453
13.371797168447532,40.60267748433161
7.482956657889803,93.35389236291344
9.444691039590985,56.34967590935736
90.0490659093645,25.542255758837964
82.69980857880815,25.606985589113297
11.450948077375886,47.17451329214071
7.7434288267457445,86.33272027377348
31.73330825183129,28.0503356404027
8.363402803831336,70.26622088450428
10.232498522940778,52.58368851082592
8.110848363514311,76.57691810831678
8.023112891448765,79.51921557247533
14.194568730663653,38.18836053026811
8.062238422658934,77.89231310962401
7.681068240754512,87.98799150428306
95.39064548349958,25.494034216917782
12.330993801572552,44.6151908883245
16.56063433114012,32.926644695618414
8.329090427127129,71.08056920538371
10.110894751250296,54.508830235441664
102.58979613218023,25.458267521198035
8.6591472828099,62.969196073686234
9.001318522712802,59.50067203530553
78.13919337706905,25.64822842960859
71.10711885291073,25.766918843005477
55.88383671016767,26.199906745851266
10.728472228682351,49.9781129165662
7.465469144391313,95.33667714454808
15.268744220865797,35.98046751157639
99.65079169179575,25.470578980008508
68.42945017064974,25.841973257018314
63.56660963242676,25.954084571487495
8.293436531399669,73.05820508541947
26.4857049849895,28.762240559233746
34.317882169774194,27.879940147148748
74.12413664812854,25.709351620080938
41.733002085039956,27.189890379530443
60.254896128394854,26.05005809466563
44.65463891199507,26.77356658308157
7.598353986373408,90.07440706529013
15.92826098917232,34.31945624516141
57.934082688962306,26.128020582538124
17.088976593762712,32.137597200582675
8.449762423438596,68.0163612355525
8.176788286286333,74.89980993629268
7.951026245057296,80.85606477043879
30.506540036737633,28.17344664488995
51.56346858934079,26.39664023107178
43.408303889100054,26.86340367421998
11.861205149893348,45.66978638658759
36.313443489915336,27.50184342602307
7.660142503230693,89.21737809338904
12.552060824828352,42.959697384484784
80.77764033783215,25.62985880149557
69.5444267322752,25.799134530291067
49.26979129491471,26.499632097760184
98.1280892670083,25.490632242028965
10.149298793630717,54.079745048984556
85.20185953498115,25.581856515742643
60.97183200630285,26.028033675154987
7.5405310077142484,91.82545873550343
95.71159039871789,25.491998182380488
34.51528480398761,27.705231035490094
52.0425515472469,26.356897751920254
9.177949021154696,58.11224892693033
16.16405407659305,34.30297265661332
49.08972911605533,26.6219739249636
21.882153686311696,29.808925668647735
23.462520690996,29.41033989837821
25.779086147312874,28.913659254908247
46.30145503220088,26.659744515082316
7.85804360408976,84.05586405858875
7.557333005979131,91.4943552699165
7.918850275738291,81.68343416693685
7.404462759066216,96.73114617687519
14.682852752219592,36.896338064069724
10.983336679114464,48.9021982114347
14.59025821165778,37.684746745775755
76.24055575962721,25.6972500921119
46.953999635109675,26.62283358143902
11.376116136002558,48.55193121879894
20.74976238966914,30.145696259584064
57.2848692954288,26.1481103972647
9.249113796775523,57.42023264768191
36.99932898869668,27.422538152414077
12.867518253195723,41.91992514369233
62.746212230746906,26.000077799752745
20.089278864877933,30.272292256364047
10.647698419320873,51.325364008600936
53.89819194988362,26.27689924221979
7.399404687638989,97.66025617081125
103.34584956383289,25.455712361770335
17.088976593762712,32.137597200582675
20.089278864877933,30.272292256364047
7.85804360408976,84.05586405858875
8.649395339944299,63.25447806200351
8.293436531399669,73.05820508541947
23.462520690996,29.41033989837821
8.554221684474555,66.97249864673488
38.74713514244101,27.246816795375977
74.12413664812854,25.709351620080938
41.733002085039956,27.189890379530443
14.194568730663653,38.18836053026811
90.0490659093645,25.542255758837964
85.20185953498115,25.581856515742643
7.425184263421597,94.75836460480465
8.449762423438596,68.0163612355525
99.65079169179575,25.470578980008508
9.444691039590985,56.34967590935736
8.363402803831336,70.26622088450428
76.24055575962721,25.6972500921119
8.023112891448765,79.51921557247533
13.419486680931652,40.312595839416474
7.482956657889803,93.35389236291344
98.1280892670083,25.490632242028965
12.867518253195723,41.91992514369233
95.39064548349958,25.494034216917782
31.73330825183129,28.0503356404027
7.681068240754512,87.98799150428306
25.779086147312874,28.913659254908247
7.404462759066216,96.73114617687519
53.89819194988362,26.27689924221979
12.552060824828352,42.959697384484784
8.329090427127129,71.08056920538371
102.58979613218023,25.458267521198035
91.81870328224953,25.519148715028408
26.4857049849895,28.762240559233746
55.88383671016767,26.199906745851266
11.861205149893348,45.66978638658759
8.705014145856214,62.36741122576755
10.110894751250296,54.508830235441664
34.317882169774194,27.879940147148748
29.150938221494503,28.74899067374862
7.9136381269409455,81.82029026958892
44.65463891199507,26.77356658308157
7.780739004373958,85.96433496707803
57.934082688962306,26.128020582538124
71.60703653936753,25.757164780415813
8.110848363514311,76.57691810831678
80.77764033783215,25.62985880149557
7.951026245057296,80.85606477043879
15.381221506945268,35.44744678002868
7.660142503230693,89.21737809338904
87.23099414350794,25.553415509065566
46.953999635109675,26.62283358143902
7.7434288267457445,86.33272027377348
69.5444267322752,25.799134530291067
49.22730948907866,26.4996062129409
11.376116136002558,48.55193121879894
95.71159039871789,25.491998182380488
62.746212230746906,26.000077799752745
13.371797168447532,40.60267748433161
78.13952228555864,25.647888410987488
8.176788286286333,74.89980993629268
15.268744220865797,35.98046751157639
10.728472228682351,49.9781129165662
60.97183200630285,26.028033675154987
8.750150759830023,60.5529256644805
10.983336679114464,48.9021982114347
82.70108937780662,25.603143801599412
10.149298793630717,54.079745048984556
46.30145503220088,26.659744515082316
51.56338639948023,26.397992381564883
49.08972911605533,26.6219739249636
60.254664452803425,26.053536836109075
11.450948077375886,47.17451329214071
7.557333005979131,91.4943552699165
36.313443489915336,27.50184342602307
20.74976238966914,30.145696259584064
15.92826098917232,34.31945624516141
8.176258552527276,74.96388135641463
8.062238422658934,77.89231310962401
16.502111676316545,33.30365612638011
67.63216420878544,25.86050237986301
12.377270014232373,44.3996827277303
57.2848692954288,26.1481103972647
21.882153686311696,29.808925668647735
16.56063433114012,32.926644695618414
64.48762747066652,25.950138829348806
29.409336429820772,28.53438959771453
71.10711885291073,25.766918843005477
43.191530854242075,27.07292339383935
36.99932898869668,27.422538152414077
7.5405310077142484,91.82545873550343
10.362843563216012,51.727379084013634
10.22812868879936,52.58930702700935
34.838850983790536,27.678861875364642
87.22965443360165,25.557227187612497
66.28364966262008,25.90114088841785
14.682852752219592,36.896338064069724
7.399404687638989,97.66025617081125
103.34595399244334,25.455111643450294
31.73330825183129,28.0503356404027
9.18293146441871,58.06553249353971
29.409336429820772,28.53438959771453
8.293436531399669,73.05820508541947
38.74713514244101,27.246816795375977
8.572254858840026,66.52195835602488
23.462520690996,29.41033989837821
80.77764033783215,25.62985880149557
85.20185953498115,25.581856515742643
53.89819194988362,26.27689924221979
82.70108937780662,25.603143801599412
8.649363231475853,63.25751742601406
41.733002085039956,27.189890379530443
12.377270014232373,44.3996827277303
7.9136381269409455,81.82029026958892
91.81870328224953,25.519148715028408
7.482956657889803,93.35389236291344
14.682852752219592,36.896338064069724
8.110848363514311,76.57691810831678
8.062238422658934,77.89231310962401
10.362843563216012,51.727379084013634
98.1280892670083,25.490632242028965
12.867518253195723,41.91992514369233
95.39064548349958,25.494034216917782
7.681068240754512,87.98799150428306
7.425184263421597,94.75836460480465
12.552060824828352,42.959697384484784
8.7917898993845,60.195747316110804
64.48762747066652,25.950138829348806
69.5444267322752,25.799134530291067
13.424268115721853,40.29856491787158
14.194325103069245,38.18987597496585
55.88383671016767,26.199906745851266
7.557333005979131,91.4943552699165
76.24055575962721,25.6972500921119
25.779086147312874,28.913659254908247
67.63216420878544,25.86050237986301
99.65079169179575,25.470578980008508
10.22812868879936,52.58930702700935
78.13952228555864,25.647888410987488
42.66208160703608,26.92043459269119
66.28364966262008,25.90114088841785
7.657621733619342,89.28325981452365
26.963658981674357,28.681509170774945
34.317882169774194,27.879940147148748
71.60703653936753,25.757164780415813
8.445293443683045,68.03642936697031
8.36343376470722,70.26615084039238
7.860448333195394,83.9934937871451
18.76438812375451,30.928559546988797
62.746212230746906,26.000077799752745
46.953999635109675,26.62283358143902
89.09402074820343,25.544625725857863
7.7434288267457445,86.33272027377348
36.99932898869668,27.422538152414077
49.22730948907866,26.4996062129409
7.85804360408976,84.05586405858875
10.728472228682351,49.9781129165662
10.10956153523992,55.105902883710094
13.371797168447532,40.60267748433161
10.149298793630717,54.079745048984556
8.329082650801272,71.08140782405233
7.4239993325096,96.19654187139994
7.780739004373958,85.96433496707803
74.1241262408917,25.70926719331907
8.023112891448765,79.51921557247533
8.19138086638941,74.86172950182265
17.540930035338675,31.21659384410133
7.5405310077142484,91.82545873550343
9.444601398497205,56.356048955912264
10.983336679114464,48.9021982114347
36.313443489915336,27.50184342602307
46.30145503220088,26.659744515082316
51.56338639948023,26.397992381564883
16.502111676316545,33.30365612638011
51.56336929990481,26.398239754067067
49.08972911605533,26.6219739249636
95.71159039871789,25.491998182380488
11.861205149893348,45.66978638658759
11.450948077375886,47.17451329214071
59.11515553605361,26.07578323423006
20.74976238966914,30.145696259584064
15.381221506945268,35.44744678002868
15.92826098917232,34.31945624516141
9.593566813173354,56.1494960093761
17.088976593762712,32.137597200582675
8.176258552527276,74.96388135641463
90.0490659093645,25.542255758837964
14.194568730663653,38.18836053026811
11.861248917511205,45.66780615393372
34.838850983790536,27.678861875364642
44.54540979617176,26.84208160184719
57.2848692954288,26.1481103972647
8.738376254060784,61.43614107945524
16.56063433114012,32.926644695618414
74.12452091552633,25.708759201863455
71.10711885291073,25.766918843005477
22.15519029518105,29.674670029147457
103.34599057503642,25.4550344422775
7.399404687638989,97.66025617081125
84.94623023397538,25.577084294506864
7.9136381269409455,81.82029026958892
8.649363231475853,63.25751742601406
9.18293146441871,58.06553249353971
59.11515553605361,26.07578323423006
8.023112891448765,79.51921557247533
8.445293443683045,68.03642936697031
11.443684671971926,47.108239074207276
8.293436531399669,73.05820508541947
89.09402074820343,25.544625725857863
15.381221506945268,35.44744678002868
80.76273925303948,25.62170029864189
53.89819194988362,26.27689924221979
10.983336679114464,48.9021982114347
99.65079169179575,25.470578980008508
8.572378730668945,66.5099458060302
10.728472228682351,49.9781129165662
25.779086147312874,28.913659254908247
8.36343376470722,70.26615084039238
76.24055575962721,25.6972500921119
13.424268115721853,40.29856491787158
8.062238422658934,77.89231310962401
44.54540979617176,26.84208160184719
10.362843563216012,51.727379084013634
15.92826098917232,34.31945624516141
98.1280892670083,25.490632242028965
7.657621733619342,89.28325981452365
7.425184263421597,94.75836460480465
8.329082650801272,71.08140782405233
8.7917898993845,60.195747316110804
95.39064548349958,25.494034216917782
62.746212230746906,26.000077799752745
102.56862858210884,25.46602276706424
91.81881912870669,25.517561317334803
69.5444267322752,25.799134530291067
14.194325103069245,38.18987597496585
55.88383671016767,26.199906745851266
23.462520690996,29.41033989837821
67.63216420878544,25.86050237986301
57.2848692954288,26.1481103972647
10.22812868879936,52.58930702700935
9.851912748571028,54.26445108229766
34.317882169774194,27.879940147148748
9.593566813173354,56.1494960093761
12.552060824828352,42.959697384484784
22.15519029518105,29.674670029147457
7.780739004373958,85.96433496707803
20.74976238966914,30.145696259584064
38.74713514244101,27.246816795375977
41.73236789535926,27.19026027937323
7.613185866245932,90.91681480308216
7.860448333195394,83.9934937871451
19.89722143425512,30.320546353198615
9.444601398497205,56.356048955912264
46.953999635109675,26.62283358143902
12.377270014232373,44.3996827277303
26.963658981674357,28.681509170774945
31.745942692994046,28.030987194872846
36.99932898869668,27.422538152414077
31.3763283223106,28.42656931349634
90.0490659093645,25.542255758837964
18.76438812375451,30.928559546988797
46.30145503220088,26.659744515082316
7.85804360408976,84.05586405858875
49.22730948907866,26.4996062129409
78.13952228555864,25.647888410987488
8.19138086638941,74.86172950182265
29.409336415118695,28.53438985864154
14.683796264895202,36.87125381556805
95.71159039871789,25.491998182380488
10.149298793630717,54.079745048984556
71.61241581885558,25.755228127228673
74.1241262408917,25.70926719331907
7.5405310077142484,91.82545873550343
8.718039525473534,62.050671941582564
36.313443489915336,27.50184342602307
51.56338639948023,26.397992381564883
16.502111676316545,33.30365612638011
51.56336929990481,26.398239754067067
8.176258552527276,74.96388135641463
7.681068240754512,87.98799150428306
11.861205149893348,45.66978638658759
82.70108937780662,25.603143801599412
7.698578205660379,87.53954031482755
13.104499203209096,41.74982548657497
13.371797168447532,40.60267748433161
49.08972911605533,26.6219739249636
14.682852752219592,36.896338064069724
7.4239993325096,96.19654187139994
8.110853842640559,76.57626170076276
14.194568730663653,38.18836053026811
11.861248917511205,45.66780615393372
7.7434288267457445,86.33272027377348
8.572254858840026,66.52195835602488
16.56063433114012,32.926644695618414
74.12452091552633,25.708759201863455
71.10711885291073,25.766918843005477
29.409336429820772,28.53438959771453
7.399404687638989,97.66025617081125
103.34599413457877,25.4550269339148
67.63216420878544,25.86050237986301
7.425184263421597,94.75836460480465
8.649363231475853,63.25751742601406
91.81881912870669,25.517561317334803
7.5405310077142484,91.82545873550343
8.445293443683045,68.03642936697031
89.09402074820343,25.544625725857863
63.278561189156065,25.961656185014036
38.74713514244101,27.246816795375977
23.462520690996,29.41033989837821
34.317882169774194,27.879940147148748
25.779086147312874,28.913659254908247
8.572378730668945,66.5099458060302
12.552060824828352,42.959697384484784
41.73236789535926,27.19026027937323
84.94623023397538,25.577084294506864
13.424268115721853,40.29856491787158
98.1280892670083,25.490632242028965
10.362843563216012,51.727379084013634
95.39064548349958,25.494034216917782
7.657621733619342,89.28325981452365
7.4239993325096,96.19654187139994
15.92826098917232,34.31945624516141
62.746212230746906,26.000077799752745
59.11515553605361,26.07578323423006
22.15519029518105,29.674670029147457
31.745942692994046,28.030987194872846
69.5444267322752,25.799134530291067
14.194325103069245,38.18987597496585
82.70108937780662,25.603143801599412
7.613185866245932,90.91681480308216
13.104499203209096,41.74982548657497
57.2848692954288,26.1481103972647
10.22812868879936,52.58930702700935
8.293436531399669,73.05820508541947
42.650524511639816,27.010578606262392
8.984665425670208,59.07586773126454
9.593566813173354,56.1494960093761
7.92757288769918,81.45536864548151
20.74976238966914,30.145696259584064
71.61241581885558,25.755228127228673
8.36343376470722,70.26615084039238
19.89722143425512,30.320546353198615
8.329082650801272,71.08140782405233
7.906634538663236,82.38137979902751
102.56790058222663,25.467563426383947
99.65079169179575,25.470578980008508
46.953999635109675,26.62283358143902
11.378343478108794,47.50631001433617
49.22730948907866,26.4996062129409
9.851912748571028,54.26445108229766
90.0490659093645,25.542255758837964
8.023112891448765,79.51921557247533
15.381221506945268,35.44744678002868
10.728316628513257,49.980655963849046
8.3186340211313,72.47503526514893
80.03546074383424,25.644641346504557
8.19138086638941,74.86172950182265
26.963658981674357,28.681509170774945
29.409336415118695,28.53438985864154
14.683796264895202,36.87125381556805
7.807123821399216,84.53419438073266
10.149298793630717,54.079745048984556
74.1241262408917,25.70926719331907
12.377270014232373,44.3996827277303
8.749804163847454,60.530844692182924
9.249996477739753,57.46044530707972
18.76438812375451,30.928559546988797
53.89819194988362,26.27689924221979
35.78516811921658,27.688947350176775
51.56338639948023,26.397992381564883
16.502111676316545,33.30365612638011
36.99932898869668,27.422538152414077
51.56336929990481,26.398239754067067
7.780739004373958,85.96433496707803
95.71171835432756,25.491721042891875
9.18293146441871,58.06553249353971
8.110853842640559,76.57626170076276
11.443948503006197,47.1044311327979
11.861205149893348,45.66978638658759
44.54540979617176,26.84208160184719
16.974764905144486,32.57819525070474
84.943645261638,25.596635649893184
17.245729954283966,31.724112773280005
7.860448333195394,83.9934937871451
7.698578205660379,87.53954031482755
10.987671214259736,48.85363907307999
8.137662505547002,76.19481292751391
14.252147101748022,37.93103102921531
12.34979535766139,44.73215222581379
8.023627448933476,79.4542360707164
7.7434288267457445,86.33272027377348
8.7917898993845,60.195747316110804
8.718039525473534,62.050671941582564
8.572254858840026,66.52195835602488
49.08843620195323,26.622647342148465
76.24055575962721,25.6972500921119
74.12452091552633,25.708759201863455
7.399404687638989,97.66025617081125
103.34599413457877,25.4550269339148
53.89819194988362,26.27689924221979
76.24055575962721,25.6972500921119
29.409336415118695,28.53438985864154
57.2848692954288,26.1481103972647
8.445293443683045,68.03642936697031
51.563157626940544,26.397129004884025
9.593566813173354,56.1494960093761
82.70108937780662,25.603143801599412
46.953999635109675,26.62283358143902
63.32321943821793,25.95780511786451
67.63216420878544,25.86050237986301
99.65079169179575,25.470578980008508
8.110853842640559,76.57626170076276
10.728316628513257,49.980655963849046
8.572378730668945,66.5099458060302
8.649363231475853,63.25751742601406
7.657621733619342,89.28325981452365
85.13118323627589,25.575756178112055
8.36343376470722,70.26615084039238
26.963658981674357,28.681509170774945
14.683796264895202,36.87125381556805
11.861205149893348,45.66978638658759
80.03546074383424,25.644641346504557
7.698578205660379,87.53954031482755
7.44996799432773,94.47697258733862
89.09270782248626,25.545002202144904
8.023627448933476,79.4542360707164
15.92826098917232,34.31945624516141
10.987671214259736,48.85363907307999
7.92757288769918,81.45536864548151
14.194325103069245,38.18987597496585
59.847158905746255,26.059211273209602
7.5405310077142484,91.82545873550343
13.539391515968859,40.211737989431235
36.99932898869668,27.422538152414077
7.906634538663236,82.38137979902751
94.93511090982342,25.509766774949348
7.601533992975562,90.75148128082847
16.502111676316545,33.30365612638011
13.104499203209096,41.74982548657497
9.851912748571028,54.26445108229766
91.81881912870669,25.517561317334803
38.74713514244101,27.246816795375977
41.73236789535926,27.19026027937323
31.745942692994046,28.030987194872846
102.56195056210582,25.466036804546324
62.746212230746906,26.000077799752745
8.329082650801272,71.08140782405233
7.860448333195394,83.9934937871451
9.249996477739753,57.46044530707972
8.718039525473534,62.050671941582564
11.378343478108794,47.50631001433617
49.22730948907866,26.4996062129409
8.023112891448765,79.51921557247533
95.71171835432756,25.491721042891875
90.0490659093645,25.542255758837964
10.362843563216012,51.727379084013634
34.059382730818584,27.90536197803298
23.857699826058333,29.323792839955328
80.19467698400837,25.64253083977707
44.8390068028651,26.82517974758735
7.807123821399216,84.53419438073266
42.650524511639816,27.010578606262392
8.984665425670208,59.07586773126454
10.149298793630717,54.079745048984556
15.301733404964803,35.614177188382754
71.66053624418453,25.754330605399907
12.377270014232373,44.3996827277303
74.1241262408917,25.70926719331907
31.75816494772111,28.005316119487286
13.424268115721853,40.29856491787158
25.572088237533087,28.932153469287176
8.2543461673212,73.36816044518795
7.780739004373958,85.96433496707803
49.08843620195323,26.622647342148465
98.1280892670083,25.490632242028965
44.54540979617176,26.84208160184719
9.18293146441871,58.06553249353971
35.78516811921658,27.688947350176775
19.89722143425512,30.320546353198615
10.22812868879936,52.58930702700935
8.137662505547002,76.19481292751391
15.381221506945268,35.44744678002868
17.245729954283966,31.724112773280005
18.947985607281183,30.630079487604913
11.443948503006197,47.1044311327979
84.943645261638,25.596635649893184
14.252147101748022,37.93103102921531
12.34979535766139,44.73215222581379
17.655990455504792,31.132358757019656
71.61241581885558,25.755228127228673
7.7434288267457445,86.33272027377348
8.570883395861056,66.52045611613599
74.12452091552633,25.708759201863455
69.5444267322752,25.799134530291067
8.749804163847454,60.530844692182924
12.552060824828352,42.959697384484784
8.191438263946267,74.85627153893574
103.34599413457877,25.4550269339148
7.399404687638989,97.66025617081125
7.44996799432773,94.47697258733862
23.857699826058333,29.323792839955328
59.847158905746255,26.059211273209602
82.70108937780662,25.603143801599412
19.89722143425512,30.320546353198615
8.445293443683045,68.03642936697031
8.2543461673212,73.36816044518795
53.89819194988362,26.27689924221979
38.74713514244101,27.246816795375977
63.32321943821793,25.95780511786451
91.81881912870669,25.517561317334803
8.649363231475853,63.25751742601406
46.953999635109675,26.62283358143902
99.65079169179575,25.470578980008508
34.059382730818584,27.90536197803298
67.57271540789134,25.861394393977154
8.572378730668945,66.5099458060302
26.963658981674357,28.681509170774945
85.13118323627589,25.575756178112055
89.09270782248626,25.545002202144904
8.110853842640559,76.57626170076276
12.552060824828352,42.959697384484784
8.329082650801272,71.08140782405233
8.36343376470722,70.26615084039238
14.683796264895202,36.87125381556805
69.5444267322752,25.799134530291067
79.3506106709426,25.640533731296532
10.362843563216012,51.727379084013634
8.02832555624064,79.33282245975192
8.191438263946267,74.85627153893574
13.104499203209096,41.74982548657497
102.56195056210582,25.466036804546324
7.533215654164164,92.01258686198929
62.746212230746906,26.000077799752745
7.92757288769918,81.45536864548151
7.601533992975562,90.75148128082847
41.73236789535926,27.19026027937323
14.029421789626928,39.87532543332175
10.22812868879936,52.58930702700935
44.54540979617176,26.84208160184719
56.802001011265396,26.161805027782677
41.7542517326386,26.988709799509934
95.71171835432756,25.491721042891875
35.78516811921658,27.688947350176775
94.93511090982342,25.509766774949348
17.245729954283966,31.724112773280005
31.474151119898423,28.244516901933345
7.860448333195394,83.9934937871451
57.2848692954288,26.1481103972647
11.443948503006197,47.1044311327979
78.73511465940865,25.661840657295375
16.59202588771402,32.965872651366226
14.194325103069245,38.18987597496585
7.698578205660379,87.53954031482755
49.22730948907866,26.4996062129409
9.845215881900893,54.72715934751707
11.378343478108794,47.50631001433617
7.807123821399216,84.53419438073266
10.724090658660309,49.99932483710785
7.996430480630654,79.742882907035
29.409336415118695,28.53438985864154
10.149298793630717,54.079745048984556
15.301733404964803,35.614177188382754
15.92826098917232,34.31945624516141
71.66053624418453,25.754330605399907
76.50305021560929,25.682789771166103
18.947985607281183,30.630079487604913
74.1241262408917,25.70926719331907
51.563157626940544,26.397129004884025
7.657621733619342,89.28325981452365
31.75816494772111,28.005316119487286
52.02446753127136,26.37895205651924
84.79341858533604,25.579199702121695
7.780739004373958,85.96433496707803
29.411009609016002,28.528320120958565
8.718039525473534,62.050671941582564
90.0490659093645,25.542255758837964
49.08843620195323,26.622647342148465
98.1280892670083,25.490632242028965
76.24055575962721,25.6972500921119
9.18293146441871,58.06553249353971
44.8390068028651,26.82517974758735
8.137662505547002,76.19481292751391
36.99932898869668,27.422538152414077
17.655990455504792,31.132358757019656
11.861205149893348,45.66978638658759
13.305636957368836,40.63472551887217
14.252147101748022,37.93103102921531
25.45317308090567,28.95421742540497
12.32144294494486,44.66036469385094
9.593566813173354,56.1494960093761
7.906634538663236,82.38137979902751
10.9920657826817,48.83507644310575
71.61241581885558,25.755228127228673
8.570883395861056,66.52045611613599
74.12452091552633,25.708759201863455
12.377270598529785,44.39965835220044
8.749804163847454,60.530844692182924
7.399404687638989,97.66025617081125
103.34599413457877,25.4550269339148
9.18293146441871,58.06553249353971
8.649363231475853,63.25751742601406
8.749804163847454,60.530844692182924
20.687608135113837,30.082198617759687
9.593566813173354,56.1494960093761
91.81881912870669,25.517561317334803
16.59202588771402,32.965872651366226
10.724090658660309,49.99932483710785
33.29682621968805,27.863707440147092
8.572378730668945,66.5099458060302
66.29663830542835,25.887658610055603
7.657621733619342,89.28325981452365
23.857699826058333,29.323792839955328
35.78516811921658,27.688947350176775
7.437532202086024,94.6117029771263
8.110853842640559,76.57626170076276
14.029421789626928,39.87532543332175
85.50981591801197,25.57057994229622
10.9920657826817,48.83507644310575
10.362843563216012,51.727379084013634
94.93511090982342,25.509766774949348
8.02832555624064,79.33282245975192
14.683796264895202,36.87125381556805
8.36343376470722,70.26615084039238
82.70108937780662,25.603143801599412
63.32321943821793,25.95780511786451
11.861205149893348,45.66978638658759
15.92826098917232,34.31945624516141
89.08773247067414,25.545353145719517
56.802001011265396,26.161805027782677
8.191438263946267,74.85627153893574
79.3506106709426,25.640533731296532
7.44996799432773,94.47697258733862
7.524249259675705,92.14991697161035
10.22812868879936,52.58930702700935
41.62844562335303,27.0510208657024
9.845215881900893,54.72715934751707
44.54540979617176,26.84208160184719
38.74713514244101,27.246816795375977
59.847158905746255,26.059211273209602
10.149298793630717,54.079745048984556
95.71171835432756,25.491721042891875
57.2848692954288,26.1481103972647
8.309102617179708,71.58584656532446
53.898592465828095,26.270819163702757
36.99932898869668,27.422538152414077
8.435084899292503,68.29499579214449
25.45317308090567,28.95421742540497
41.7542517326386,26.988709799509934
7.860448333195394,83.9934937871451
100.14384189278616,25.469375323809675
78.73511465940865,25.661840657295375
14.194325103069245,38.18987597496585
8.246317115099911,73.33079852513679
12.552060824828352,42.959697384484784
90.0490659093645,25.542255758837964
11.378343478108794,47.50631001433617
31.474151119898423,28.244516901933345
13.305636957368836,40.63472551887217
7.780739004373958,85.96433496707803
29.409336415118695,28.53438985864154
26.963658981674357,28.681509170774945
44.8390068028651,26.82517974758735
7.698578205660379,87.53954031482755
76.50305021560929,25.682789771166103
73.77135883487077,25.716883274730524
8.445293443683045,68.03642936697031
12.377270598529785,44.39965835220044
51.33414702977615,26.456133200354863
7.996430480630654,79.742882907035
49.22730948907866,26.4996062129409
49.08843620195323,26.622647342148465
102.56195056210582,25.466036804546324
98.1280892670083,25.490632242028965
76.24055575962721,25.6972500921119
29.471326914529534,28.33552397833846
61.08750324097135,26.017194720547128
46.92405531748435,26.71133699303266
8.137662505547002,76.19481292751391
15.795698439859756,35.10539402212626
7.982492345360136,81.28512081078652
31.75816494772111,28.005316119487286
11.827665101417361,47.049722918981615
17.24523287690971,31.73266734722834
15.20135333802437,35.739318010326215
46.953999635109675,26.62283358143902
52.02446753127136,26.37895205651924
14.252147101748022,37.93103102921531
71.66053624418453,25.754330605399907
12.32144294494486,44.66036469385094
7.906634538663236,82.38137979902751
8.570883395861056,66.52045611613599
7.601533992975562,90.75148128082847
74.12452091552633,25.708759201863455
70.8114581905238,25.77356906539068
84.46920988726087,25.579137964949812
23.938124242559873,29.251071059536134
8.243624557754597,73.63996629776823
7.399029147220431,97.57355283594387
103.34599413457877,25.4550269339148
66.29663830542835,25.887658610055603
70.8114581905238,25.77356906539068
8.649363231475853,63.25751742601406
20.687608135113837,30.082198617759687
82.70108937780662,25.603143801599412
12.552060824828352,42.959697384484784
38.74713514244101,27.246816795375977
7.524249259675705,92.14991697161035
9.531479209226474,56.010532286945036
7.860448333195394,83.9934937871451
7.780739004373958,85.96433496707803
91.81881912870669,25.517561317334803
89.08773247067414,25.545353145719517
7.698578205660379,87.53954031482755
8.36343376470722,70.26615084039238
100.14384189278616,25.469375323809675
98.1280892670083,25.490632242028965
8.572378730668945,66.5099458060302
7.657621733619342,89.28325981452365
8.02832555624064,79.33282245975192
8.110853842640559,76.57626170076276
35.78516811921658,27.688947350176775
8.309102617179708,71.58584656532446
23.855410667696287,29.347581607197274
19.88063742842631,30.31976204878084
59.847158905746255,26.059211273209602
7.412486908169417,97.36719283652431
7.601533992975562,90.75148128082847
94.93406301280044,25.505332873130676
79.3506106709426,25.640533731296532
13.209701321169344,41.13707176700619
63.32321943821793,25.95780511786451
85.50981591801197,25.57057994229622
7.906634538663236,82.38137979902751
25.45317308090567,28.95421742540497
8.678166871490818,62.5867483935307
7.437018641947347,94.61706107882848
11.861205149893348,45.66978638658759
15.92826098917232,34.31945624516141
7.982492345360136,81.28512081078652
36.99932898869668,27.422538152414077
8.191438263946267,74.85627153893574
17.88756745745945,31.044539866667844
7.44996799432773,94.47697258733862
41.62844562335303,27.0510208657024
53.898592465828095,26.270819163702757
10.149298793630717,54.079745048984556
102.56187883690266,25.46487823595998
95.71171835432756,25.491721042891875
16.59202588771402,32.965872651366226
11.378343478108794,47.50631001433617
9.845215881900893,54.72715934751707
9.183207126597358,57.907407003158376
55.28756895722491,26.217144899054027
49.22730948907866,26.4996062129409
29.409336415118695,28.53438985864154
50.24844320392308,26.440999964177156
11.827665101417361,47.049722918981615
61.08750324097135,26.017194720547128
8.74952070679634,60.55535674535025
8.246317115099911,73.33079852513679
8.435084899292503,68.29499579214449
8.842609514477086,60.128841983857185
26.963658981674357,28.681509170774945
33.30934918530233,27.82034779242462
84.46920988726087,25.579137964949812
57.2848692954288,26.1481103972647
10.704511998038209,50.54396833614811
7.996430480630654,79.742882907035
15.795698439859756,35.10539402212626
76.50305021560929,25.682789771166103
14.194325103069245,38.18987597496585
73.77135883487077,25.716883274730524
13.300816824715334,40.618331006186274
74.12452091552633,25.708759201863455
12.377270598529785,44.39965835220044
29.471326914529534,28.33552397833846
43.76218993794257,26.89168806319516
47.461640140216595,26.591956099567565
76.24055575962721,25.6972500921119
8.445293443683045,68.03642936697031
78.73511465940865,25.661840657295375
8.137662505547002,76.19481292751391
41.7542517326386,26.988709799509934
62.636665043831584,25.976658630970643
16.770418349233587,32.538171387263574
17.24523287690971,31.73266734722834
31.75816494772111,28.005316119487286
14.085078613186372,39.707308328546716
10.362843563216012,51.727379084013634
45.747936804652504,26.770926604110898
12.32144294494486,44.66036469385094
9.097371031904176,58.69115573538248
31.474151119898423,28.244516901933345
71.66053624418453,25.754330605399907
10.992587395882188,48.82014294614388
8.569970683248794,66.56945295596151
23.938124242559873,29.251071059536134
103.34599413457877,25.4550269339148
7.398602659571141,97.6608399247294
15.795698439859756,35.10539402212626
14.65645619900922,37.89584587934971
8.5669195442185,65.99105144053122
89.08773247067414,25.545353145719517
20.687608135113837,30.082198617759687
7.780739004373958,85.96433496707803
10.992587395882188,48.82014294614388
11.861205149893348,45.66978638658759
85.50981591801197,25.57057994229622
50.24844320392308,26.440999964177156
67.1712467335176,25.851949701600844
12.552060824828352,42.959697384484784
7.698578205660379,87.53954031482755
8.36343376470722,70.26615084039238
10.704511998038209,50.54396833614811
8.246317115099911,73.33079852513679
91.81881912870669,25.517561317334803
12.283186862465616,43.871273648503625
43.76218993794257,26.89168806319516
8.309102617179708,71.58584656532446
7.524249259675705,92.14991697161035
23.59345863481457,29.404256526752885
14.085078613186372,39.707308328546716
45.747936804652504,26.770926604110898
8.110853842640559,76.57626170076276
9.183207126597358,57.907407003158376
59.776116675328296,26.057293349600346
26.963658981674357,28.681509170774945
10.362843563216012,51.727379084013634
8.191438263946267,74.85627153893574
53.898592465828095,26.270819163702757
57.2848692954288,26.1481103972647
25.45317308090567,28.95421742540497
63.32321943821793,25.95780511786451
70.76219345788307,25.79107076923453
7.437018641947347,94.61706107882848
8.61881954600963,64.130946486809
8.036438577712607,79.16905323542088
8.678166871490818,62.5867483935307
7.4129133154750155,97.28025556733544
8.74952070679634,60.55535674535025
36.99932898869668,27.422538152414077
79.92198063084388,25.630655933309164
10.342406260727815,53.23123478118846
9.097371031904176,58.69115573538248
17.88756745745945,31.044539866667844
95.71171835432756,25.491721042891875
8.445293443683045,68.03642936697031
9.845215881900893,54.72715934751707
7.453928706821703,94.16665974968801
94.93406301280044,25.505332873130676
13.209589757150521,41.1410053838062
66.29661320294073,25.8880295965749
8.435084899292503,68.29499579214449
71.66053624418453,25.754330605399907
39.377197509692536,27.189791265923528
19.88063742842631,30.31976204878084
14.194325103069245,38.18987597496585
78.73511465940865,25.661840657295375
16.59202588771402,32.965872651366226
9.531479209226474,56.010532286945036
102.11169710455056,25.463151367456316
7.860448333195394,83.9934937871451
82.70108937780662,25.603143801599412
8.842609514477086,60.128841983857185
35.78516811921658,27.688947350176775
13.300816824715334,40.618331006186274
7.657621733619342,89.28325981452365
38.74713514244101,27.246816795375977
33.30934918530233,27.82034779242462
28.95428037975875,28.601675659943126
7.996430480630654,79.742882907035
76.50305021560929,25.682789771166103
73.77135883487077,25.716883274730524
31.474151119898423,28.244516901933345
74.12452091552633,25.708759201863455
15.938725360079088,34.077917975743865
41.600595401631786,27.137495371745853
98.1280892670083,25.490632242028965
100.14384189278616,25.469375323809675
76.24055575962721,25.6972500921119
31.75816494772111,28.005316119487286
47.461640140216595,26.591956099567565
8.137662505547002,76.19481292751391
11.378343478108794,47.50631001433617
41.7542517326386,26.988709799509934
16.770418349233587,32.538171387263574
55.28756895722491,26.217144899054027
7.8692615405255,83.88801943775047
29.660404525293522,28.308885015311933
23.938124242559873,29.251071059536134
56.08553398575818,26.193095495650137
7.98249853294595,81.2843119110756
98.1280978987304,25.490516602085307
7.9066302092779335,82.38195387272108
9.531492840772504,56.00954829946236
100.51038079797291,25.46711433933173
7.561108078194595,91.12505615176529
103.34599413457877,25.4550269339148
7.398602659571141,97.6608399247294
63.32321943821793,25.95780511786451
59.776116675328296,26.057293349600346
82.70108937780662,25.603143801599412
53.898592465828095,26.270819163702757
14.65645619900922,37.89584587934971
15.792458225604895,35.134635643045314
10.992587395882188,48.82014294614388
9.845215881900893,54.72715934751707
50.24844320392308,26.440999964177156
10.192741675900782,52.966279816387946
8.246317115099911,73.33079852513679
33.30934918530233,27.82034779242462
97.648488281166,25.485683999720727
8.678166871490818,62.5867483935307
43.76218993794257,26.89168806319516
11.378343478108794,47.50631001433617
7.437018641947347,94.61706107882848
14.085078613186372,39.707308328546716
47.461640140216595,26.591956099567565
79.92198063084388,25.630655933309164
66.29661320294073,25.8880295965749
26.963658981674357,28.681509170774945
8.110853842640559,76.57626170076276
94.93406301280044,25.505332873130676
8.191438263946267,74.85627153893574
7.4129133154750155,97.28025556733544
21.15580869040762,29.932685931143
7.561108078194595,91.12505615176529
13.209589757150521,41.1410053838062
85.51418329318878,25.569521156658173
89.08760556993909,25.545684579422037
7.98249853294595,81.2843119110756
10.362843563216012,51.727379084013634
7.9066302092779335,82.38195387272108
8.045197173417126,79.08638962662958
25.45317308090567,28.95421742540497
78.73511465940865,25.661840657295375
36.99932898869668,27.422538152414077
8.36343376470722,70.26615084039238
28.95428037975875,28.601675659943126
23.59345863481457,29.404256526752885
69.23143734970498,25.800567057345997
91.81881925511003,25.517559581665147
71.66053624418453,25.754330605399907
12.59487414011509,42.8054710392494
8.61881954600963,64.130946486809
8.74952070679634,60.55535674535025
39.377197509692536,27.189791265923528
29.660404525293522,28.308885015311933
49.478716186187924,26.480993555193265
11.85259350432576,46.29442964639561
9.262565656827267,57.82332723371446
16.770418349233587,32.538171387263574
7.996430480630654,79.742882907035
85.19467771795627,25.57893306864377
7.860448333195394,83.9934937871451
8.484701050898598,67.95257347582277
7.780739004373958,85.96433496707803
35.78516811921658,27.688947350176775
13.300816824715334,40.618331006186274
11.861485568111481,45.625475319379554
7.453928706821703,94.16665974968801
89.08773247067414,25.545353145719517
91.81881912870669,25.517561317334803
7.524247237406374,92.15023018055959
12.273680578939537,43.892690564377
95.71171835432756,25.491721042891875
10.704511998038209,50.54396833614811
17.507042276503373,31.186159733807795
8.435084637706067,68.29502237098049
8.5669195442185,65.99105144053122
38.74713514244101,27.246816795375977
9.531479209226474,56.010532286945036
41.600595401631786,27.137495371745853
14.194325103069245,38.18987597496585
15.938725360079088,34.077917975743865
7.654122032056644,89.44929360018406
76.50305021560929,25.682789771166103
8.566919807615475,65.9910261171826
100.14293782919533,25.48239877401247
31.474151119898423,28.244516901933345
74.12452091552633,25.708759201863455
70.76219345788307,25.79107076923453
41.7542517326386,26.988709799509934
76.24055575962721,25.6972500921119
31.75816494772111,28.005316119487286
8.309099374482763,71.58619990673695
8.137662505547002,76.19481292751391
7.664190755612865,88.44645189301883
55.28756895722491,26.217144899054027
7.8692615405255,83.88801943775047
9.076335596368164,59.157514951129095
73.77120950029403,25.717258771382262
45.74493135714591,26.77244194997705
16.482713379689844,33.69313660154721
67.69444220504242,25.839570612727965
18.804717403330343,30.67576920849026
8.638923095067685,63.745875217665244
7.39856347543674,97.66128125390318
103.34599413457877,25.4550269339148
63.32321943821793,25.95780511786451
14.516594399702955,37.279928830984474
55.28756895722491,26.217144899054027
100.14293782919533,25.48239877401247
23.59345863481457,29.404256526752885
59.715843640408494,26.083270432404706
9.531479209226474,56.010532286945036
12.59487414011509,42.8054710392494
12.273680578939537,43.892690564377
33.30934918530233,27.82034779242462
16.770418349233587,32.538171387263574
8.678166871490818,62.5867483935307
8.045197173417126,79.08638962662958
7.780739004373958,85.96433496707803
25.45317308090567,28.95421742540497
35.78516811921658,27.688947350176775
7.437018641947347,94.61706107882848
15.786794288820404,35.13791096440684
45.74493135714591,26.77244194997705
7.4129133154750155,97.28025556733544
94.93406301280044,25.505332873130676
50.259989736752765,26.435130846858154
53.89858961208391,26.270827327668982
8.309099374482763,71.58619990673695
18.804717403330343,30.67576920849026
59.776116675328296,26.057293349600346
85.51418329318878,25.569521156658173
89.08760556993909,25.545684579422037
7.98249853294595,81.2843119110756
36.99932898869668,27.422538152414077
9.262565656827267,57.82332723371446
7.654122032056644,89.44929360018406
14.194325103069245,38.18987597496585
66.29661320294073,25.8880295965749
7.524247237406374,92.15023018055959
7.713963136560249,87.10297535657921
11.378343478108794,47.50631001433617
8.110737188813554,76.5902440499401
7.453928706821703,94.16665974968801
20.66796795034759,30.144031822758976
13.209589757150521,41.1410053838062
102.91199563266369,25.45651689037465
17.507042276503373,31.186159733807795
8.435084637706067,68.29502237098049
8.484701050898598,67.95257347582277
7.664190755612865,88.44645189301883
21.633003255665987,29.820326858292113
69.23143734970498,25.800567057345997
91.81989309532472,25.516454739128488
71.66053624418453,25.754330605399907
8.61881954600963,64.130946486809
7.996430480630654,79.742882907035
11.851137941807067,46.29178520079751
28.95428037975875,28.601675659943126
16.482713379689844,33.69313660154721
49.478716186187924,26.480993555193265
82.7009859988577,25.60459211082952
79.92203744416156,25.630519952130797
8.36343376470722,70.26615084039238
8.74952070679634,60.55535674535025
89.08770894226659,25.544255710177087
91.81881912870669,25.517561317334803
10.704511998038209,50.54396833614811
95.71171835432756,25.491721042891875
7.860448333195394,83.9934937871451
11.861485568111481,45.625475319379554
8.5669195442185,65.99105144053122
9.985499613165931,54.5627069734895
38.74713514244101,27.246816795375977
10.992587395882188,48.82014294614388
15.938725360079088,34.077917975743865
85.19467771795627,25.57893306864377
82.70108996662772,25.603135541896208
73.77120950029403,25.717258771382262
8.566919807615475,65.9910261171826
31.474151119898423,28.244516901933345
97.6484903861567,25.485679471686684
74.12452091552633,25.708759201863455
70.76219345788307,25.79107076923453
41.7542517326386,26.988709799509934
41.600595401631786,27.137495371745853
76.24055575962721,25.6972500921119
31.75816494772111,28.005316119487286
9.845215881900893,54.72715934751707
8.266243110689627,73.17258260607409
10.192740454302497,52.966302058988845
7.566648990901423,91.03564916195788
10.362843563216012,51.727379084013634
39.58379943639892,27.175782405513946
7.9066302092779335,82.38195387272108
9.076335596368164,59.157514951129095
29.660404525293522,28.308885015311933
47.542203497508666,26.586860948649065
14.085078613186372,39.707308328546716
26.963658981674357,28.681509170774945
43.762192784917104,26.891679400499548
43.762098203327525,26.89196676674316
14.122174788983086,39.61241352106651
7.39856347543674,97.66128125390318
103.34599413457877,25.4550269339148
79.92203744416156,25.630519952130797
8.266243110689627,73.17258260607409
76.24055575962721,25.6972500921119
15.786794288820404,35.13791096440684
14.516594399702955,37.279928830984474
7.860448333195394,83.9934937871451
13.209589757150521,41.1410053838062
10.992587395882188,48.82014294614388
8.168172068622338,76.03591627112654
10.704511998038209,50.54396833614811
58.67403034295409,26.08694026363721
12.273680578939537,43.892690564377
97.6484903861567,25.485679471686684
8.61881954600963,64.130946486809
11.378343478108794,47.50631001433617
7.437018641947347,94.61706107882848
8.110737188813554,76.5902440499401
10.192740454302497,52.966302058988845
7.780739004373958,85.96433496707803
47.542203497508666,26.586860948649065
7.4129133154750155,97.28025556733544
23.59345863481457,29.404256526752885
20.565032647740942,30.093927655387674
85.51418329318878,25.569521156658173
26.963658981674357,28.681509170774945
10.362843563216012,51.727379084013634
7.9066302092779335,82.38195387272108
63.322852375350564,25.958807743904107
59.77613965322793,26.056948990822576
11.861485568111481,45.625475319379554
89.08760556993909,25.545684579422037
7.98249853294595,81.2843119110756
55.39947214741553,26.216137888030527
53.445801802461844,26.303659502708186
14.194325103069245,38.18987597496585
8.045197173417126,79.08638962662958
50.54338651454459,26.41779396571707
66.29661320294073,25.8880295965749
8.74952070679634,60.55535674535025
7.453928706821703,94.16665974968801
28.95428037975875,28.601675659943126
7.664190755612865,88.44645189301883
8.678166871490818,62.5867483935307
9.207912876726933,57.72529147721504
94.2401803568225,25.508616995983967
9.076335596368164,59.157514951129095
63.554853117420166,25.951365275092204
66.79742435223365,25.862641567920043
29.660404525293522,28.308885015311933
11.851137941807067,46.29178520079751
14.085078613186372,39.707308328546716
49.478716186187924,26.480993555193265
38.74713514244101,27.246816795375977
7.566648990901423,91.03564916195788
12.736937506374662,42.35369024483862
82.69915908637452,25.603367098747057
8.484701050898598,67.95257347582277
101.39390704492828,25.462275766452958
89.08770894226659,25.544255710177087
91.81880209639397,25.517794622608385
16.482713379689844,33.69313660154721
7.5188532387822296,92.25825442865379
33.30934918530233,27.82034779242462
41.7542517326386,26.988709799509934
95.71171835432756,25.491721042891875
35.78516811921658,27.688947350176775
8.433862037289007,68.29793756095268
8.5669195442185,65.99105144053122
9.985499613165931,54.5627069734895
8.36343376470722,70.26615084039238
15.938725360079088,34.077917975743865
9.42679244157281,57.05236776065038
18.804717403330343,30.67576920849026
17.323844190986012,32.28666060917956
84.16856973353916,25.583559538716752
8.566919807615475,65.9910261171826
73.77120950029403,25.717258771382262
69.23143734970498,25.800567057345997
22.334970893742906,29.64191227481923
12.59487414011509,42.8054710392494
100.14293782919533,25.48239877401247
74.12452091552633,25.708759201863455
70.76219345788307,25.79107076923453
25.45312787380705,28.955083421088638
91.81989309532472,25.516454739128488
36.99932898869668,27.422538152414077
21.633003255665987,29.820326858292113
31.474151119898423,28.244516901933345
9.845215881900893,54.72715934751707
7.654122032056644,89.44929360018406
7.600296737852054,90.05901913198603
39.58379943639892,27.175782405513946
45.74493135714591,26.77244194997705
71.6605808595326,25.75356771250785
8.309099374482763,71.58619990673695
43.762192784917104,26.891679400499548
43.762098203327525,26.89196676674316
14.122174788983086,39.61241352106651
103.34599413457877,25.4550269339148
7.39856347543674,97.66128125390318
76.24055575962721,25.6972500921119
7.780739004373958,85.96433496707803
53.445801802461844,26.303659502708186
7.664190755612865,88.44645189301883
10.992587395882188,48.82014294614388
8.36343376470722,70.26615084039238
10.704511998038209,50.54396833614811
25.45312787380705,28.955083421088638
82.69915908637452,25.603367098747057
9.076335596368164,59.157514951129095
35.78516811921658,27.688947350176775
15.786794288820404,35.13791096440684
10.192740454302497,52.966302058988845
97.6484903861567,25.485679471686684
14.516594399702955,37.279928830984474
7.4129133154750155,97.28025556733544
69.23143734970498,25.800567057345997
7.98249853294595,81.2843119110756
31.474151119898423,28.244516901933345
26.963658981674357,28.681509170774945
8.110737188813554,76.5902440499401
45.74493135714591,26.77244194997705
94.2401803568225,25.508616995983967
8.045197173417126,79.08638962662958
16.952920956558046,32.21699931727467
79.92203744416156,25.630519952130797
10.362843563216012,51.727379084013634
8.433862037289007,68.29793756095268
61.5186903737384,25.998247927719962
8.678166871490818,62.5867483935307
9.845215881900893,54.72715934751707
8.309099374482763,71.58619990673695
85.79433884608828,25.567139310435216
7.436975799428993,94.61733075841732
36.99932898869668,27.422538152414077
9.449403698218129,56.926589954244335
16.482713379689844,33.69313660154721
58.63355512032704,26.093535984861127
55.43851385085188,26.209454698237344
8.206280198570845,74.8988131566922
7.9066302092779335,82.38195387272108
89.08760556993909,25.545684579422037
11.34213105531603,47.46266266496555
50.54338651454459,26.41779396571707
12.273680578939537,43.892690564377
8.4824393010516,67.55247722132897
9.207912876726933,57.72529147721504
7.5188532387822296,92.25825442865379
71.6605808595326,25.75356771250785
39.58379943639892,27.175782405513946
66.79742435223365,25.862641567920043
63.554853117420166,25.951365275092204
8.74952070679634,60.55535674535025
8.007076548107225,79.42040570535673
49.478716186187924,26.480993555193265
59.77613965322793,26.056948990822576
11.861485568111481,45.625475319379554
33.30934918530233,27.82034779242462
14.085078613186372,39.707308328546716
101.39390704492828,25.462275766452958
8.61881954600963,64.130946486809
38.74713514244101,27.246816795375977
18.804717403330343,30.67576920849026
84.16856973353916,25.583559538716752
12.736937506374662,42.35369024483862
66.28288546709275,25.924819072411836
100.14293782919533,25.48239877401247
79.92242571193437,25.62963914023717
13.209594216603637,41.14084809596386
8.72839948787055,61.14665939498019
91.71075831695134,25.52224911904411
23.59345863481457,29.404256526752885
11.520638098514457,46.7175015336165
7.810417096827372,84.51842200199592
9.985499613165931,54.5627069734895
89.08770894226659,25.544255710177087
7.459342425977193,94.13865898948849
15.938725360079088,34.077917975743865
20.54316785548135,30.100447643367755
8.566919807615475,65.9910261171826
73.77120950029403,25.717258771382262
74.12452091552633,25.708759201863455
70.76219345788307,25.79107076923453
7.566648990901423,91.03564916195788
91.81989309532472,25.516454739128488
41.50394956334462,27.008992740983903
41.7542517326386,26.988709799509934
33.160106852826175,27.929737680120738
14.194325103069245,38.18987597496585
8.261306915511746,73.2997232454765
47.542203497508666,26.586860948649065
7.654122032056644,89.44929360018406
7.600296737852054,90.05901913198603
7.8916504852168226,83.7317223451349
22.334970893742906,29.64191227481923
8.5669195442185,65.99105144053122
8.27536193958631,72.93783410165737
43.762192784917104,26.891679400499548
103.34599413457877,25.4550269339148
7.39856347543674,97.66128125390318
31.474151119898423,28.244516901933345
76.24055575962721,25.6972500921119
15.786794288820404,35.13791096440684
8.110737188813554,76.5902440499401
12.273680578939537,43.892690564377
26.98202136698117,28.679186819635518
85.79433884608828,25.567139310435216
14.085078613186372,39.707308328546716
14.516594399702955,37.279928830984474
7.664190755612865,88.44645189301883
8.61881954600963,64.130946486809
12.736937506374662,42.35369024483862
11.861485568111481,45.625475319379554
63.554853117420166,25.951365275092204
82.57145197485843,25.60185118848814
43.762192784917104,26.891679400499548
7.5188532387822296,92.25825442865379
45.74493135714591,26.77244194997705
8.678166871490818,62.5867483935307
69.23143734970498,25.800567057345997
47.542203497508666,26.586860948649065
23.537121391167485,29.334604668670462
22.334970893742906,29.64191227481923
8.045197173417126,79.08638962662958
10.192740454302497,52.966302058988845
97.64880021967373,25.481663152795594
79.92203744416156,25.630519952130797
101.39382038998386,25.463416900478578
50.54338651454459,26.41779396571707
7.4129133154750155,97.28025556733544
9.076335596368164,59.157514951129095
7.436975799428993,94.61733075841732
36.99932898869668,27.422538152414077
94.2401803568225,25.508616995983967
97.6484903861567,25.485679471686684
7.780739004373958,85.96433496707803
9.207912876726933,57.72529147721504
89.08760556993909,25.545684579422037
84.16856973353916,25.583559538716752
55.79572196694256,26.195902167008466
11.34213105531603,47.46266266496555
8.4824393010516,67.55247722132897
7.459342425977193,94.13865898948849
7.8916504852168226,83.7317223451349
16.482713379689844,33.69313660154721
7.897288996464784,82.18001705182591
39.58379943639892,27.175782405513946
7.810417096827372,84.51842200199592
52.970748422539074,26.32409480281428
59.77613965322793,26.056948990822576
7.566648990901423,91.03564916195788
14.194325103069245,38.18987597496585
58.62850136421144,26.170727794936965
11.520638098514457,46.7175015336165
38.74713514244101,27.246816795375977
66.28288546709275,25.924819072411836
13.209594216603637,41.14084809596386
71.6605808595326,25.75356771250785
91.71075831695134,25.52224911904411
79.93815091299736,25.625376820912617
8.428199098170754,68.86149983156848
8.261306915511746,73.2997232454765
89.08770894226659,25.544255710177087
33.65205147207863,27.780863280445537
53.445801802461844,26.303659502708186
16.952920956558046,32.21699931727467
91.81989309532472,25.516454739128488
8.566919807615475,65.9910261171826
73.77120950029403,25.717258771382262
66.79742435223365,25.862641567920043
19.461058160264376,30.591476737019956
7.984061127784797,81.2451894526121
8.007076548107225,79.42040570535673
74.12452091552633,25.708759201863455
55.43851385085188,26.209454698237344
9.604747889669856,56.088961902584074
94.23986955777296,25.512705394050204
8.72839948787055,61.14665939498019
25.45312787380705,28.955083421088638
41.50394956334462,27.008992740983903
41.7542517326386,26.988709799509934
9.845215881900893,54.72715934751707
20.54334685823135,30.09956255890324
8.206280198570845,74.8988131566922
10.704511998038209,50.54396833614811
61.5186903737384,25.998247927719962
8.173674273976902,75.04057696585973
10.103687371053978,54.40937059763695
8.27536193958631,72.93783410165737
35.78514375827138,27.689357457558184
7.654122032056644,89.44929360018406
7.600296737852054,90.05901913198603
9.449403698218129,56.926589954244335
8.5669195442185,65.99105144053122
11.01498464527122,48.760413358092876
32.291974687462364,27.979521297500668
62.02931477998235,25.983211751974647
10.979038290910191,49.42104848757698
7.39856347543674,97.66128125390318
103.34599413457877,25.4550269339148
8.428199098170754,68.86149983156848
8.27536193958631,72.93783410165737
75.9861458286,25.677578836436492
10.192740454302497,52.966302058988845
8.110737188813554,76.5902440499401
10.704511998038209,50.54396833614811
7.780739004373958,85.96433496707803
29.69718540335047,28.482634451547405
16.482713379689844,33.69313660154721
85.79433884608828,25.567139310435216
11.861485568111481,45.625475319379554
43.762192784917104,26.891679400499548
25.45312787380705,28.955083421088638
7.434958065836167,94.54750635315366
7.4129133154750155,97.28025556733544
79.92203744416156,25.630519952130797
14.87153718121655,36.410145043901586
8.4824393010516,67.55247722132897
33.65205147207863,27.780863280445537
8.045197173417126,79.08638962662958
35.78514375827138,27.689357457558184
71.6605808595326,25.75356771250785
7.951030870241597,80.87700217980468
101.3824965361088,25.466191379761764
97.64880021967373,25.481663152795594
7.810417096827372,84.51842200199592
16.952920956558046,32.21699931727467
8.61881954600963,64.130946486809
96.6766768435562,25.487772530668266
14.194325103069245,38.18987597496585
7.664561951750143,88.39208748183084
17.92337676092619,31.02134197102063
69.23143734970498,25.800567057345997
9.207912876726933,57.72529147721504
89.08760556993909,25.545684579422037
9.604747889669856,56.088961902584074
20.54334685823135,30.09956255890324
84.16856973353916,25.583559538716752
31.474151119898423,28.244516901933345
55.79572196694256,26.195902167008466
50.54338651454459,26.41779396571707
47.54220798359947,26.586847724634374
7.897288996464784,82.18001705182591
7.857311430838896,83.22388183306659
8.678166871490818,62.5867483935307
66.79742435223365,25.862641567920043
39.58379943639892,27.175782405513946
14.516594399702955,37.279928830984474
58.62850136421144,26.170727794936965
26.98202136698117,28.679186819635518
11.01498464527122,48.760413358092876
32.291974687462364,27.979521297500668
63.554853117420166,25.951365275092204
13.209594216603637,41.14084809596386
14.067988452174728,39.72242974707882
9.076335596368164,59.157514951129095
66.28288523835367,25.924822487295373
9.845215881900893,54.72715934751707
12.272703598708611,43.933178827698846
10.103687371053978,54.40937059763695
10.979038290910191,49.42104848757698
8.257855435148965,73.2858630895134
91.06387335254581,25.538259970035824
11.34213105531603,47.46266266496555
53.445801802461844,26.303659502708186
15.820290941275928,35.11641275479472
15.753102235874358,35.22302630469367
9.449403698218129,56.926589954244335
12.273680578939537,43.892690564377
17.31704747955276,31.542139006378964
7.460522644381952,93.70866655933924
50.5438443103948,26.41646689208587
52.970748422539074,26.32409480281428
91.81989309532472,25.516454739128488
8.72839948787055,61.14665939498019
8.566919807615475,65.9910261171826
73.77120950029403,25.717258771382262
12.736930338105564,42.35396262619347
55.43851385085188,26.209454698237344
70.05606276166556,25.78141083589323
94.2401803568225,25.508616995983967
38.74713514244101,27.246816795375977
94.23986955777296,25.512705394050204
23.60784892432819,29.3246789067659
41.50394956334462,27.008992740983903
8.206280198570845,74.8988131566922
41.7542517326386,26.988709799509934
22.330374954947995,29.717975251726077
82.22895417123601,25.614497171541736
8.173674273976902,75.04057696585973
79.93815091299736,25.625376820912617
7.654122032056644,89.44929360018406
19.461058160264376,30.591476737019956
7.600296737852054,90.05901913198603
45.74493135714591,26.77244194997705
8.5669195442185,65.99105144053122
14.139834245135084,39.56899368713368
8.640890678147397,63.43010238196571
7.39856347543674,97.66128125390318
103.34889761267428,25.455006113724107
63.554853117420166,25.951365275092204
75.9861458286,25.677578836436492
8.045197173417126,79.08638962662958
35.78514375827138,27.689357457558184
8.330749615856531,71.41396953308185
8.428199098170754,68.86149983156848
58.633072626318004,26.10079709811853
88.87417103685029,25.53851977439203
26.98202136698117,28.679186819635518
10.704511998038209,50.54396833614811
12.736930338105564,42.35396262619347
7.434487701737898,94.52774881316182
38.74713514244101,27.246816795375977
9.076335596368164,59.157514951129095
7.951030870241597,80.87700217980468
82.22895417123601,25.614497171541736
79.92200289853449,25.631005998815983
22.330374954947995,29.717975251726077
8.4824393010516,67.55247722132897
33.65205147207863,27.780863280445537
7.664561951750143,88.39208748183084
100.33154666124284,25.47238105154965
45.74493135714591,26.77244194997705
10.435740824199994,52.51251864528665
7.810417096827372,84.51842200199592
7.600296737852054,90.05901913198603
7.418733427139783,97.10242046775835
97.64880021967373,25.481663152795594
11.861485568111481,45.625475319379554
84.16856973353916,25.583559538716752
91.81989309532472,25.516454739128488
8.614113716783343,63.954043281688676
47.54220798359947,26.586847724634374
96.6766768435562,25.487772530668266
8.110737188813554,76.5902440499401
69.23143734970498,25.800567057345997
7.727661239303871,86.61309998544493
16.482713379689844,33.69313660154721
31.474151119898423,28.244516901933345
55.79572196694256,26.195902167008466
50.54338041837259,26.41781395477162
7.897288996464784,82.18001705182591
7.857311430838896,83.22388183306659
85.79433884608828,25.567139310435216
66.79742435223365,25.862641567920043
7.530892625815123,92.13211306135764
39.58379943639892,27.175782405513946
8.678166871490818,62.5867483935307
7.460522644381952,93.70866655933924
29.697161160340098,28.483051425485183
90.63991541340405,25.527439465325685
11.01498464527122,48.760413358092876
58.62850136421144,26.170727794936965
7.780739004373958,85.96433496707803
10.192740454302497,52.966302058988845
19.461058160264376,30.591476737019956
32.291974687462364,27.979521297500668
8.805058008391947,60.70860563869201
66.28288523835367,25.924822487295373
15.820290941275928,35.11641275479472
8.566919807615475,65.9910261171826
13.233204154377258,40.88650847773584
10.103687371053978,54.40937059763695
10.979038290910191,49.42104848757698
15.753102235874358,35.22302630469367
12.257453899144975,43.987980093640324
53.445801802461844,26.303659502708186
8.257855435148965,73.2858630895134
12.273680578939537,43.892690564377
52.938954940427806,26.41543119728275
14.516594399702955,37.279928830984474
9.845215881900893,54.72715934751707
55.43851385085188,26.209454698237344
70.05606276166556,25.78141083589323
94.28552727270166,25.508586729355514
14.87153718121655,36.410145043901586
13.209594216603637,41.14084809596386
94.23986955777296,25.512705394050204
41.50394956334462,27.008992740983903
8.206280198570845,74.8988131566922
50.5438443103948,26.41646689208587
14.067590405848703,39.7354772028096
9.449403698218129,56.926589954244335
25.379111007453144,29.104087292612828
80.18156238632025,25.62219992646588
20.652612263663265,30.080051178800183
7.654122032056644,89.44929360018406
73.77120950029403,25.717258771382262
11.34213105531603,47.46266266496555
25.45312787380705,28.955083421088638
7.514288716292034,92.32289691834006
14.139834245135084,39.56899368713368
8.5669195442185,65.99105144053122
71.66058204152438,25.75355073773391
73.77120831839291,25.71727562551481
43.87975125727561,26.823121163797953
41.754279672797246,26.986774768308578
43.762192784917104,26.891679400499548
103.34889761267428,25.455006113724107
7.39856347543674,97.66128125390318
75.9861458286,25.677578836436492
16.482713379689844,33.69313660154721
100.3314911259594,25.472371082847683
8.428199098170754,68.86149983156848
11.861485568111481,45.625475319379554
11.34213105531603,47.46266266496555
62.03494607997253,25.990255222524244
9.449403698218129,56.926589954244335
88.87417103685029,25.53851977439203
94.18804869809885,25.50046493352791
10.704511998038209,50.54396833614811
8.614113716783343,63.954043281688676
12.736930338105564,42.35396262619347
8.257855435148965,73.2858630895134
8.206280198570845,74.8988131566922
79.92200289853449,25.631005998815983
8.110737188813554,76.5902440499401
20.652612263663265,30.080051178800183
8.045197173417126,79.08638962662958
14.87153718121655,36.410145043901586
8.476283029929544,67.25863465648501
29.697161160340098,28.483051425485183
17.315894788752775,31.636295851690146
71.66058204152438,25.75355073773391
47.54220798359947,26.586847724634374
7.810417096827372,84.51842200199592
8.330749615856531,71.41396953308185
97.64880021967373,25.481663152795594
58.744973438264154,26.093866671291124
25.03864142284016,29.541725916639194
96.6766768435562,25.487772530668266
7.427278377051374,95.48629764011406
35.81822223497746,27.597515767616052
14.430087325506053,38.03618512354789
38.64222944347537,27.255177011219182
8.087466390349606,77.99181469805094
66.28288523835367,25.924822487295373
7.727661239303871,86.61309998544493
9.118765466465161,58.21328937469542
33.65205147207863,27.780863280445537
9.743973123063379,54.93652699299038
50.54338041837259,26.41781395477162
10.435740824199994,52.51251864528665
7.897288996464784,82.18001705182591
45.74493135714591,26.77244194997705
85.79433884608828,25.567139310435216
8.719848339470415,62.26048680008858
8.780856565499173,60.30968094156416
7.530892625815123,92.13211306135764
26.98202136698117,28.679186819635518
52.938954940427806,26.41543119728275
9.853291487343217,54.279078836040256
19.071442076138986,30.70740818794402
7.460522644381952,93.70866655933924
27.9410794637108,28.525281813582737
11.01498464527122,48.760413358092876
90.63991541340405,25.527439465325685
58.62175511423314,26.128362031861183
7.664561951750143,88.39208748183084
22.332900007020818,29.714796697352668
55.79572196694256,26.195902167008466
7.780739004373958,85.96433496707803
84.16856973353916,25.583559538716752
82.22895417123601,25.614497171541736
7.598178128697716,90.08075184917473
63.55585500659632,25.949412890551617
15.820290941275928,35.11641275479472
17.49465869629624,31.38640346824519
8.566919807615475,65.9910261171826
13.233204154377258,40.88650847773584
12.257453899144975,43.987980093640324
10.979038290910191,49.42104848757698
15.753102235874358,35.22302630469367
12.273680578939537,43.892690564377
31.474151119898423,28.244516901933345
66.79742435223365,25.862641567920043
14.139834245135084,39.56899368713368
14.516594399702955,37.279928830984474
10.158960821314528,52.685325003849535
8.325950172931318,71.55098915506969
68.7967155651366,25.84729254407379
7.951030870241597,80.87700217980468
70.05606276166556,25.78141083589323
13.209594216603637,41.14084809596386
19.461058160264376,30.591476737019956
41.754279672797246,26.986774768308578
91.81989309532472,25.516454739128488
50.5438443103948,26.41646689208587
7.434487701737898,94.52774881316182
14.067590405848703,39.7354772028096
8.678166871490818,62.5867483935307
43.762192784917104,26.891679400499548
80.18156238632025,25.62219992646588
41.50394956334462,27.008992740983903
73.77120950029403,25.717258771382262
35.413301644666795,27.723261430333615
25.45312787380705,28.955083421088638
22.330374954947995,29.717975251726077
103.34889761267428,25.455006113724107
7.39856347543674,97.66128125390318
52.234237459848096,26.357277019738934
62.03494607997253,25.990255222524244
7.897288996464784,82.18001705182591
25.45312787380705,28.955083421088638
9.449403698218129,56.926589954244335
85.79433884608828,25.567139310435216
8.614113716783343,63.954043281688676
8.566919807615475,65.9910261171826
9.118765466465161,58.21328937469542
16.403842559451714,33.31202282488816
43.762192784917104,26.891679400499548
7.951030870241597,80.87700217980468
7.427278377051374,95.48629764011406
23.251844608602177,29.5297177840456
79.92200289853449,25.631005998815983
75.9861458286,25.677578836436492
20.652612263663265,30.080051178800183
8.045197173417126,79.08638962662958
12.736930338105564,42.35396262619347
8.206280198570845,74.8988131566922
29.697161160340098,28.483051425485183
73.77120950029403,25.717258771382262
55.79572196694256,26.195902167008466
8.330749615856531,71.41396953308185
97.64880021967373,25.481663152795594
58.744973438264154,26.093866671291124
38.64222944347537,27.255177011219182
82.22895417123601,25.614497171541736
8.428199098170754,68.86149983156848
7.810417096827372,84.51842200199592
41.50394956334462,27.008992740983903
10.704511998038209,50.54396833614811
14.430087325506053,38.03618512354789
10.435740824199994,52.51251864528665
68.7967155651366,25.84729254407379
8.087466390349606,77.99181469805094
66.28288523835367,25.924822487295373
7.727661239303871,86.61309998544493
7.460522644381952,93.70866655933924
47.91295763913374,26.563789768403733
17.282379830665132,31.754729666824975
88.87416096513505,25.538658885011614
91.81989309532472,25.516454739128488
103.34889156033289,25.455085008412933
100.33149452706745,25.472325974696837
8.950646540633675,59.93552445511241
70.05606276166556,25.78141083589323
26.98202136698117,28.679186819635518
16.073135446134593,34.21191206113784
11.01498464527122,48.760413358092876
96.6766768435562,25.487772530668266
9.704050423363755,55.0114718650264
33.65205147207863,27.780863280445537
35.81822223497746,27.597515767616052
10.158960821314528,52.685325003849535
58.57548357286864,26.14869873961042
38.14974616095401,27.586296373026578
11.498195623301296,46.84527370168136
55.796192654601285,26.188786443573203
50.500107013126495,26.428929737646225
33.119836301427995,28.198427150884722
7.584395012030721,90.43012746786798
7.598178128697716,90.08075184917473
63.556049203517375,25.949313350013473
12.257453899144975,43.987980093640324
100.3314911259594,25.472371082847683
13.233204154377258,40.88650847773584
11.861485568111481,45.625475319379554
14.139834245135084,39.56899368713368
66.79742435223365,25.862641567920043
8.257855435148965,73.2858630895134
14.516594399702955,37.279928830984474
7.78038415930889,85.96279366082422
12.28752066211825,43.88315593484015
94.71480544560752,25.49633443222196
15.0714769134805,36.04287170774073
7.664733269988017,88.38838701618958
9.853441582059316,54.26902088206598
19.461058160264376,30.591476737019956
41.754279672797246,26.986774768308578
35.413301644666795,27.723261430333615
7.434487701737898,94.52774881316182
93.69155286584672,25.50717211280275
8.269386496352693,72.98052366222066
14.067587787607916,39.73556313908641
45.74493135714591,26.77244194997705
8.678166871490818,62.5867483935307
8.158786542025208,76.15229669540089
7.530892625815123,92.13211306135764
7.664561951750143,88.39208748183084
75.86938120973716,25.684835912631673
8.719848339470415,62.26048680008858
80.18156238632025,25.62219992646588
14.87153718121655,36.410145043901586
22.330374954947995,29.717975251726077
7.530889710129212,92.13256362269938
72.09477653299886,25.741867827805947
8.325950172931318,71.55098915506969
103.34889761267428,25.455006113724107
7.39856347543674,97.66128125390318
85.79433884608828,25.567139310435216
88.87416096513505,25.538658885011614
8.566919807615475,65.9910261171826
11.498195623301296,46.84527370168136
16.073135446134593,34.21191206113784
91.81989309532472,25.516454739128488
50.500107013126495,26.428929737646225
11.861485568111481,45.625475319379554
9.118765466465161,58.21328937469542
10.704511998038209,50.54396833614811
79.92200289853449,25.631005998815983
7.951030870241597,80.87700217980468
15.0714769134805,36.04287170774073
75.9861458286,25.677578836436492
33.119836301427995,28.198427150884722
13.233204154377258,40.88650847773584
8.428199098170754,68.86149983156848
8.044868094625926,79.08256980244676
8.459299822045198,68.47164526166141
8.206280198570845,74.8988131566922
73.77120950029403,25.717258771382262
30.009153500495607,28.430895782298737
72.09477653299886,25.741867827805947
55.79572196694256,26.195902167008466
52.234237459848096,26.357277019738934
20.652612263663265,30.080051178800183
11.01498464527122,48.760413358092876
7.810417096827372,84.51842200199592
82.22895417123601,25.614497171541736
9.853441582059316,54.26902088206598
8.332492755266978,71.3694854060138
70.05606276166556,25.78141083589323
14.430087325506053,38.03618512354789
59.17926353471123,26.079473026130852
8.158786542025208,76.15229669540089
29.697161160340098,28.483051425485183
22.330374954947995,29.717975251726077
41.50394956334462,27.008992740983903
7.887025215614296,83.30653910837668
38.794278377659126,27.241501437120384
63.556049203517375,25.949313350013473
103.34889156033289,25.455085008412933
100.33149452706745,25.472325974696837
94.71480544560752,25.49633443222196
26.982456845027464,28.678752345134537
62.02035628810808,26.024637570470695
96.6766768435562,25.487772530668266
16.914985109513985,33.06598692895558
93.69155286584672,25.50717211280275
7.424410028447815,95.51253165715298
10.158960821314528,52.685325003849535
8.950646540633675,59.93552445511241
10.643926910547458,52.250299060281996
24.975982149674923,29.04360101750053
38.14974616095401,27.586296373026578
7.78038415930889,85.96279366082422
56.285033762136315,26.170910237257786
66.28288523835367,25.924822487295373
7.584395012030721,90.43012746786798
7.598178128697716,90.08075184917473
47.91362643701781,26.563677802371878
8.584193138967692,64.69049192903685
12.257453899144975,43.987980093640324
9.634910257224751,55.85041910273347
12.736930338105564,42.35396262619347
99.30474597551532,25.47726295114101
10.964509694356524,49.182352368857316
12.28752066211825,43.88315593484015
97.64880021967373,25.481663152795594
14.139834245135084,39.56899368713368
8.257855435148965,73.2858630895134
14.516594399702955,37.279928830984474
58.57548357286864,26.14869873961042
8.107024312516767,77.3513066907211
25.45312787380705,28.955083421088638
12.777038577198194,42.219761263739024
45.74600455364927,26.755525304400706
7.727281591007074,86.61681724014463
7.664733269988017,88.38838701618958
47.91240273533982,26.572373870505924
7.434487701737898,94.52774881316182
35.413301644666795,27.723261430333615
8.269386496352693,72.98052366222066
35.81822223497746,27.597515767616052
23.267262685863802,29.47382189247709
8.750517104195911,61.18452359698603
13.572056870463394,39.81753287250842
8.087466390349606,77.99181469805094
66.79742435223365,25.862641567920043
17.282379830665132,31.754729666824975
9.704050423363755,55.0114718650264
7.530892625815123,92.13211306135764
7.664561951750143,88.39208748183084
8.678166871490818,62.5867483935307
33.65205147207863,27.780863280445537
14.87153718121655,36.410145043901586
7.472189262300915,93.510250185106
45.74493135714591,26.77244194997705
103.34889761267428,25.455006113724107
7.39856347543674,97.66128125390318
79.62166148353076,25.629821009133362
9.118765466465161,58.21328937469542
85.79433884608828,25.567139310435216
7.887025215614296,83.30653910837668
9.634910257224751,55.85041910273347
88.87416096513505,25.538658885011614
52.234237459848096,26.357277019738934
41.99045124826072,26.96943273390993
8.584193138967692,64.69049192903685
32.735714170295566,27.94686759519797
11.498195623301296,46.84527370168136
55.79572196694256,26.195902167008466
7.424410028447815,95.51253165715298
7.530892625815123,92.13211306135764
62.02035628810808,26.024637570470695
38.794278377659126,27.241501437120384
100.33149452706745,25.472325974696837
45.74493135714591,26.77244194997705
20.652612263663265,30.080051178800183
10.704511998038209,50.54396833614811
66.79742435223365,25.862641567920043
8.206280198570845,74.8988131566922
7.951030870241597,80.87700217980468
8.428199098170754,68.86149983156848
72.09477653299886,25.741867827805947
18.314299384589905,30.957494903384966
26.982456845027464,28.678752345134537
75.9861458286,25.677578836436492
11.01498464527122,48.760413358092876
82.24525621476079,25.604725601045654
41.50394956334462,27.008992740983903
9.853441582059316,54.26902088206598
16.073135446134593,34.21191206113784
15.07150229787852,36.042237400036825
8.337356559600956,71.24465859468626
8.53151568789056,68.41888234719947
30.054642910355135,28.39062649522171
70.05479348875103,25.79091657092915
66.28288523835367,25.924822487295373
8.566919807615475,65.9910261171826
14.139834245135084,39.56899368713368
10.158960821314528,52.685325003849535
8.044868094625926,79.08256980244676
87.24691679827787,25.55646138980709
103.34889156033289,25.455085008412933
58.57548357286864,26.14869873961042
94.71480544560752,25.49633443222196
29.697161160340098,28.483051425485183
91.81971674861973,25.51701262149302
33.65205147207863,27.780863280445537
8.678166871490818,62.5867483935307
93.69155286584672,25.50717211280275
59.440857354762734,26.07574624072317
63.556049203517375,25.949313350013473
24.975982149674923,29.04360101750053
56.285033762136315,26.170910237257786
50.500107013126495,26.428929737646225
47.91362643701781,26.563677802371878
12.736930338105564,42.35396262619347
10.643926910547458,52.250299060281996
7.78038415930889,85.96279366082422
82.22895417123601,25.614497171541736
12.28752066211825,43.88315593484015
97.64880021967373,25.481663152795594
8.269386496352693,72.98052366222066
8.257855435148965,73.2858630895134
16.914985109513985,33.06598692895558
14.516594399702955,37.279928830984474
12.123870260627307,44.63772424033719
13.572056870463394,39.81753287250842
7.727281591007074,86.61681724014463
7.991162954010193,80.49085662692785
8.950646540633675,59.93552445511241
12.777038577198194,42.219761263739024
7.688837533318376,87.78896696715995
35.413301644666795,27.723261430333615
47.25332487338218,26.67304155005886
8.332492755266978,71.3694854060138
16.073247795195527,34.209536098662866
38.149623671347655,27.588369324460576
14.430087325506053,38.03618512354789
35.81839806720251,27.59673444322492
13.233204154377258,40.88650847773584
9.704050423363755,55.0114718650264
7.584386113574823,90.43016124974645
7.646517223470744,89.53874053442178
23.27501772286389,29.456489062357537
75.98560656900234,25.685231017323964
73.77120950029403,25.717258771382262
8.158786542025208,76.15229669540089
11.861485568111481,45.625475319379554
8.702782462978526,61.71067956580946
22.330374954947995,29.717975251726077
70.05606276166556,25.78141083589323
10.858803026399253,49.429683403480794
14.87153718121655,36.410145043901586
11.75314300499602,46.03016124325711
96.6766768435562,25.487772530668266
7.39856347543674,97.66128125390318
103.34941403420927,25.454887284842634
7.411058971139163,95.08993787555409
7.530892625815123,92.13211306135764
79.62166148353076,25.629821009133362
8.044868094625926,79.08256980244676
100.33149452706745,25.472325974696837
20.652612263663265,30.080051178800183
45.74493135714591,26.77244194997705
8.158786542025208,76.15229669540089
88.87416096513505,25.538658885011614
41.99045124826072,26.96943273390993
32.503102263187415,27.90318548850843
11.01498464527122,48.760413358092876
18.314299384589905,30.957494903384966
13.233204154377258,40.88650847773584
7.688837533318376,87.78896696715995
10.704511998038209,50.54396833614811
8.49251670556115,66.89476930731699
16.914985109513985,33.06598692895558
38.794278377659126,27.241501437120384
75.9861458286,25.677578836436492
9.634910257224751,55.85041910273347
97.64880021967373,25.481663152795594
55.404748156809966,26.21604016613548
7.646517223470744,89.53874053442178
9.339321624838755,57.519032200243075
82.24886980635569,25.603741163960013
85.79433884608828,25.567139310435216
29.926268034092978,28.243416659720552
47.91362643701781,26.563677802371878
7.78667112713983,85.91148773953753
7.880578007277664,83.35760113319823
7.584386113574823,90.43016124974645
23.27501772286389,29.456489062357537
29.697161160340098,28.483051425485183
15.07150229787852,36.042237400036825
10.158960821314528,52.685325003849535
22.330374954947995,29.717975251726077
38.149623671347655,27.588369324460576
16.073135446134593,34.21191206113784
11.498195623301296,46.84527370168136
8.337356559600956,71.24465859468626
14.430087325506053,38.03618512354789
10.643926910547458,52.250299060281996
70.05479348875103,25.79091657092915
52.23526440155501,26.341585114161912
12.28752066211825,43.88315593484015
66.79742713131319,25.8626008836916
66.28288523835367,25.924822487295373
24.975982149674923,29.04360101750053
8.678166871490818,62.5867483935307
7.9247353335113075,81.60029393820301
58.57548357286864,26.14869873961042
8.428172515784773,68.86429733187558
33.65205147207863,27.780863280445537
87.24691679827787,25.55646138980709
103.34889156033289,25.455085008412933
8.566919807615475,65.9910261171826
41.161100339927984,27.03702695538499
26.982456845027464,28.678752345134537
91.81293461497903,25.518910148116152
96.6766768435562,25.487772530668266
93.69155286584672,25.50717211280275
35.81839806720251,27.59673444322492
8.604990301277219,64.14018102369957
50.500107013126495,26.428929737646225
72.09477653299886,25.741867827805947
63.55742655779569,25.94527314074234
12.123870260627307,44.63772424033719
8.428199098170754,68.86149983156848
10.858803026399253,49.429683403480794
82.22895417123601,25.614497171541736
60.42973792621196,26.044367239546347
8.269386496352693,72.98052366222066
8.257855435148965,73.2858630895134
14.516594399702955,37.279928830984474
8.950646540633675,59.93552445511241
13.572056870463394,39.81753287250842
7.727281591007074,86.61681724014463
9.118765466465161,58.21328937469542
8.584193138967692,64.69049192903685
12.70507375177381,42.549705148997276
7.991162954010193,80.49085662692785
25.83313737590613,28.87757866302933
14.139834245135084,39.56899368713368
12.777038577198194,42.219761263739024
17.144531634322547,32.15139054766093
35.413301644666795,27.723261430333615
9.853617460029112,54.26545314755744
7.887025215614296,83.30653910837668
8.332492755266978,71.3694854060138
16.073247795195527,34.209536098662866
56.285033762136315,26.170910237257786
9.704050423363755,55.0114718650264
8.206280198570845,74.8988131566922
73.96815928195666,25.708345643631763
11.861485568111481,45.625475319379554
14.87153718121655,36.410145043901586
71.06582921856479,25.76544744323177
7.39856347543674,97.66128125390318
103.34941403420927,25.454887284842634
63.55742655779569,25.94527314074234
75.9861458286,25.677578836436492
52.23526440155501,26.341585114161912
100.33149452706745,25.472325974696837
93.69155286584672,25.50717211280275
91.81293461497903,25.518910148116152
7.78667112713983,85.91148773953753
8.044868094625926,79.08256980244676
70.05479348875103,25.79091657092915
26.982456845027464,28.678752345134537
32.503102263187415,27.90318548850843
60.42973792621196,26.044367239546347
7.4223813071180125,94.72016638572089
43.429244006844336,26.86026275326456
8.123388792796248,77.2373306607677
96.6766768435562,25.487772530668266
13.233204154377258,40.88650847773584
11.01498464527122,48.760413358092876
73.96815928195666,25.708345643631763
66.79742713131319,25.8626008836916
7.411058971139163,95.08993787555409
8.186451046339847,74.60243135858246
7.9247353335113075,81.60029393820301
16.914985109513985,33.06598692895558
50.500107013126495,26.428929737646225
79.39753041974504,25.632523779385075
97.64880021967373,25.481663152795594
7.530892625815123,92.13211306135764
7.646517223470744,89.53874053442178
82.24886980635569,25.603741163960013
85.78237847313969,25.570688085159553
29.926268034092978,28.243416659720552
8.158786542025208,76.15229669540089
7.880578007277664,83.35760113319823
9.853617460029112,54.26545314755744
7.584386113574823,90.43016124974645
7.991162954010193,80.49085662692785
38.149623671347655,27.588369324460576
22.330374954947995,29.717975251726077
16.073135446134593,34.21191206113784
15.071528323762372,36.04202882939643
38.794278377659126,27.241501437120384
14.430087325506053,38.03618512354789
58.57548357286864,26.14869873961042
66.28288523835367,25.924822487295373
55.404748156809966,26.21604016613548
24.975982149674923,29.04360101750053
8.337356559600956,71.24465859468626
10.52770740097165,51.621025191084314
56.285033762136315,26.170910237257786
8.417028079086107,68.93083311972714
14.139834245135084,39.56899368713368
8.695212556097658,61.90735610896485
33.65205147207863,27.780863280445537
11.454967074442756,46.88470785738898
87.24691679827787,25.55646138980709
8.678166871490818,62.5867483935307
11.861485568111481,45.625475319379554
102.53656865567416,25.457909159509477
19.20950946384254,30.684435853181554
29.697161160340098,28.483051425485183
72.09477653299886,25.741867827805947
88.87416096513505,25.538658885011614
35.81839806720251,27.59673444322492
8.604990301277219,64.14018102369957
8.803435723133113,60.27556455020724
48.8111614060121,26.554890271925203
12.777038577198194,42.219761263739024
17.144531634322547,32.15139054766093
8.471619277352932,67.7586892739583
7.688837533318376,87.78896696715995
13.572056870463394,39.81753287250842
40.87515968667406,27.06067972627758
80.28390047634028,25.624174412142647
8.269386496352693,72.98052366222066
14.516594399702955,37.279928830984474
12.28752066211825,43.88315593484015
41.99045124826072,26.96943273390993
25.83313737590613,28.87757866302933
47.508428158133796,26.587667608989292
45.74493135714591,26.77244194997705
35.413301644666795,27.723261430333615
10.158812313838395,52.69459608872444
7.887025215614296,83.30653910837668
8.584193138967692,64.69049192903685
8.332492755266978,71.3694854060138
16.073247795195527,34.209536098662866
9.704050423363755,55.0114718650264
7.5473285867967785,92.08195628676467
7.727281591007074,86.61681724014463
20.652612263663265,30.080051178800183
10.858803026399253,49.429683403480794
23.27501772286389,29.456489062357537
9.10214365313906,59.02879129531727
8.257855435148965,73.2858630895134
14.87153718121655,36.410145043901586
12.595468091606069,43.106831900795626
20.65547613311841,30.0761801638025
103.50135879615523,25.454622004996406
7.39856347543674,97.66128125390318
9.704050423363755,55.0114718650264
9.10214365313906,59.02879129531727
8.471619277352932,67.7586892739583
82.24886980635569,25.603741163960013
38.794278377659126,27.241501437120384
85.78237847313969,25.570688085159553
11.454967074442756,46.88470785738898
8.584193138967692,64.69049192903685
19.20950946384254,30.684435853181554
8.417028079086107,68.93083311972714
7.783663171667742,85.82567973545056
8.044868094625926,79.08256980244676
45.74493135714591,26.77244194997705
32.503102263187415,27.90318548850843
100.33149452706745,25.472325974696837
26.982449358256922,28.67860998321556
8.803435723133113,60.27556455020724
72.09477653299886,25.741867827805947
11.01498464527122,48.760413358092876
7.688837533318376,87.78896696715995
79.39753041974504,25.632523779385075
8.186451046339847,74.60243135858246
7.4223813071180125,94.72016638572089
12.28752066211825,43.88315593484015
8.123388792796248,77.2373306607677
97.64880021967373,25.481663152795594
7.530892625815123,92.13211306135764
55.404748156809966,26.21604016613548
7.646517223470744,89.53874053442178
12.777038577198194,42.219761263739024
7.411058971139163,95.08993787555409
7.584386113574823,90.43016124974645
40.87515968667406,27.06067972627758
76.38663210317475,25.672594265531746
7.991162954010193,80.49085662692785
36.39934592444524,27.546651233046383
15.071952267551803,36.0314490540124
16.073135446134593,34.21191206113784
14.430087325506053,38.03618512354789
63.55742655779569,25.94527314074234
7.87940496120328,83.36854760344778
47.508428158133796,26.587667608989292
67.75873354946414,25.83567147609388
52.85636180514308,26.318429580479282
8.337356559600956,71.24465859468626
24.975982149674923,29.04360101750053
9.853617460029112,54.26545314755744
56.285033762136315,26.170910237257786
60.49531987847684,26.03642481700159
14.139834245135084,39.56899368713368
10.404828273043,51.5679079935952
48.8111614060121,26.554890271925203
33.65205147207863,27.780863280445537
29.926268034092978,28.243416659720552
87.24691679827787,25.55646138980709
66.28288523835367,25.924822487295373
17.459779959902264,31.287792750414397
29.69712364084545,28.535659200876577
91.58308649257796,25.521063055123435
23.27501772286389,29.456489062357537
63.74980289885919,25.939287636799055
11.872411458650753,45.44840891092081
88.87696252495235,25.53785360497575
7.727281591007074,86.61681724014463
12.595468091606069,43.106831900795626
8.269386496352693,72.98052366222066
14.516594399702955,37.279928830984474
94.47411074968115,25.506493310324288
52.23526440155501,26.341585114161912
43.429244006844336,26.86026275326456
13.233204154377258,40.88650847773584
13.572056870463394,39.81753287250842
35.413301644666795,27.723261430333615
10.150081246430231,52.89658027716774
7.887025215614296,83.30653910837668
8.332492755266978,71.3694854060138
58.57548357286864,26.14869873961042
70.05479348875103,25.79091657092915
11.861485568111481,45.625475319379554
7.5473285867967785,92.08195628676467
8.158786542025208,76.15229669540089
7.924007979500418,81.60256733890179
8.697146923114952,61.89483895599997
20.652612263663265,30.080051178800183
10.858803026399253,49.429683403480794
8.257855435148965,73.2858630895134
101.87330578499808,25.460249062026293
14.87153718121655,36.410145043901586
21.659631212142738,29.79380408045925
8.678166871490818,62.5867483935307
8.604990301277219,64.14018102369957
70.05479364470891,25.79091431395903
10.633783246094673,50.627939697296824
75.98561210689257,25.68515230175765
73.96815928195666,25.708345643631763
60.42973792621196,26.044367239546347
10.158812313838395,52.69459608872444
58.58623654751617,26.122916248072375
7.39856347543674,97.66128125390318
103.50135879615523,25.454622004996406
9.072611516412545,58.76488966809573
82.24886980635569,25.603741163960013
97.64880021967373,25.481663152795594
8.471619277352932,67.7586892739583
91.58308649257796,25.521063055123435
9.695304304745457,55.65613577546493
43.429244006844336,26.86026275326456
48.8111614060121,26.554890271925203
8.584193138967692,64.69049192903685
8.417028079086107,68.93083311972714
45.74493135714591,26.77244194997705
88.87696252495235,25.53785360497575
52.23526440155501,26.341585114161912
16.682597843694314,34.131837188377595
66.28288523835367,25.924822487295373
16.073135446134593,34.21191206113784
15.071952267551803,36.0314490540124
72.09477653299886,25.741867827805947
8.123388792796248,77.2373306607677
36.39934592444524,27.546651233046383
13.233204154377258,40.88650847773584
7.688837533318376,87.78896696715995
73.96815928195666,25.708345643631763
7.411058971139163,95.08993787555409
40.87515968667406,27.06067972627758
7.924007979500418,81.60256733890179
12.28752066211825,43.88315593484015
7.783663171667742,85.82567973545056
17.230224718440777,31.857830078992524
20.652612263663265,30.080051178800183
85.71325704618816,25.571304716276963
7.482871622897265,93.52669332362203
12.777038577198194,42.219761263739024
29.69712364084545,28.535659200876577
76.38663210317475,25.672594265531746
7.646517223470744,89.53874053442178
21.659631212142738,29.79380408045925
7.874759244151908,83.89802277406163
8.158786542025208,76.15229669540089
47.508428158133796,26.587667608989292
10.633783246094673,50.627939697296824
8.044868094625926,79.08256980244676
9.853617460029112,54.26545314755744
13.677087099068727,39.48157139620852
52.85636180514308,26.318429580479282
94.47418353497045,25.506334637872666
62.33813578197609,25.975102332603196
8.363559184696078,71.1835585251444
33.65205147207863,27.780863280445537
8.678166871490818,62.5867483935307
79.3974573744523,25.632699324496564
35.413301644666795,27.723261430333615
32.49426149517864,27.93421964012041
29.92666397958181,28.23473872895887
26.982449358256922,28.67860998321556
94.47411074968115,25.506493310324288
8.604990301277219,64.14018102369957
79.39753041974504,25.632523779385075
10.858803026399253,49.429683403480794
38.793860304846504,27.250393641288337
11.454967074442756,46.88470785738898
8.803435723133113,60.27556455020724
63.74980289885919,25.939287636799055
11.872411458650753,45.44840891092081
7.727281591007074,86.61681724014463
8.697146923114952,61.89483895599997
100.33149452706745,25.472325974696837
55.289609052005304,26.221216147850633
14.428984750583552,38.04585205160258
14.516594399702955,37.279928830984474
101.87330578499808,25.460249062026293
24.975982149674923,29.04360101750053
75.98561210689257,25.68515230175765
25.162844206711977,29.007663431571462
10.150081246430231,52.89658027716774
58.57548357286864,26.14869873961042
67.75873596973138,25.83566508823336
70.05479348875103,25.79091657092915
11.861485568111481,45.625475319379554
39.92139724337206,27.14411620507741
56.28515536484608,26.170565818679222
7.540294126678251,91.8627881926859
13.572056870463394,39.81753287250842
7.887069673776728,83.30538549452604
7.530892625815123,92.13211306135764
8.744492599981331,60.604510903790306
19.20950946384254,30.684435853181554
26.981018769378753,28.702428086388387
23.27501772286389,29.456489062357537
8.257855435148965,73.2858630895134
11.188175677405988,48.138497919919175
14.87153718121655,36.410145043901586
8.289000414828966,71.9728526679422
7.4223813071180125,94.72016638572089
70.05479364470891,25.79091431395903
8.182502647677712,74.75355309588684
23.275015309011593,29.456499868996687
11.01498464527122,48.760413358092876
103.50135879615523,25.454622004996406
7.39856347543674,97.66128125390318
82.24886980635569,25.603741163960013
94.29992047403623,25.49968373913211
8.044868094625926,79.08256980244676
7.646517223470744,89.53874053442178
58.57548357286864,26.14869873961042
43.429244006844336,26.86026275326456
12.777038577198194,42.219761263739024
8.417028079086107,68.93083311972714
9.695304304745457,55.65613577546493
97.64880021967373,25.481663152795594
45.74493135714591,26.77244194997705
9.541613729175983,58.07009094900104
8.48029715132122,67.42588016485773
8.363559184696078,71.1835585251444
15.071952267551803,36.0314490540124
52.23526440155501,26.341585114161912
38.793860304846504,27.250393641288337
8.584193138967692,64.69049192903685
63.74980289885919,25.939287636799055
36.39934592444524,27.546651233046383
61.499795925889025,26.05772222575802
13.233204154377258,40.88650847773584
7.688837533318376,87.78896696715995
73.96815928195666,25.708345643631763
7.411058971139163,95.08993787555409
8.182502647677712,74.75355309588684
8.257855435148965,73.2858630895134
67.75873596973138,25.83566508823336
49.027655837679575,26.498960664680155
20.652612263663265,30.080051178800183
17.029009689554456,32.197754906334616
7.540294126678251,91.8627881926859
85.67983270556566,25.57266417996754
7.924026077242053,81.60019359530529
14.428984750583552,38.04585205160258
21.659631212142738,29.79380408045925
76.38663210317475,25.672594265531746
16.073135045678306,34.211920542673724
10.454377980758276,51.30257941865744
56.28515536484608,26.170565818679222
85.71325704618816,25.571304716276963
88.87696252495235,25.53785360497575
101.87330578499808,25.460249062026293
40.87515968667406,27.06067972627758
7.887069673776728,83.30538549452604
100.33149452706745,25.472325974696837
8.678166871490818,62.5867483935307
79.3974573744523,25.632699324496564
32.49426149517864,27.93421964012041
29.92666397958181,28.23473872895887
11.188175677405988,48.138497919919175
16.68259826642633,34.13182884843722
29.59457081079405,28.62832159631739
79.39753041974504,25.632523779385075
10.858803026399253,49.429683403480794
9.072611516412545,58.76488966809573
8.803435723133113,60.27556455020724
19.20950946384254,30.684435853181554
13.677087099068727,39.48157139620852
91.5836936016589,25.51987301017959
91.58308649257796,25.521063055123435
88.87754397468288,25.537683710316255
66.28288523835367,25.924822487295373
26.982449358256922,28.67860998321556
98.79846433952063,25.475415251177473
12.300867682883819,43.80843927825214
7.8290724561499925,84.64243384215088
8.604990301277219,64.14018102369957
8.090921121094373,77.50654334692996
11.96402158046114,45.11329263598505
24.975982149674923,29.04360101750053
53.208652290464094,26.301207129300973
25.162844206711977,29.007663431571462
8.158786542025208,76.15229669540089
10.153240241240548,52.8444652951057
62.33813578197609,25.975102332603196
70.05479348875103,25.79091657092915
7.9237460974383875,81.60377140491488
26.981018769378753,28.702428086388387
23.27501772286389,29.456489062357537
8.697146923114952,61.89483895599997
11.861485568111481,45.625475319379554
13.572056870463394,39.81753287250842
10.150081246430231,52.89658027716774
55.26840029532522,26.281620217016744
7.727281591007074,86.61681724014463
7.783663171667742,85.82567973545056
9.853632369091534,54.26445494995747
75.98561210689257,25.68515230175765
11.495183898787348,46.84578336985188
8.471619277352932,67.7586892739583
35.413301644666795,27.723261430333615
23.275015309011593,29.456499868996687
7.530892625815123,92.13211306135764
39.92139724337206,27.14411620507741
11.01498464527122,48.760413358092876
18.120674926325076,31.153523948325976
14.87153718121655,36.410145043901586
103.50135879615523,25.454622004996406
7.39856347543674,97.66128125390318
49.027655837679575,26.498960664680155
45.74493135714591,26.77244194997705
73.96815928195666,25.708345643631763
58.57548357286864,26.14869873961042
14.428984750583552,38.04585205160258
43.42761538665981,26.85906884661489
10.454377980758276,51.30257941865744
12.300867682883819,43.80843927825214
7.646517223470744,89.53874053442178
35.286349592594576,27.65257180047366
8.584193138967692,64.69049192903685
7.530892625815123,92.13211306135764
16.073135045678306,34.211920542673724
15.071952267551803,36.0314490540124
66.28288523835367,25.924822487295373
38.793860304846504,27.250393641288337
7.411740599528583,94.97997394385436
36.39934592444524,27.546651233046383
70.05480804778648,25.79070570449567
8.417028079086107,68.93083311972714
8.090921121094373,77.50654334692996
63.74980289885919,25.939287636799055
7.688837533318376,87.78896696715995
8.182502647677712,74.75355309588684
40.87515968667406,27.06067972627758
9.853632369091534,54.26445494995747
8.158786542025208,76.15229669540089
8.548890800816702,67.38723480998277
8.363559184696078,71.1835585251444
28.442028598772495,28.448305287998945
76.38663210317475,25.672594265531746
8.026023844872954,79.24742757449155
85.67897067703178,25.574558605969948
82.24965677899492,25.601889964364048
7.8290724561499925,84.64243384215088
7.411058971139163,95.08993787555409
52.23526440155501,26.341585114161912
97.64880021967373,25.481663152795594
94.29999712752061,25.499646563805207
9.541613729175983,58.07009094900104
9.694546478927489,55.709175857248596
14.87153718121655,36.410145043901586
55.26840029532522,26.281620217016744
85.71325704618816,25.571304716276963
7.924026077242053,81.60019359530529
88.87696252495235,25.53785360497575
7.615370937225859,91.14783901869397
101.87330578499808,25.460249062026293
32.49502162425892,27.931671903889217
100.33149452706745,25.472325974696837
79.3974573744523,25.632699324496564
61.499795925889025,26.05772222575802
7.887069673776728,83.30538549452604
11.188175677405988,48.138497919919175
30.515695935100442,28.15916688240642
8.678166871490818,62.5867483935307
16.986977586770667,32.755760122429876
10.858785315168907,49.43064195392498
79.3975929925932,25.63079098236641
82.24884551759514,25.604081864245263
16.68259826642633,34.13182884843722
8.348348856122536,71.54731291982418
91.6358282969019,25.5177042594125
7.783663171667742,85.82567973545056
7.727281591007074,86.61681724014463
98.79846433952063,25.475415251177473
94.29992047403623,25.49968373913211
13.677087099068727,39.48157139620852
12.776863057354896,42.22316179458587
90.45779886181785,25.528360188009135
9.072611516412545,58.76488966809573
75.98561210689257,25.68515230175765
25.162844206711977,29.007663431571462
11.861485568111481,45.625475319379554
10.153240241240548,52.8444652951057
11.96402158046114,45.11329263598505
8.283655552855011,73.23957813358453
67.75873596973138,25.83566508823336
8.044868094625926,79.08256980244676
70.05479348875103,25.79091657092915
39.92139724337206,27.14411620507741
56.28515536484608,26.170565818679222
7.893359036533499,82.40948120288971
32.49426149517864,27.93421964012041
8.99929458170929,59.62782796476968
13.233204154377258,40.88650847773584
13.572056870463394,39.81753287250842
26.981018769378753,28.702428086388387
24.974885201575646,29.04479997984253
23.27501772286389,29.456489062357537
12.777038577198194,42.219761263739024
10.150081246430231,52.89658027716774
8.612860725150941,64.0512180340188
17.029009689554456,32.197754906334616
8.257855435148965,73.2858630895134
53.208652290464094,26.301207129300973
21.659912743083538,29.790551899225868
23.275015309011593,29.456499868996687
7.39856347543674,97.66128125390318
103.50135879615523,25.454622004996406
9.694546478927489,55.709175857248596
7.530892625815123,92.13211306135764
21.659912743083538,29.790551899225868
60.74508554677828,26.053068648528928
8.99929458170929,59.62782796476968
30.515695935100442,28.15916688240642
9.541613729175983,58.07009094900104
12.300867682883819,43.80843927825214
19.47876590401667,30.442626435378266
11.861485568111481,45.625475319379554
52.23526440155501,26.341585114161912
7.924026077242053,81.60019359530529
8.691839484101497,62.25613012303289
28.442028598772495,28.448305287998945
66.27333276348224,25.87890427888593
15.071952267551803,36.0314490540124
38.793860304846504,27.250393641288337
7.411740599528583,94.97997394385436
26.981018769378753,28.702428086388387
11.239907452780784,47.9266227303757
8.182502647677712,74.75355309588684
67.75873596973138,25.83566508823336
36.39934592444524,27.546651233046383
9.853632369091534,54.26445494995747
48.924127069326474,26.537372098784754
7.615370937225859,91.14783901869397
85.67897067703178,25.574558605969948
45.74513931622027,26.77186989043201
76.38663210317475,25.672594265531746
8.026023844872954,79.24742757449155
8.363559184696078,71.1835585251444
82.24979128060636,25.59851749186369
16.073135045678306,34.211920542673724
56.28515536484608,26.170565818679222
7.40680751139429,95.20374629907761
49.027655837679575,26.498960664680155
96.68379692216999,25.493322108591155
7.646517223470744,89.53874053442178
13.677087099068727,39.48157139620852
72.22141241456005,25.76163621741748
33.6894339820254,27.76463187909365
40.87515968667406,27.06067972627758
8.57746454682876,65.08043367052666
63.52931691711953,25.94630160280254
14.428984750583552,38.04585205160258
53.208652290464094,26.301207129300973
16.986977586770667,32.755760122429876
8.5664142759043,67.04898151293682
13.233204154377258,40.88650847773584
79.3974573744523,25.632699324496564
8.414560230704016,68.99262675763418
82.22781811979442,25.60814784635501
14.87153718121655,36.410145043901586
79.3975929925932,25.63079098236641
87.92552030160091,25.555760603609
63.74980289885919,25.939287636799055
43.30475868316369,26.868230383301366
8.348348856122536,71.54731291982418
16.103965235921542,33.840076546636865
7.688837533318376,87.78896696715995
90.45779886181785,25.528360188009135
8.090921121094373,77.50654334692996
17.029009689554456,32.197754906334616
10.632678651058376,50.54672265484501
98.79846433952063,25.475415251177473
94.29992047403623,25.49968373913211
91.6358282969019,25.5177042594125
14.562949169967565,37.80170669225093
9.072611516412545,58.76488966809573
12.776863057354896,42.22316179458587
43.42761538665981,26.85906884661489
10.454377980758276,51.30257941865744
18.499134392886443,30.792122967233098
24.974885201575646,29.04479997984253
45.74493135714591,26.77244194997705
10.153240241240548,52.8444652951057
8.283655552855011,73.23957813358453
94.30013200389068,25.499346559578925
7.6529937878471355,88.66946285612187
70.05476727639252,25.79081152574517
58.5724271311575,26.157538520140076
7.893359036533499,82.40948120288971
58.687277666006906,26.113481175280427
17.628904130207335,31.210463620267294
32.49426149517864,27.93421964012041
85.71325704618816,25.571304716276963
7.887069673776728,83.30538549452604
23.27501772286389,29.456489062357537
7.783663171667742,85.82567973545056
12.777038577198194,42.219761263739024
25.162845603237162,29.00766191126524
75.98561210689257,25.68515230175765
70.87871917999526,25.766971043246635
8.471783722353628,67.54671537585827
8.04647192120446,79.07042105172992
97.64880021967373,25.481663152795594
10.057358432515295,53.222942304791
8.257855435148965,73.2858630895134
103.50135879615523,25.454622004996406
7.39856347543674,97.66128125390318
11.239907452780784,47.9266227303757
11.861485568111481,45.625475319379554
8.57746454682876,65.08043367052666
7.783663171667742,85.82567973545056
8.090921121094373,77.50654334692996
13.677087099068727,39.48157139620852
9.67202133792538,55.44083834686858
14.408658781012418,37.546385338866344
10.632678651058376,50.54672265484501
98.79846433952063,25.475415251177473
103.08933616213015,25.465248373095285
40.87515968667406,27.06067972627758
7.887069673776728,83.30538549452604
9.541613729175983,58.07009094900104
13.233204154377258,40.88650847773584
7.924026077242053,81.60019359530529
7.615370937225859,91.14783901869397
23.27501772286389,29.456489062357537
53.20861361103164,26.301188024841682
15.071952267551803,36.0314490540124
73.68645601230186,25.716708672877697
8.691839484101497,62.25613012303289
16.073135045678306,34.211920542673724
7.688837533318376,87.78896696715995
91.6358282969019,25.5177042594125
8.182502647677712,74.75355309588684
32.49426149517864,27.93421964012041
48.924127069326474,26.537372098784754
7.425458368197654,94.61310653028445
7.40680751139429,95.20374629907761
28.442028598772495,28.448305287998945
10.454377980758276,51.30257941865744
85.67897067703178,25.574558605969948
82.24979128060636,25.59851749186369
45.747196695676145,26.76308941480517
8.026023844872954,79.24742757449155
49.153502063092496,26.49430093483454
7.513677946330814,92.35078657688189
8.5664142759043,67.04898151293682
7.645665385543341,88.95795167127758
9.853632369091534,54.26445494995747
52.23526440155501,26.341585114161912
56.19435738373739,26.176382127692374
36.39934592444524,27.546651233046383
63.52931691711953,25.94630160280254
16.986977586770667,32.755760122429876
8.363559184696078,71.1835585251444
33.6894339820254,27.76463187909365
30.515695935100442,28.15916688240642
8.414547314467512,68.99395615038874
10.153240241240548,52.8444652951057
19.998011697397718,30.278803867886268
60.74510213083942,26.052820085636746
12.300867682883819,43.80843927825214
82.22781811979442,25.60814784635501
72.00326029558511,25.745393223296404
79.39759367824355,25.63079076538574
16.103965235921542,33.840076546636865
63.74980289885919,25.939287636799055
36.49973241661279,27.4754457580665
8.283655552855011,73.23957813358453
8.471783722353628,67.54671537585827
18.499134392886443,30.792122967233098
77.02480041983496,25.662034717121124
8.752154776328647,60.472143839573114
8.339301567670802,71.27702337561998
94.29992047403623,25.49968373913211
43.05919362429498,26.91098381168544
14.87153718121655,36.410145043901586
66.2693974969024,25.88764332137985
38.79385996983985,27.250393852817716
12.30189771087186,43.766009012794015
88.18938078220295,25.54377321466181
12.776863057354896,42.22316179458587
87.92552030160091,25.555760603609
24.974885201575646,29.04479997984253
57.05740059570844,26.143653021975403
29.92173950739381,28.236935936666956
43.52424388944275,26.849208260680463
79.07262215838804,25.636110409414684
96.62122213420021,25.493785260344918
8.04647192120446,79.07042105172992
75.98561210689257,25.68515230175765
69.40766507393994,25.797605022346705
38.79391289060462,27.250225866074125
94.30013200389068,25.499346559578925
45.74493135714591,26.77244194997705
21.585563989879628,29.808979053369605
7.893359036533499,82.40948120288971
8.749090246647752,61.928366745911724
90.45779886181785,25.528360188009135
58.687277666006906,26.113481175280427
85.71325704618816,25.571304716276963
25.162845603237162,29.00766191126524
12.777038577198194,42.219761263739024
26.806304234344015,28.735104462551842
10.057358432515295,53.222942304791
21.659912743083538,29.790551899225868
103.50135879615523,25.454622004996406
7.39856347543674,97.66128125390318
8.991829062969408,59.28938223906938
11.861485568111481,45.625475319379554
9.433330915796803,56.378941447817255
8.182502647677712,74.75355309588684
60.74510213083942,26.052820085636746
8.414547314467512,68.99395615038874
66.2693974969024,25.88764332137985
8.283655552855011,73.23957813358453
96.62122213420021,25.493785260344918
7.645665385543341,88.95795167127758
72.00326029558511,25.745393223296404
52.23526440155501,26.341585114161912
23.27501772286389,29.456489062357537
103.0888004627076,25.47226803800297
16.986977586770667,32.755760122429876
98.79847085891232,25.475328351352047
53.20861361103164,26.301188024841682
13.677087099068727,39.48157139620852
73.68645601230186,25.716708672877697
56.19435738373739,26.176382127692374
26.806304234344015,28.735104462551842
7.688837533318376,87.78896696715995
16.009271476464672,34.029674892217805
91.6358282969019,25.5177042594125
58.687277666006906,26.113481175280427
7.783663171667742,85.82567973545056
10.783649587046206,50.03552033054545
8.101638743702827,77.20126717939938
32.49426149517864,27.93421964012041
69.40766507393994,25.797605022346705
15.072405446874047,36.031373704234355
49.153502063092496,26.49430093483454
85.67897067703178,25.574558605969948
82.24979128060636,25.59851749186369
90.45779886181785,25.528360188009135
47.36915571474568,26.729796936989562
7.8870599687506395,83.30669064579706
8.637377480830201,63.238818399709174
75.98561210689257,25.68515230175765
11.353898660324239,47.62058043632998
8.5664142759043,67.04898151293682
14.29124820492229,38.04302379336828
7.404073936010661,95.27698300855462
7.513677946330814,92.35078657688189
68.40858610356254,25.81978260815299
36.39934592444524,27.546651233046383
79.39759367824355,25.63079076538574
63.52931691711953,25.94630160280254
8.363559184696078,71.1835585251444
11.179792835474979,48.13239675470233
7.425557296978609,94.6128647923147
18.499134392886443,30.792122967233098
10.454377980758276,51.30257941865744
33.68943565582688,27.76460400684101
30.515695935100442,28.15916688240642
7.617364955450761,91.08197331662615
12.300867682883819,43.80843927825214
82.22781811979442,25.60814784635501
43.52424388944275,26.849208260680463
63.74980289885919,25.939287636799055
8.57746454682876,65.08043367052666
36.49973241661279,27.4754457580665
8.003150747662476,79.76753882669439
8.471783722353628,67.54671537585827
7.76699105337856,86.06555922531142
94.29992047403623,25.49968373913211
14.87153718121655,36.410145043901586
8.318370961325202,71.43796155661767
38.79385996983985,27.250393852817716
57.05734080540056,26.14335240808617
88.18938078220295,25.54377321466181
8.090921121094373,77.50654334692996
12.776863057354896,42.22316179458587
12.302251372076542,43.765447567558915
24.974885201575646,29.04479997984253
17.461628147839697,31.628561464327852
29.92173950739381,28.236935936666956
8.749090246647752,61.928366745911724
79.07262215838804,25.636110409414684
43.054921081496786,26.923993419573293
8.04647192120446,79.07042105172992
40.87528990665528,27.060274471300854
10.153240241240548,52.8444652951057
8.59723734416297,64.88219780837518
45.74493135714591,26.77244194997705
40.87515968667406,27.06067972627758
38.79391289060462,27.250225866074125
94.30013200389068,25.499346559578925
16.103965235921542,33.840076546636865
7.893359036533499,82.40948120288971
13.562653523758405,40.628985419042515
7.965698321705328,81.26910673295947
25.162845603237162,29.00766191126524
13.233204154377258,40.88650847773584
12.777038577198194,42.219761263739024
86.18069676404825,25.560910797250987
19.99853194826557,30.27041377989142
98.79846433952063,25.475415251177473
103.50135879615523,25.454622004996406
7.39856347543674,97.66128125390318
7.766577690537311,85.71420466839888
8.182502647677712,74.75355309588684
49.153502063092496,26.49430093483454
10.11464612573716,53.09526490979187
14.29124820492229,38.04302379336828
8.985270100822188,59.13409863308008
9.433330915796803,56.378941447817255
103.0888004627076,25.47226803800297
8.283655552855011,73.23957813358453
7.886926326088345,83.3064507479522
29.92173950739381,28.236935936666956
33.68943565582688,27.76460400684101
22.597424381137397,30.19849893966077
88.18938078220295,25.54377321466181
52.23526440155501,26.341585114161912
98.79847085891232,25.475328351352047
53.20861361103164,26.301188024841682
9.427761232216753,56.38684529824067
7.513677946330814,92.35078657688189
7.404073936010661,95.27698300855462
8.637377480830201,63.238818399709174
56.19435738373739,26.176382127692374
11.353898660324239,47.62058043632998
7.425557296978609,94.6128647923147
19.99853194826557,30.27041377989142
8.749090246647752,61.928366745911724
23.27501772286389,29.456489062357537
73.68645601230186,25.716708672877697
26.806304234344015,28.735104462551842
47.36915571474568,26.729796936989562
8.101638743702827,77.20126717939938
82.24979128060636,25.59851749186369
69.40766507393994,25.797605022346705
7.617364955450761,91.08197331662615
7.965698321705328,81.26910673295947
90.45779886181785,25.528360188009135
79.07262215838804,25.636110409414684
85.67897067703178,25.574558605969948
14.87153718121655,36.410145043901586
8.5664142759043,67.04898151293682
8.363559184696078,71.1835585251444
15.632080347232145,34.806320234067954
45.74493135714591,26.77244194997705
11.861485568111481,45.625475319379554
75.98580670410229,25.682388141062297
63.52931691711953,25.94630160280254
8.04647192120446,79.07042105172992
8.003150747662476,79.76753882669439
36.36548811162101,27.561793806908142
8.414547314467512,68.99395615038874
79.39759367824355,25.63079076538574
7.645665385543341,88.95795167127758
43.054921081496786,26.923993419573293
60.81182074330418,26.03292931674449
30.515695935100442,28.15916688240642
8.57746454682876,65.08043367052666
13.233204154377258,40.88650847773584
81.9980262606578,25.607627811142837
72.00326029558511,25.745393223296404
11.870571843143335,45.58019987109024
12.300867682883819,43.80843927825214
7.688837533318376,87.78896696715995
10.80812365482116,49.924345319973085
8.318370961325202,71.43796155661767
36.49973241661279,27.4754457580665
11.133821774519692,48.17739783570673
8.471783722353628,67.54671537585827
38.79385996983985,27.250393852817716
64.14709816906762,25.923633002072293
10.454377980758276,51.30257941865744
86.18069676404825,25.560910797250987
13.677089280059613,39.48154964186276
8.59723734416297,64.88219780837518
17.461628147839697,31.628561464327852
24.974885201575646,29.04479997984253
10.153240241240548,52.8444652951057
40.87528990665528,27.060274471300854
75.9853386948042,25.685778500457413
40.87515968667406,27.06067972627758
38.79391289060462,27.250225866074125
96.62122213420021,25.493785260344918
94.30013200389068,25.499346559578925
44.20658524807911,26.801789768383497
16.962092701281698,32.7590243162791
13.562653523758405,40.628985419042515
16.10723389621188,33.83360315676727
32.444802243416184,27.940167368992615
25.162845603237162,29.00766191126524
12.777038577198194,42.219761263739024
91.6358282969019,25.5177042594125
67.56609417509806,25.836962245004838
12.578407415290917,43.57549846631306
98.79738910210088,25.489804444094425
19.12435644974227,30.561162028882773
15.15545661465389,35.842968046592986
96.6215018536421,25.493237320592453
92.66820526970818,25.512702744653126
66.2693974969024,25.88764332137985
103.50153563049689,25.45424896108808
7.39856347543674,97.66128125390318
60.81182074330418,26.03292931674449
7.513677946330814,92.35078657688189
7.886926326088345,83.3064507479522
10.009790865211153,55.65664038884928
8.414547314467512,68.99395615038874
26.806304234344015,28.735104462551842
10.80812365482116,49.924345319973085
7.601912216485575,90.14830407189739
57.567086634917835,26.1306795417271
7.965698321705328,81.26910673295947
72.00326029558511,25.745393223296404
52.23526440155501,26.341585114161912
101.30950905378211,25.46553834444899
12.777038577198194,42.219761263739024
9.03863010358189,58.70196867140314
73.68645601230186,25.716708672877697
13.677089280059613,39.48154964186276
7.404073936010661,95.27698300855462
85.67897067703178,25.574558605969948
82.24979128060636,25.59851749186369
94.30013200389068,25.499346559578925
43.054921081496786,26.923993419573293
10.11464612573716,53.09526490979187
66.2693974969024,25.88764332137985
8.04647192120446,79.07042105172992
11.133821774519692,48.17739783570673
49.153502063092496,26.49430093483454
90.45779886181785,25.528360188009135
46.06103470135054,26.675323124747766
9.427761232216753,56.38684529824067
33.68943565582688,27.76460400684101
29.545615456216886,28.61412784883119
8.5664142759043,67.04898151293682
16.10723389621188,33.83360315676727
8.103732235702934,77.19200501430122
48.966650942520864,26.509762153903303
7.769733655455925,85.63135882524554
8.182422261165945,74.756304398779
21.397538292550156,29.973311345927627
8.739285280658589,61.468434423095275
7.645665385543341,88.95795167127758
36.36548811162101,27.561793806908142
32.30753413806925,27.9368944416875
53.2086762335493,26.29783429400971
78.9605964935781,25.636159339822086
56.19433556132772,26.176446983149518
8.363559184696078,71.1835585251444
7.425557296978609,94.6128647923147
14.29124820492229,38.04302379336828
75.98580670410229,25.682388141062297
17.461628147839697,31.628561464327852
67.56609417509806,25.836962245004838
69.40766507393994,25.797605022346705
8.57746454682876,65.08043367052666
13.233204154377258,40.88650847773584
44.20658524807911,26.801789768383497
36.49973241661279,27.4754457580665
7.7661691030634845,87.75096657539646
63.52931691711953,25.94630160280254
7.766577690537311,85.71420466839888
64.14709816906762,25.923633002072293
11.763971924503721,45.989407633787636
12.233819182148965,44.04074423816842
30.515695935100442,28.15916688240642
10.454377980758276,51.30257941865744
14.56544557836095,37.84294645179548
8.471783722353628,67.54671537585827
8.318370961325202,71.43796155661767
80.32203972939304,25.62230799179423
14.87153718121655,36.410145043901586
38.79385996983985,27.250393852817716
12.578407415290917,43.57549846631306
11.714852387802894,47.616963643795394
23.27495427472429,29.459862752759978
15.632080347232145,34.806320234067954
8.101638743702827,77.20126717939938
86.18069676404825,25.560910797250987
98.79847085891232,25.475328351352047
8.59723734416297,64.88219780837518
15.15545661465389,35.842968046592986
24.974885201575646,29.04479997984253
11.870571843143335,45.58019987109024
8.667979817028211,63.0360965022695
8.283655552855011,73.23957813358453
16.962092701281698,32.7590243162791
40.87528990665528,27.060274471300854
10.375927170314823,51.67064607104261
75.9853386948042,25.685778500457413
40.15813129162697,27.16350834586468
96.62122213420021,25.493785260344918
19.99853194826557,30.27041377989142
88.18938078220295,25.54377321466181
23.27501772286389,29.456489062357537
25.162845603237162,29.00766191126524
91.6358282969019,25.5177042594125
8.63737345814693,63.238907166693146
103.02904950074117,25.463615129661502
98.79738910210088,25.489804444094425
103.50153563049689,25.45424896108808
7.391506810012724,97.86285002553299
7.513677946330814,92.35078657688189
8.182422261165945,74.756304398779
26.806304234344015,28.735104462551842
57.567086634917835,26.1306795417271
7.601912216485575,90.14830407189739
56.19433556132772,26.176446983149518
69.40766507393994,25.797605022346705
8.283655552855011,73.23957813358453
95.71445733371694,25.490813630641608
29.545615456216886,28.61412784883119
7.7661691030634845,87.75096657539646
88.18938078220295,25.54377321466181
52.23526440155501,26.341585114161912
33.68943565582688,27.76460400684101
101.30950905378211,25.46553834444899
94.30013200389068,25.499346559578925
16.10723389621188,33.83360315676727
11.133821774519692,48.17739783570673
91.6358282969019,25.5177042594125
8.739285280658589,61.468434423095275
7.425557296978609,94.6128647923147
16.962092701281698,32.7590243162791
19.99853194826557,30.27041377989142
43.054921081496786,26.923993419573293
30.515695935100442,28.15916688240642
15.632080347232145,34.806320234067954
11.714852387802894,47.616963643795394
10.100969299410918,53.346080631798976
49.153502063092496,26.49430093483454
90.45779886181785,25.528360188009135
63.52931691711953,25.94630160280254
84.53740683157424,25.576161812665394
7.39856347543674,97.66128125390318
46.06103470135054,26.675323124747766
7.404073936010661,95.27698300855462
8.5664142759043,67.04898151293682
60.81182074330418,26.03292931674449
80.32203972939304,25.62230799179423
8.103732235702934,77.19200501430122
67.56609417509806,25.836962245004838
7.863058464459373,83.48765040359248
10.009790865211153,55.65664038884928
53.2086762335493,26.29783429400971
47.8547988160443,26.57542648231872
8.414547314467512,68.99395615038874
98.79738910210088,25.489804444094425
9.291861767321182,57.16456696260277
78.90738999550148,25.637110128272987
21.397538292550156,29.973311345927627
75.98580670410229,25.682388141062297
8.375297211919507,69.8150652091551
12.578407415290917,43.57549846631306
18.974384774598814,30.955162186430705
36.364201488844316,27.587136760597183
7.970068091774171,81.22549689256275
7.769733655455925,85.63135882524554
8.042107880456664,79.11217039361479
8.57746454682876,65.08043367052666
15.15545661465389,35.842968046592986
11.763971924503721,45.989407633787636
36.49973241661279,27.4754457580665
60.8119061262382,26.03164862977061
7.766577690537311,85.71420466839888
8.318370961325202,71.43796155661767
7.9000163226838795,82.93592941082824
14.56544557836095,37.84294645179548
8.471783722353628,67.54671537585827
10.80812365482116,49.924345319973085
72.00315267579738,25.7456677863115
8.04647192120446,79.07042105172992
38.79385996983985,27.250393852817716
86.18069676404825,25.560910797250987
8.101638743702827,77.20126717939938
98.79847085891232,25.475328351352047
64.14709816906762,25.923633002072293
13.710997813361665,39.38178032880726
8.63737345814693,63.238907166693146
11.870571843143335,45.58019987109024
8.59723734416297,64.88219780837518
24.974885201575646,29.04479997984253
8.667979817028211,63.0360965022695
22.293048925055817,29.739527095905668
12.155730233742846,44.38647051402063
8.892413257053043,60.1194722283009
40.875437870723204,27.057893626273536
14.291149383488666,38.043915065155915
73.68645601230186,25.716708672877697
75.9853386948042,25.685778500457413
7.965698321705328,81.26910673295947
40.15813129162697,27.16350834586468
82.24979172409797,25.598511276098694
32.30753413806925,27.9368944416875
9.039280717503518,58.640938162831624
13.636642900434893,39.89610947178584
10.454377980758276,51.30257941865744
23.27501772286389,29.456489062357537
25.162845603237162,29.00766191126524
13.233204154377258,40.88650847773584
