mass_kg,stress_mpa
15.309632530635177,51.59584045410156
21.698906010794374,37.45314407348633
19.653008465987057,46.2872314453125
18.111846207176963,49.18101119995117
11.910779958328286,56.624786376953125
15.05846820344627,55.99179458618164
15.784294861718925,50.67319869995117
20.089137327916063,43.20781707763672
14.46232718272447,56.09205627441406
10.884771028575766,72.25468444824219
21.145108797201832,42.94039535522461
47.205712746080515,29.819580078125
11.410619698359477,64.35816955566406
25.316868148150242,30.460132598876953
22.528837618381555,38.335628509521484
13.332691624006413,58.11143112182617
18.319680387646734,51.875030517578125
16.138239846269464,54.66756057739258
20.30500592925054,51.02598571777344
21.370223895736004,50.18246841430664
13.165035379453167,73.56427001953125
43.65248466112366,31.209138870239258
29.5605941077321,32.153202056884766
32.193165326220324,31.52534294128418
26.081712117307443,39.125858306884766
25.071721735382976,42.451629638671875
13.3630141864429,58.76362991333008
22.69042994931538,57.00161361694336
31.624866668671537,38.12293243408203
32.21957980381403,35.617393493652344
77.69766516561897,31.67641830444336
33.80246973248643,32.76167297363281
59.6575564177893,32.72997283935547
27.725319281032217,40.73191452026367
26.162269685784423,50.237735748291016
26.130300828363538,56.34229278564453
14.117868429175415,71.94671630859375
23.585484738600858,60.7420539855957
33.662479685270476,37.44475173950195
40.44608661049034,34.296714782714844
40.770223664240184,33.27927780151367
32.78347739204952,46.5554084777832
27.663686188469534,54.85679626464844
22.493463228433125,76.0477294921875
16.24115315304684,80.13865661621094
26.153337136277784,61.577491760253906
38.95701879123766,38.11714172363281
33.78220549546652,38.497379302978516
50.17153261416672,34.18521499633789
49.115662295145796,34.790771484375
29.996497577441154,56.62574768066406
31.425783487687923,56.2725715637207
23.149173312464466,84.85624694824219
34.80411592039085,51.233585357666016
40.30413351595637,40.535579681396484
37.022598927887366,46.41012191772461
46.12736791264817,38.58747100830078
82.8202531502719,34.87323760986328
49.54929814515213,35.66380310058594
36.486471230926725,55.40715026855469
36.423139825399566,62.21171951293945
36.16165283173999,64.9314956665039
45.15656774269984,45.85492706298828
39.91584786160837,49.95026397705078
39.94266992686361,46.79335403442383
46.19122263041894,39.403717041015625
89.24083285887211,36.32696533203125
63.089727798598595,37.131961822509766
67.03887983857169,36.954132080078125
39.192663657399386,55.43922424316406
38.04070435186347,56.825050354003906
42.36139516701006,52.76040267944336
43.84524963330168,50.94784927368164
57.19408442885138,41.03586959838867
48.27884035290606,41.735477447509766
66.41176584308218,37.64600372314453
77.42428768376121,37.25564193725586
38.93139574339265,57.377906799316406
46.97340520362747,53.289859771728516
60.20829090071328,42.392337799072266
51.99188816273099,44.48539733886719
51.93447326170774,48.75625228881836
66.68299065613235,37.999332427978516
69.40002008531,37.78064727783203
39.427773942894035,59.42759704589844
42.26877951373354,57.55561828613281
50.054285243123665,55.434391021728516
50.649893448206946,53.53629684448242
61.580183738094405,44.09386444091797
73.37377266304773,38.159576416015625
74.80326970811662,38.038429260253906
48.57996203682044,59.10951232910156
43.20089229019147,67.57317352294922
61.6114565737321,45.454959869384766
75.54136462396592,38.42616271972656
52.14677199158701,63.039371490478516
51.91740465385092,67.6291732788086
61.62487209353689,51.535057067871094
76.38497135574269,39.6458740234375
53.831077305583094,63.88513946533203
15.309632530635177,51.59584045410156
21.698906010794374,37.45314407348633
18.111846207176963,49.18101119995117
11.910779958328286,56.624786376953125
15.784294861718925,50.67319869995117
20.089137327916063,43.20781707763672
10.884771028575766,72.25468444824219
11.410619698359477,64.35816955566406
25.316868148150242,30.460132598876953
19.078932257537048,46.26388168334961
13.892825574653763,51.92097473144531
96.6333183806214,28.608896255493164
10.879099453933494,73.3955078125
20.34376937760046,40.9439582824707
25.43031257131031,30.32067108154297
40.38177504522698,29.287988662719727
22.528837618381555,38.335628509521484
22.63075700540696,37.53091049194336
13.332691624006413,58.11143112182617
17.847058187504203,51.101009368896484
11.237519033833038,72.42244720458984
12.573952866087843,70.21074676513672
19.653008465987057,46.2872314453125
19.603272537764607,46.40925979614258
15.05846820344627,55.99179458618164
14.46232718272447,56.09205627441406
15.45071170976894,54.56971740722656
16.64267277902591,54.244415283203125
11.197711341341904,75.00831604003906
21.145108797201832,42.94039535522461
29.5605941077321,32.153202056884766
32.193165326220324,31.52534294128418
29.56645861859787,32.152130126953125
32.18693911322614,31.526269912719727
56.28046649772783,29.310447692871094
43.938067570085245,29.58517837524414
40.862620779854964,30.165756225585938
89.27631287765503,29.29585838317871
24.67777054626275,37.81634521484375
13.333381587077989,58.12956237792969
18.319680387646734,51.875030517578125
19.097800634037544,51.82265090942383
11.618973679733367,74.80125427246094
13.165035379453167,73.56427001953125
13.165851274387018,73.56295013427734
20.30500592925054,51.02598571777344
16.138239846269464,54.66756057739258
21.370223895736004,50.18246841430664
24.01324235039178,46.6265983581543
31.37941123841481,34.368934631347656
31.30556919514747,35.5628662109375
33.80246973248643,32.76167297363281
77.75821559416772,29.372663497924805
47.205712746080515,29.819580078125
53.16554006439676,29.7031192779541
41.86043301594259,30.422208786010742
25.323342697701555,38.12196731567383
27.09457148872956,38.000972747802734
24.86763620872141,40.869754791259766
13.362392743704403,58.74208068847656
13.405110161322197,58.57915496826172
17.42851925956526,55.66938781738281
17.991597905870794,55.64022445678711
32.21957980381403,35.617393493652344
40.44608661049034,34.296714782714844
40.770223664240184,33.27927780151367
43.65248466112366,31.209138870239258
77.22281918830474,30.87441062927246
26.081712117307443,39.125858306884766
31.624866668671537,38.12293243408203
29.02498766452108,38.242462158203125
25.071721735382976,42.451629638671875
13.3630141864429,58.76362991333008
18.269174653257817,58.31391143798828
20.26028190963334,56.943260192871094
33.662479685270476,37.44475173950195
40.80576669135102,35.14394760131836
41.24735187213005,34.249332427978516
44.917882102325,31.219011306762695
27.725319281032217,40.73191452026367
28.67375530407215,39.67671203613281
27.61729346058836,41.39042663574219
33.31554295168428,39.066871643066406
26.162269685784423,50.237735748291016
26.130300828363538,56.34229278564453
14.117868429175415,71.94671630859375
14.047500784574094,72.95761108398438
18.034927468934832,59.60783386230469
22.69042994931538,57.00161361694336
38.95701879123766,38.11714172363281
33.78220549546652,38.497379302978516
43.05773968581825,34.28920364379883
42.02967387558149,34.856014251708984
45.58919766868993,31.28291893005371
15.953636666177877,81.48779296875
77.69766516561897,31.67641830444336
19.84575541888253,66.52864074707031
59.990242641992744,31.813980102539062
16.24115315304684,80.13865661621094
28.64528547687911,53.04037094116211
21.698906010794374,37.45314407348633
20.089137327916063,43.20781707763672
10.884771028575766,72.25468444824219
11.410619698359477,64.35816955566406
25.316868148150242,30.460132598876953
10.879099453933494,73.3955078125
20.34376937760046,40.9439582824707
25.43031257131031,30.32067108154297
40.38177504522698,29.287988662719727
13.233961009202691,53.612117767333984
12.014739464254928,55.118995666503906
22.11587115851251,33.768836975097656
13.792423620285625,50.78510284423828
11.882394038505478,56.49436950683594
20.085040382619095,43.236083984375
30.895424461228526,30.20548439025879
25.468967317225083,30.269521713256836
40.76926106917859,28.40474510192871
11.414819196186544,64.33497619628906
14.331017892593902,47.432884216308594
9.748149685582279,73.611328125
16.229805816708765,44.19342041015625
15.454238099124773,45.419254302978516
11.237519033833038,72.42244720458984
11.412525122459025,70.99781036376953
21.145108797201832,42.94039535522461
13.361761170486439,54.060638427734375
22.528837618381555,38.335628509521484
22.63075700540696,37.53091049194336
23.708547982601882,36.91427230834961
24.404855372587917,35.641517639160156
22.6070778463721,38.19487380981445
13.892825574653763,51.92097473144531
11.910779958328286,56.624786376953125
29.5605941077321,32.153202056884766
32.193165326220324,31.52534294128418
29.56645861859787,32.152130126953125
32.18693911322614,31.526269912719727
32.405232249215416,31.42023468017578
25.487436922018695,32.21959686279297
96.6333183806214,28.608896255493164
43.938067570085245,29.58517837524414
40.862620779854964,30.165756225585938
94.21717151534374,28.7011775970459
52.64371194583821,29.094335556030273
11.65983421334544,67.31771850585938
15.309632530635177,51.59584045410156
10.292263088996286,74.754638671875
15.784294861718925,50.67319869995117
19.078932257537048,46.26388168334961
16.2676195209777,49.17348861694336
16.94528239262811,47.18072509765625
20.377861486190046,45.56083297729492
13.511196903753492,55.75920104980469
24.62705978421853,36.74308395385742
22.76082986370461,44.897857666015625
13.332691624006413,58.11143112182617
12.34870324065242,59.24874496459961
32.06603574343582,32.501739501953125
26.490578606463124,34.32875442504883
28.969406773909864,32.82036209106445
47.205712746080515,29.819580078125
41.86043301594259,30.422208786010742
53.16554006439676,29.7031192779541
89.27202397723578,29.216480255126953
56.25372605810615,29.227323532104492
12.220945987185607,73.3660659790039
15.45071170976894,54.56971740722656
15.646436284859092,53.22252655029297
11.197711341341904,75.00831604003906
11.618973679733367,74.80125427246094
19.653008465987057,46.2872314453125
19.603272537764607,46.40925979614258
16.989882325019977,47.876434326171875
15.05846820344627,55.99179458618164
14.46232718272447,56.09205627441406
24.67777054626275,37.81634521484375
26.485067075066322,37.49525451660156
24.81325882642284,37.76064682006836
24.667289779703477,42.7337760925293
13.333381587077989,58.12956237792969
12.573952866087843,70.21074676513672
12.610398063497835,69.82820129394531
33.80246973248643,32.76167297363281
28.88367259039499,35.098907470703125
30.817279107226696,33.54556655883789
29.5465887047453,33.94881057739258
42.72517699554293,30.424243927001953
56.28046649772783,29.310447692871094
89.27631287765503,29.29585838317871
89.26943038928206,29.29825782775879
16.64267277902591,54.244415283203125
16.138239846269464,54.66756057739258
16.647631564429417,54.19770812988281
24.01324235039178,46.6265983581543
18.111846207176963,49.18101119995117
17.78389516218076,49.83083724975586
23.073600087806163,49.00505065917969
13.165035379453167,73.56427001953125
77.76417196941824,29.37027931213379
11.410619698359477,64.35816955566406
25.316868148150242,30.460132598876953
25.43031257131031,30.32067108154297
13.792423620285625,50.78510284423828
30.895424461228526,30.20548439025879
25.468967317225083,30.269521713256836
40.76926106917859,28.40474510192871
11.414819196186544,64.33497619628906
14.331017892593902,47.432884216308594
9.748149685582279,73.611328125
10.803642564016549,71.60041809082031
96.33728245525249,27.375791549682617
14.318214060858441,47.47467803955078
11.816643040516517,53.48761749267578
18.700454018479437,36.43752670288086
98.50514133095486,27.141658782958984
13.824726354938514,50.419044494628906
25.304951708175714,30.519712448120117
9.698763144641054,84.30433654785156
12.028342285639155,51.73823547363281
19.789047714646124,34.92567443847656
20.58240078784155,33.18598556518555
19.230743858160757,35.08314895629883
21.27893516064063,32.00254821777344
39.79619395561615,29.056262969970703
14.907580580728297,42.0369873046875
11.6813222378915,63.18730926513672
56.492263747106676,28.25420570373535
40.76905586042542,28.408761978149414
15.687546894486951,41.368770599365234
17.346953891191088,39.2000617980957
11.412525122459025,70.99781036376953
11.65983421334544,67.31771850585938
10.285331067238344,73.76896667480469
10.884771028575766,72.25468444824219
10.879099453933494,73.3955078125
12.014739464254928,55.118995666503906
11.882394038505478,56.49436950683594
18.748175543916933,37.78742980957031
25.309562765348215,30.63488006591797
13.233961009202691,53.612117767333984
13.892825574653763,51.92097473144531
22.11587115851251,33.768836975097656
21.59292134883936,34.9938850402832
23.362118370035823,33.30972671508789
40.38177504522698,29.287988662719727
15.052161071543436,48.09659194946289
15.315549923848765,45.83377456665039
15.421355450782805,43.757049560546875
53.621976849681104,28.518333435058594
49.08008696748308,28.726669311523438
17.449357338976025,40.98857879638672
17.460111039435937,40.705421447753906
10.292263088996286,74.754638671875
11.237519033833038,72.42244720458984
12.135631313626872,55.34817123413086
11.910779958328286,56.624786376953125
20.484121781482507,39.861572265625
20.511654565346998,38.105552673339844
32.193165326220324,31.52534294128418
32.18693911322614,31.526269912719727
32.405232249215416,31.42023468017578
25.487436922018695,32.21959686279297
38.971670440054936,30.689687728881836
28.57241247924498,32.03784942626953
13.361761170486439,54.060638427734375
22.98358001410243,33.98649597167969
21.698906010794374,37.45314407348633
25.20941704963163,33.74919128417969
43.938067570085245,29.58517837524414
40.862620779854964,30.165756225585938
48.60516061983036,29.388694763183594
15.309632530635177,51.59584045410156
16.229805816708765,44.19342041015625
15.454238099124773,45.419254302978516
96.6333183806214,28.608896255493164
94.21717151534374,28.7011775970459
96.6450708488111,28.575082778930664
52.64371194583821,29.094335556030273
57.31631451249737,28.88874626159668
20.089137327916063,43.20781707763672
20.34376937760046,40.9439582824707
20.085040382619095,43.236083984375
18.449862015101015,43.93982696533203
93.59369828305498,29.048477172851562
11.139246707848882,75.162353515625
56.25372605810615,29.227323532104492
89.27202397723578,29.216480255126953
11.960732547514977,65.57049560546875
11.316717569916833,74.28099060058594
12.34870324065242,59.24874496459961
32.80281356852642,31.760602951049805
41.86043301594259,30.422208786010742
47.205712746080515,29.819580078125
20.603224623451162,40.02229309082031
20.378002213425304,45.56074905395508
53.16554006439676,29.7031192779541
26.490578606463124,34.32875442504883
24.404855372587917,35.641517639160156
12.974527331128913,56.28643798828125
25.316868148150242,30.460132598876953
40.76926106917859,28.40474510192871
14.331017892593902,47.432884216308594
14.318214060858441,47.47467803955078
98.50514133095486,27.141658782958984
25.304951708175714,30.519712448120117
20.58240078784155,33.18598556518555
39.79619395561615,29.056262969970703
14.907580580728297,42.0369873046875
40.76905586042542,28.408761978149414
25.328083837108377,30.242992401123047
9.643819933135356,71.7413558959961
11.316849843243718,55.48310089111328
59.19356363728462,27.296171188354492
13.580858013131005,48.636592864990234
19.237223827437184,34.170440673828125
15.176136114992005,39.67375564575195
56.51232350637721,28.182435989379883
17.41496884077172,36.03330993652344
10.511476658784634,65.14804077148438
54.32201819771497,28.19990348815918
18.028566603302522,34.69685363769531
16.267379352634503,38.79605484008789
20.68213753471127,31.247623443603516
39.83190098635596,28.9106502532959
11.35193072666622,50.7481803894043
13.969723750013982,47.88105010986328
30.83560873539631,29.726804733276367
24.973830528389698,30.941484451293945
12.975770603228705,48.776824951171875
25.309562765348215,30.63488006591797
25.30829765914352,30.64120101928711
53.621976849681104,28.518333435058594
49.08008696748308,28.726669311523438
25.43031257131031,30.32067108154297
25.468967317225083,30.269521713256836
9.748149685582279,73.611328125
9.698763144641054,84.30433654785156
10.10766339284674,72.97911834716797
9.748748709756164,73.5372543334961
96.33728245525249,27.375791549682617
92.05017319439717,27.590425491333008
15.687546894486951,41.368770599365234
15.315549923848765,45.83377456665039
15.421355450782805,43.757049560546875
15.281257549772393,47.21491622924805
17.859137150371406,37.38166427612305
10.803642564016549,71.60041809082031
56.492263747106676,28.25420570373535
18.700454018479437,36.43752670288086
19.789047714646124,34.92567443847656
19.230743858160757,35.08314895629883
18.76102172648279,36.144412994384766
20.590693754228575,34.706722259521484
17.346953891191088,39.2000617980957
21.27893516064063,32.00254821777344
20.922412980345168,32.187259674072266
40.38177504522698,29.287988662719727
40.267344732058156,29.37633514404297
11.410619698359477,64.35816955566406
11.414819196186544,64.33497619628906
11.816643040516517,53.48761749267578
12.028342285639155,51.73823547363281
11.508953666826716,58.25346374511719
11.407125731812329,64.36112976074219
12.608773487078208,50.92485046386719
12.287080518986377,51.47653579711914
11.87524046592617,53.45451354980469
11.803024082687857,56.5199089050293
15.052161071543436,48.09659194946289
15.010430396715243,48.42246627807617
30.895424461228526,30.20548439025879
39.38302081370825,30.187789916992188
13.744408341709928,49.50625991821289
96.6450708488111,28.575082778930664
9.749672442956426,74.14366912841797
94.21717151534374,28.7011775970459
57.31631451249737,28.88874626159668
11.536814752363624,60.760658264160156
11.412525122459025,70.99781036376953
15.454238099124773,45.419254302978516
11.882394038505478,56.49436950683594
38.971670440054936,30.689687728881836
15.22059881010334,49.76082992553711
21.59292134883936,34.9938850402832
16.229805816708765,44.19342041015625
52.64371194583821,29.094335556030273
21.829859076042915,32.71492004394531
18.715446421871853,37.750244140625
32.405232249215416,31.42023468017578
19.336703849442493,37.029762268066406
25.487436922018695,32.21959686279297
28.57241247924498,32.03784942626953
17.449357338976025,40.98857879638672
43.938067570085245,29.58517837524414
13.233961009202691,53.612117767333984
17.460111039435937,40.705421447753906
13.792423620285625,50.78510284423828
10.860551287699092,72.19316101074219
12.014739464254928,55.118995666503906
25.316868148150242,30.460132598876953
40.76926106917859,28.40474510192871
25.304951708175714,30.519712448120117
14.907580580728297,42.0369873046875
40.76905586042542,28.408761978149414
25.328083837108377,30.242992401123047
9.643819933135356,71.7413558959961
59.19356363728462,27.296171188354492
15.176136114992005,39.67375564575195
16.267379352634503,38.79605484008789
20.68213753471127,31.247623443603516
11.35193072666622,50.7481803894043
30.83560873539631,29.726804733276367
24.973830528389698,30.941484451293945
12.975770603228705,48.776824951171875
16.1196939313967,38.8214111328125
20.80786683023583,31.050201416015625
18.681914409630515,32.4583740234375
17.218709255442107,33.36066818237305
30.043817750015435,29.853158950805664
26.059550001822707,30.197397232055664
19.51452366255703,31.58197784423828
16.738093041613265,36.9255485534668
11.32015357908383,55.02729034423828
25.163941121628728,30.656768798828125
59.92110779354869,26.501726150512695
44.952466540764824,27.710634231567383
14.858518899582036,42.175315856933594
13.237349717376837,45.13727569580078
10.422432203436466,59.703163146972656
39.710583877352356,28.905794143676758
58.26377504542353,27.32586669921875
21.33466590561612,30.989091873168945
40.15056414598714,28.462862014770508
12.93407591709844,49.216922760009766
9.683087183087,71.09941864013672
10.669184336068925,55.341304779052734
25.309562765348215,30.63488006591797
25.30829765914352,30.64120101928711
25.43031257131031,30.32067108154297
25.468967317225083,30.269521713256836
15.687546894486951,41.368770599365234
15.680439176293193,41.42261505126953
16.73282913734626,38.81281661987305
12.028342285639155,51.73823547363281
12.608773487078208,50.92485046386719
12.287080518986377,51.47653579711914
11.544325678516772,53.47827911376953
11.81537422816567,53.30497741699219
16.507130116095716,38.89506530761719
16.272462462560657,40.058284759521484
19.237223827437184,34.170440673828125
18.028566603302522,34.69685363769531
18.07993710905026,34.688907623291016
17.223364574849466,34.77754592895508
30.871624665101876,30.07289695739746
20.58240078784155,33.18598556518555
21.27893516064063,32.00254821777344
20.922412980345168,32.187259674072266
17.000048549104978,37.3831901550293
91.52026992705463,27.100723266601562
56.51232350637721,28.182435989379883
54.32201819771497,28.19990348815918
53.5099375010172,28.237213134765625
15.421355450782805,43.757049560546875
15.42152277420536,43.75016784667969
15.46917863812242,43.34927749633789
14.331017892593902,47.432884216308594
14.318214060858441,47.47467803955078
13.580858013131005,48.636592864990234
13.969723750013982,47.88105010986328
15.315549923848765,45.83377456665039
15.281257549772393,47.21491622924805
13.963245607508172,47.90250778198242
14.959855078796087,47.373130798339844
10.511476658784634,65.14804077148438
10.507496800645029,65.22055053710938
39.79619395561615,29.056262969970703
39.83190098635596,28.9106502532959
49.08008696748308,28.726669311523438
49.76247215690306,28.67763900756836
9.748149685582279,73.611328125
9.698763144641054,84.30433654785156
10.10766339284674,72.97911834716797
9.748748709756164,73.5372543334961
9.738550699482815,74.09970092773438
11.316849843243718,55.48310089111328
11.182086105748299,58.794681549072266
98.50514133095486,27.141658782958984
9.749672442956426,74.14366912841797
56.492263747106676,28.25420570373535
92.04999067052115,27.595359802246094
11.508953666826716,58.25346374511719
10.753582296863392,71.01492309570312
11.407125731812329,64.36112976074219
40.38177504522698,29.287988662719727
52.64371194583821,29.094335556030273
11.414819196186544,64.33497619628906
39.38302081370825,30.187789916992188
16.738532692685816,40.39595413208008
25.316868148150242,30.460132598876953
40.76926106917859,28.40474510192871
25.304951708175714,30.519712448120117
14.907580580728297,42.0369873046875
40.76905586042542,28.408761978149414
25.328083837108377,30.242992401123047
9.643819933135356,71.7413558959961
59.19356363728462,27.296171188354492
15.176136114992005,39.67375564575195
16.267379352634503,38.79605484008789
20.68213753471127,31.247623443603516
11.35193072666622,50.7481803894043
24.973830528389698,30.941484451293945
16.1196939313967,38.8214111328125
20.80786683023583,31.050201416015625
30.043817750015435,29.853158950805664
59.92110779354869,26.501726150512695
44.952466540764824,27.710634231567383
14.858518899582036,42.175315856933594
10.422432203436466,59.703163146972656
39.710583877352356,28.905794143676758
58.26377504542353,27.32586669921875
21.33466590561612,30.989091873168945
40.15056414598714,28.462862014770508
9.683087183087,71.09941864013672
10.669184336068925,55.341304779052734
30.138144683744578,29.211881637573242
25.028873950429205,30.662382125854492
59.19247387171486,27.299856185913086
58.26398492465509,27.322219848632812
92.58325149816524,26.063718795776367
9.768764627520566,69.53643798828125
16.269211518169765,38.44412612915039
25.79295842450854,30.062423706054688
11.390841067873259,49.64451599121094
9.681956547574094,71.21035766601562
16.582716598230515,35.941688537597656
11.219405337660904,52.3113899230957
44.88828942432788,27.94948959350586
9.443157565895516,80.14300537109375
17.808675057824047,31.51685905456543
11.436807603450246,49.40996551513672
10.724445233441724,54.1093635559082
12.708487356300187,44.55933380126953
12.847176399094577,43.84724807739258
25.32688737135516,30.26633071899414
14.442053454713518,43.386871337890625
10.35635709592253,60.81514358520508
15.176030850020405,39.68000793457031
20.49886720665443,31.278947830200195
17.01496541536729,32.655067443847656
25.064465207414756,30.650484085083008
92.09305016229575,26.64558219909668
9.698763144641054,84.30433654785156
44.92941196364342,28.000986099243164
91.42940959999575,27.130165100097656
30.83560873539631,29.726804733276367
9.738550699482815,74.09970092773438
9.735987612992394,84.19602966308594
9.854625235978464,70.91323852539062
39.79619395561615,29.056262969970703
15.37944880213364,40.650001525878906
10.881542492957882,59.72985076904297
10.507496800645029,65.22055053710938
11.217130573150742,57.01195526123047
13.238179364814494,45.1284065246582
17.218709255442107,33.36066818237305
16.738093041613265,36.9255485534668
10.511563145841434,65.11543273925781
11.243388131704508,52.82301330566406
19.51452366255703,31.58197784423828
25.003087947248854,31.032331466674805
39.83190098635596,28.9106502532959
26.059550001822707,30.197397232055664
12.946985712207985,47.833343505859375
12.93407591709844,49.216922760009766
11.182086105748299,58.794681549072266
13.027749542504635,45.24445724487305
18.574738717862793,32.39683151245117
12.608773487078208,50.92485046386719
9.766122683581138,72.61213684082031
16.73282913734626,38.81281661987305
11.532719626273215,51.894168853759766
16.507130116095716,38.89506530761719
16.272462462560657,40.058284759521484
19.488289980424454,32.052955627441406
12.287080518986377,51.47653579711914
16.264957144300023,40.27119064331055
9.748748709756164,73.5372543334961
91.52026992705463,27.100723266601562
12.028342285639155,51.73823547363281
25.163941121628728,30.656768798828125
9.748149685582279,73.611328125
25.478177216726948,30.25803565979004
25.43031257131031,30.32067108154297
25.309562765348215,30.63488006591797
13.237349717376837,45.13727569580078
16.732324838739018,38.829471588134766
25.30829765914352,30.64120101928711
25.468967317225083,30.269521713256836
25.316868148150242,30.460132598876953
40.76926106917859,28.40474510192871
25.304951708175714,30.519712448120117
40.76905586042542,28.408761978149414
25.328083837108377,30.242992401123047
20.68213753471127,31.247623443603516
20.80786683023583,31.050201416015625
59.92110779354869,26.501726150512695
58.26377504542353,27.32586669921875
10.669184336068925,55.341304779052734
30.138144683744578,29.211881637573242
58.26398492465509,27.322219848632812
92.58325149816524,26.063718795776367
9.768764627520566,69.53643798828125
25.79295842450854,30.062423706054688
9.443157565895516,80.14300537109375
17.808675057824047,31.51685905456543
12.708487356300187,44.55933380126953
12.847176399094577,43.84724807739258
25.32688737135516,30.26633071899414
14.442053454713518,43.386871337890625
10.35635709592253,60.81514358520508
20.49886720665443,31.278947830200195
17.01496541536729,32.655067443847656
17.04038650890507,32.630897521972656
58.23387639312966,27.388330459594727
11.00933673743418,51.590274810791016
9.506579670257578,69.93603515625
59.37772294647809,26.522478103637695
11.110187586282905,50.206851959228516
39.38787616185576,28.890945434570312
25.803967770707843,30.008441925048828
15.140008689223695,36.70534133911133
29.768670330068062,29.616426467895508
14.505805052315326,41.16522979736328
39.72211047500509,28.40963363647461
11.707901493906034,48.65249252319336
11.29727013825377,49.20946502685547
44.3773917485186,27.69621467590332
11.445270289678472,48.944862365722656
10.713444046369403,54.06947326660156
10.388806238438452,59.554298400878906
16.316803341402768,35.173789978027344
21.067554241381195,30.629905700683594
58.28043502312626,27.032146453857422
16.999606449427805,33.194236755371094
92.58533868822792,26.057729721069336
100.57759990522366,25.91505241394043
10.572880965901003,55.87185287475586
9.643819933135356,71.7413558959961
92.09305016229575,26.64558219909668
91.42940959999575,27.130165100097656
59.19356363728462,27.296171188354492
10.422432203436466,59.703163146972656
9.783729390649777,70.30810546875
44.952466540764824,27.710634231567383
59.19247387171486,27.299856185913086
10.724445233441724,54.1093635559082
38.26828131055338,29.32558250427246
30.228960137617335,29.418052673339844
40.15056414598714,28.462862014770508
12.137844569563226,49.01538848876953
12.727973072998305,46.586181640625
11.219405337660904,52.3113899230957
16.682862137672938,35.69695281982422
44.88828942432788,27.94948959350586
17.15379721288291,33.06986999511719
26.059550001822707,30.197397232055664
14.268595758858732,43.9122428894043
11.35193072666622,50.7481803894043
16.571475503538593,37.281124114990234
14.907580580728297,42.0369873046875
18.407040029022166,31.710468292236328
30.043817750015435,29.853158950805664
15.176030850020405,39.68000793457031
21.93005975650561,30.771223068237305
19.51452366255703,31.58197784423828
11.097639289841279,53.86191177368164
14.784162669556098,43.12377166748047
17.171118083311455,32.87596130371094
39.710583877352356,28.905794143676758
25.028873950429205,30.662382125854492
15.832309108211543,38.56403350830078
13.238179364814494,45.1284065246582
16.269211518169765,38.44412612915039
16.582716598230515,35.941688537597656
21.271035666812843,31.148101806640625
12.947455758292534,46.075035095214844
15.176136114992005,39.67375564575195
11.390841067873259,49.64451599121094
14.858518899582036,42.175315856933594
13.027749542504635,45.24445724487305
9.683087183087,71.09941864013672
91.52026992705463,27.100723266601562
11.436807603450246,49.40996551513672
92.09224523374166,26.64785385131836
21.33466590561612,30.989091873168945
9.681956547574094,71.21035766601562
9.643941700870958,71.72940826416016
30.107398870889924,29.842517852783203
25.316868148150242,30.460132598876953
40.76926106917859,28.40474510192871
25.304951708175714,30.519712448120117
40.76905586042542,28.408761978149414
25.328083837108377,30.242992401123047
20.68213753471127,31.247623443603516
20.80786683023583,31.050201416015625
59.92110779354869,26.501726150512695
58.26377504542353,27.32586669921875
30.138144683744578,29.211881637573242
58.26398492465509,27.322219848632812
92.58325149816524,26.063718795776367
25.79295842450854,30.062423706054688
9.443157565895516,80.14300537109375
17.808675057824047,31.51685905456543
12.847176399094577,43.84724807739258
25.32688737135516,30.26633071899414
20.49886720665443,31.278947830200195
17.01496541536729,32.655067443847656
17.04038650890507,32.630897521972656
58.23387639312966,27.388330459594727
9.506579670257578,69.93603515625
59.37772294647809,26.522478103637695
11.110187586282905,50.206851959228516
39.38787616185576,28.890945434570312
25.803967770707843,30.008441925048828
15.140008689223695,36.70534133911133
39.72211047500509,28.40963363647461
11.707901493906034,48.65249252319336
11.29727013825377,49.20946502685547
44.3773917485186,27.69621467590332
11.445270289678472,48.944862365722656
10.713444046369403,54.06947326660156
10.388806238438452,59.554298400878906
16.316803341402768,35.173789978027344
21.067554241381195,30.629905700683594
58.28043502312626,27.032146453857422
16.999606449427805,33.194236755371094
92.58533868822792,26.057729721069336
100.57759990522366,25.91505241394043
14.779668757565755,38.65679168701172
44.374987814894425,27.79728126525879
10.709308667825402,55.13309097290039
12.686799055014344,44.4420166015625
21.068284655322163,30.617826461791992
11.580688427357023,48.76744842529297
16.315093235887282,35.185874938964844
29.671095221772436,29.28450584411621
10.032112512094109,60.49939727783203
57.019729074662465,27.392969131469727
59.36992452456444,26.533397674560547
39.38834098847636,28.87234115600586
16.942267874824076,33.23465347290039
9.762420024663047,63.13105773925781
16.291954849470407,35.75178146362305
25.825942980405,29.613933563232422
40.771625634505675,28.30586814880371
15.089782354449861,36.87629318237305
10.910577154461846,50.76625061035156
9.51816039909016,69.72077941894531
10.740244068701669,53.937129974365234
10.540349218054345,55.32020950317383
100.59517564137671,25.90993881225586
17.532516470618,31.62289047241211
44.44727283928001,27.45134735107422
17.042977268723803,32.6181526184082
14.336053693703873,40.72032165527344
30.14531081587538,29.05204200744629
16.782362401079464,33.667510986328125
90.05135329949172,26.223081588745117
38.19054666254993,29.024520874023438
18.163695886686522,31.46233558654785
9.522710271391222,78.30538940429688
92.58380932585828,26.07252311706543
59.913871335045634,26.655174255371094
92.09224523374166,26.64785385131836
59.19247387171486,27.299856185913086
44.952466540764824,27.710634231567383
9.818975484619857,63.90193557739258
9.643819933135356,71.7413558959961
39.710583877352356,28.905794143676758
31.140508570427606,29.294525146484375
9.76876919000376,69.5360107421875
12.422384984869304,48.734222412109375
12.707762659702343,44.56772994995117
10.724445233441724,54.1093635559082
10.422432203436466,59.703163146972656
10.572880965901003,55.87185287475586
44.62320265756144,27.99021339416504
10.32926159774209,60.97201156616211
40.15204806959234,28.4473876953125
10.920382133952081,51.292354583740234
29.768670330068062,29.616426467895508
25.028873950429205,30.662382125854492
26.059550001822707,30.197397232055664
21.93005975650561,30.771223068237305
16.708334362102725,35.40509033203125
17.005170343886398,33.35771179199219
14.268595758858732,43.9122428894043
14.505805052315326,41.16522979736328
25.316868148150242,30.460132598876953
40.76926106917859,28.40474510192871
25.304951708175714,30.519712448120117
40.76905586042542,28.408761978149414
25.328083837108377,30.242992401123047
59.92110779354869,26.501726150512695
30.138144683744578,29.211881637573242
92.58325149816524,26.063718795776367
25.79295842450854,30.062423706054688
17.808675057824047,31.51685905456543
12.847176399094577,43.84724807739258
25.32688737135516,30.26633071899414
20.49886720665443,31.278947830200195
17.01496541536729,32.655067443847656
17.04038650890507,32.630897521972656
9.506579670257578,69.93603515625
59.37772294647809,26.522478103637695
11.110187586282905,50.206851959228516
25.803967770707843,30.008441925048828
15.140008689223695,36.70534133911133
39.72211047500509,28.40963363647461
11.707901493906034,48.65249252319336
11.29727013825377,49.20946502685547
44.3773917485186,27.69621467590332
11.445270289678472,48.944862365722656
10.713444046369403,54.06947326660156
10.388806238438452,59.554298400878906
16.316803341402768,35.173789978027344
21.067554241381195,30.629905700683594
16.999606449427805,33.194236755371094
92.58533868822792,26.057729721069336
100.57759990522366,25.91505241394043
14.779668757565755,38.65679168701172
10.709308667825402,55.13309097290039
12.686799055014344,44.4420166015625
21.068284655322163,30.617826461791992
11.580688427357023,48.76744842529297
16.315093235887282,35.185874938964844
29.671095221772436,29.28450584411621
10.032112512094109,60.49939727783203
57.019729074662465,27.392969131469727
59.36992452456444,26.533397674560547
16.942267874824076,33.23465347290039
9.762420024663047,63.13105773925781
16.291954849470407,35.75178146362305
25.825942980405,29.613933563232422
40.771625634505675,28.30586814880371
15.089782354449861,36.87629318237305
10.910577154461846,50.76625061035156
9.51816039909016,69.72077941894531
10.740244068701669,53.937129974365234
10.540349218054345,55.32020950317383
100.59517564137671,25.90993881225586
17.532516470618,31.62289047241211
44.44727283928001,27.45134735107422
17.042977268723803,32.6181526184082
14.336053693703873,40.72032165527344
30.14531081587538,29.05204200744629
16.782362401079464,33.667510986328125
90.05135329949172,26.223081588745117
18.163695886686522,31.46233558654785
100.61108822244341,25.33851432800293
17.675233438146844,31.57047462463379
9.572642828247563,63.9478645324707
9.194983921712469,72.09184265136719
58.13368898708437,26.99492073059082
41.31330464525265,27.703975677490234
14.789203109930302,38.23918151855469
9.467586820889434,69.99854278564453
11.278972712134799,49.69940948486328
100.5446866348591,25.919511795043945
20.562386896722742,30.916553497314453
30.29581969917734,28.664670944213867
9.881718543720016,62.55941390991211
14.08162847056388,40.899044036865234
16.28555510627922,35.9149055480957
16.79188241234375,33.6064338684082
41.01564274927223,28.03354835510254
15.25387996485082,36.64841842651367
10.29066629284408,60.26813507080078
17.099340296497655,32.571922302246094
16.529785113269746,35.035316467285156
9.567870319062042,68.18161010742188
59.942338740659906,26.431982040405273
89.98859791601684,26.402793884277344
15.140305752207876,36.698089599609375
59.124987770763745,26.90601921081543
12.606350326282396,45.47664260864258
12.7112901330681,44.16839599609375
19.20035484643386,31.368988037109375
57.45077230426487,27.293678283691406
10.431081460873461,58.635528564453125
10.79682202553526,51.525203704833984
11.334205478521033,49.113956451416016
102.48611334926841,25.76555061340332
9.427006010486886,79.77774047851562
59.94382716854839,26.43292999267578
92.58380932585828,26.07252311706543
9.460760105435543,76.61767578125
9.588990660408921,68.56986999511719
30.138144683744578,29.211881637573242
25.79295842450854,30.062423706054688
17.808675057824047,31.51685905456543
20.49886720665443,31.278947830200195
17.01496541536729,32.655067443847656
17.04038650890507,32.630897521972656
9.506579670257578,69.93603515625
11.110187586282905,50.206851959228516
25.803967770707843,30.008441925048828
15.140008689223695,36.70534133911133
39.72211047500509,28.40963363647461
11.29727013825377,49.20946502685547
44.3773917485186,27.69621467590332
16.316803341402768,35.173789978027344
21.067554241381195,30.629905700683594
16.999606449427805,33.194236755371094
14.779668757565755,38.65679168701172
21.068284655322163,30.617826461791992
16.315093235887282,35.185874938964844
29.671095221772436,29.28450584411621
10.032112512094109,60.49939727783203
16.942267874824076,33.23465347290039
9.762420024663047,63.13105773925781
16.291954849470407,35.75178146362305
25.825942980405,29.613933563232422
40.771625634505675,28.30586814880371
15.089782354449861,36.87629318237305
10.910577154461846,50.76625061035156
9.51816039909016,69.72077941894531
17.532516470618,31.62289047241211
44.44727283928001,27.45134735107422
17.042977268723803,32.6181526184082
14.336053693703873,40.72032165527344
30.14531081587538,29.05204200744629
16.782362401079464,33.667510986328125
90.05135329949172,26.223081588745117
18.163695886686522,31.46233558654785
100.61108822244341,25.33851432800293
17.675233438146844,31.57047462463379
9.572642828247563,63.9478645324707
9.194983921712469,72.09184265136719
41.31330464525265,27.703975677490234
14.789203109930302,38.23918151855469
9.467586820889434,69.99854278564453
20.562386896722742,30.916553497314453
30.29581969917734,28.664670944213867
9.881718543720016,62.55941390991211
14.08162847056388,40.899044036865234
16.79188241234375,33.6064338684082
41.01564274927223,28.03354835510254
15.25387996485082,36.64841842651367
10.29066629284408,60.26813507080078
17.099340296497655,32.571922302246094
9.567870319062042,68.18161010742188
89.98859791601684,26.402793884277344
15.140305752207876,36.698089599609375
19.20035484643386,31.368988037109375
10.79682202553526,51.525203704833984
11.334205478521033,49.113956451416016
40.16835985876335,28.389495849609375
9.567413594793722,68.3248291015625
23.016399033961616,30.17288589477539
30.177136674015973,28.785015106201172
92.52769444328386,26.049089431762695
11.4218453040739,48.51768493652344
9.92275153973419,62.15318298339844
13.652252913335136,41.2496452331543
10.333904837787033,56.12718963623047
25.41141252367738,30.074703216552734
14.498467720612734,39.784095764160156
15.309533886071389,36.303401947021484
11.288570333959678,49.330928802490234
21.068110937018222,30.620695114135742
47.25888401416392,27.281675338745117
15.983441217550947,35.781394958496094
9.884362370334086,62.303993225097656
17.516330065870395,32.40201187133789
12.850909907126649,43.587459564208984
12.399705015219103,44.49333953857422
9.598841589528027,63.458335876464844
16.305123366144528,35.405426025390625
40.75528198172325,28.377492904663086
10.907285026909513,50.78143310546875
16.428213553255738,34.519439697265625
58.27675959014068,26.40777015686035
102.52651707260168,25.303361892700195
10.440021334570606,54.39400863647461
11.425426496918586,48.267093658447266
39.72227185749474,28.406482696533203
11.175111835794832,49.33128356933594
9.609947626147582,63.187530517578125
10.627639442747721,52.2166748046875
12.674026027084883,43.68454360961914
47.405784842251414,26.935190200805664
92.70625755630324,25.432300567626953
9.782091385713086,62.95513153076172
16.470704495741177,34.09299850463867
14.579225350025085,39.26333999633789
9.260352790970861,82.54899597167969
102.48611334926841,25.76555061340332
8.984116254565858,81.16865539550781
102.52651707260168,25.303361892700195
88.77756275537355,26.38225746154785
58.88560808746949,26.3852596282959
9.19027194825994,72.13606262207031
29.753528214968888,28.48464584350586
53.8652060625843,26.79236602783203
10.333904837787033,56.12718963623047
39.72211047500509,28.40963363647461
100.61108822244341,25.33851432800293
92.70625755630324,25.432300567626953
9.572642828247563,63.9478645324707
11.425426496918586,48.267093658447266
47.405784842251414,26.935190200805664
9.567870319062042,68.18161010742188
12.39956239329101,44.49491882324219
10.29066629284408,60.26813507080078
29.121099643290222,29.27231216430664
13.652252913335136,41.2496452331543
58.27675959014068,26.40777015686035
10.367659135004832,53.68449401855469
25.448886206293025,29.36863136291504
12.850909907126649,43.587459564208984
41.011844759276435,27.62452507019043
90.00380750133492,26.13787841796875
23.016399033961616,30.17288589477539
9.70641750712924,61.967185974121094
14.08162847056388,40.899044036865234
91.92659078336058,25.453025817871094
47.25888401416392,27.281675338745117
24.27811763980877,29.498340606689453
9.252027405376776,70.11943817138672
44.38295669783789,27.568456649780273
9.194983921712469,72.09184265136719
44.44727283928001,27.45134735107422
15.983441217550947,35.781394958496094
14.26354380536945,39.29154968261719
19.023805949749974,31.15276527404785
9.940244347753518,60.81427001953125
9.51816039909016,69.72077941894531
10.627639442747721,52.2166748046875
10.530811042941602,53.01002883911133
21.428001426637277,30.517940521240234
10.79682202553526,51.525203704833984
9.567413594793722,68.3248291015625
9.609947626147582,63.187530517578125
14.929077658766966,37.886383056640625
16.125829611707754,34.81180191040039
15.089782354449861,36.87629318237305
15.309533886071389,36.303401947021484
12.674026027084883,43.68454360961914
20.45608870608172,31.129112243652344
18.031288678286362,31.361942291259766
16.840442885240435,33.03855895996094
16.470704495741177,34.09299850463867
12.399705015219103,44.49333953857422
14.579225350025085,39.26333999633789
17.241479497499732,32.146141052246094
16.428213553255738,34.519439697265625
11.147214786751645,49.93193817138672
40.771625634505675,28.30586814880371
20.562386896722742,30.916553497314453
14.789203109930302,38.23918151855469
10.907285026909513,50.78143310546875
9.598841589528027,63.458335876464844
14.774264877153065,38.659786224365234
17.421027489966026,31.830059051513672
16.782362401079464,33.667510986328125
10.917616406019876,50.6500129699707
16.79188241234375,33.6064338684082
11.175111835794832,49.33128356933594
10.032112512094109,60.49939727783203
11.421072442856087,48.53676223754883
40.16835985876335,28.389495849609375
11.334355779425344,49.11198806762695
21.067554241381195,30.629905700683594
17.099340296497655,32.571922302246094
11.110143592645487,50.20873260498047
17.01496541536729,32.655067443847656
15.25387996485082,36.64841842651367
40.75528198172325,28.377492904663086
14.779668757565755,38.65679168701172
17.808675057824047,31.51685905456543
17.532516470618,31.62289047241211
10.28476256990612,60.37191390991211
9.467586820889434,69.99854278564453
21.068284655322163,30.617826461791992
9.506579670257578,69.93603515625
11.110187586282905,50.206851959228516
39.72227185749474,28.406482696533203
11.4218453040739,48.51768493652344
17.675233438146844,31.57047462463379
15.140008689223695,36.70534133911133
11.178090113369464,49.291343688964844
11.29727013825377,49.20946502685547
10.910577154461846,50.76625061035156
15.140305752207876,36.698089599609375
11.334205478521033,49.113956451416016
11.297399099342295,49.207767486572266
17.042977268723803,32.6181526184082
102.5264860609695,25.303342819213867
8.895913064400794,67.46244812011719
88.77756275537355,26.38225746154785
58.88560808746949,26.3852596282959
39.68684367160246,28.04386329650879
10.076416153499917,55.93149185180664
99.10066182558056,25.314783096313477
29.787326158189416,28.48118019104004
10.032112512094109,60.49939727783203
9.54052204049043,63.30603790283203
91.59208495822423,25.407047271728516
53.8652060625843,26.79236602783203
12.147769399929118,46.385704040527344
47.405784842251414,26.935190200805664
13.305912147305136,41.84265899658203
41.011844759276435,27.62452507019043
9.70641750712924,61.967185974121094
11.425426496918586,48.267093658447266
10.08120982068999,54.653385162353516
25.807057771063548,29.072145462036133
56.21693830394111,26.583826065063477
29.218743650813735,28.66234588623047
12.7036049136457,43.584327697753906
12.39956239329101,44.49491882324219
24.27811763980877,29.498340606689453
47.25888401416392,27.281675338745117
14.26354380536945,39.29154968261719
15.983441217550947,35.781394958496094
14.15649846619707,40.07560729980469
44.44727283928001,27.45134735107422
44.38265624586941,27.5742130279541
10.796597482221108,51.49312973022461
10.31893179002887,53.59545135498047
89.6973463670415,25.57848358154297
9.609947626147582,63.187530517578125
58.27675959014068,26.40777015686035
23.016399033961616,30.17288589477539
19.569477818508684,30.987598419189453
13.497635619867976,40.94407272338867
20.724349967766127,30.422895431518555
14.414816720547536,38.35723114013672
22.983094618645357,30.251811981201172
9.939851235294269,60.87153625488281
88.90313388832435,25.61663246154785
14.08162847056388,40.899044036865234
15.016537098951007,37.564239501953125
19.023805949749974,31.15276527404785
16.840442885240435,33.03855895996094
16.123925821531124,34.812339782714844
20.53494453784457,30.52774429321289
12.399705015219103,44.49333953857422
12.674026027084883,43.68454360961914
10.530811042941602,53.01002883911133
15.089782354449861,36.87629318237305
18.031288678286362,31.361942291259766
11.147214786751645,49.93193817138672
10.605903492330516,52.45712661743164
15.363295358869117,36.275123596191406
10.62765819785665,52.21659851074219
14.929077658766966,37.886383056640625
10.90494215726821,50.79549026489258
16.470704495741177,34.09299850463867
14.789203109930302,38.23918151855469
10.45644432169664,53.32305145263672
25.448886206293025,29.36863136291504
16.79188241234375,33.6064338684082
11.175111835794832,49.33128356933594
10.917616406019876,50.6500129699707
11.421072442856087,48.53676223754883
11.334355779425344,49.11198806762695
16.51151588403785,33.808677673339844
11.110143592645487,50.20873260498047
17.01496541536729,32.655067443847656
17.099340296497655,32.571922302246094
17.219197121407735,32.194358825683594
15.227256850917948,36.490234375
25.451973328260355,29.35322380065918
17.241479497499732,32.146141052246094
16.42850628656709,34.51305389404297
29.753528214968888,28.48464584350586
16.428213553255738,34.519439697265625
16.125829611707754,34.81180191040039
17.421027489966026,31.830059051513672
17.808675057824047,31.51685905456543
10.021537561535563,60.56874084472656
9.940244347753518,60.81427001953125
16.782362401079464,33.667510986328125
11.110187586282905,50.206851959228516
15.309533886071389,36.303401947021484
11.4218453040739,48.51768493652344
15.140305752207876,36.698089599609375
10.627639442747721,52.2166748046875
17.509820565105517,31.642108917236328
17.631338756583844,31.566818237304688
17.435104858588836,31.816375732421875
15.140008689223695,36.70534133911133
20.616590394118713,30.477354049682617
11.178090113369464,49.291343688964844
44.38295669783789,27.568456649780273
11.29727013825377,49.20946502685547
8.895913064400794,67.46244812011719
102.5264860609695,25.303342819213867
88.90313388832435,25.61663246154785
59.20522529499576,26.276824951171875
9.29073399169459,59.94963455200195
9.021308220537314,66.96641540527344
9.849409484042239,55.901859283447266
99.10066182558056,25.314783096313477
33.008350998282566,28.026344299316406
91.59208495822423,25.407047271728516
47.405784842251414,26.935190200805664
39.688653643223105,28.01541519165039
53.8652060625843,26.79236602783203
44.0186964062758,27.431739807128906
29.218743650813735,28.66234588623047
56.21693830394111,26.583826065063477
11.581699922892675,48.12408447265625
45.20763477116382,27.074508666992188
12.745897698185422,43.31935119628906
12.147436365985742,46.3859977722168
25.89386623429953,29.05364990234375
29.79459885853156,28.316967010498047
13.305912147305136,41.84265899658203
15.983441217550947,35.781394958496094
41.011844759276435,27.62452507019043
12.175484151950235,45.594200134277344
10.31893179002887,53.59545135498047
58.27675959014068,26.40777015686035
10.034985667324573,55.115135192871094
53.86973062315685,26.7231388092041
14.15649846619707,40.07560729980469
13.497635619867976,40.94407272338867
23.045790666052813,30.133630752563477
12.275344786465736,44.92345428466797
24.274840138181887,29.515336990356445
14.068895406353652,40.854637145996094
10.159073854494283,54.28604507446289
10.355122187650712,52.960243225097656
21.512231559545413,30.255756378173828
14.414816720547536,38.35723114013672
16.028168593799403,34.85147476196289
89.69895155637282,25.56755828857422
14.315070167897877,39.09929275512695
15.016537098951007,37.564239501953125
41.011690964105256,27.626909255981445
13.333118531952309,41.758644104003906
19.023805949749974,31.15276527404785
15.089782354449861,36.87629318237305
16.840442885240435,33.03855895996094
10.08120982068999,54.653385162353516
10.796597482221108,51.49312973022461
12.660082322923909,43.82478713989258
14.163394234518577,39.65593719482422
12.147769399929118,46.385704040527344
10.651060973047196,51.64360809326172
15.363295358869117,36.275123596191406
12.412242933366523,44.44215393066406
11.147214786751645,49.93193817138672
19.62419336049343,30.747722625732422
22.983094618645357,30.251811981201172
10.88751520314307,50.870357513427734
20.53494453784457,30.52774429321289
14.789203109930302,38.23918151855469
11.334355779425344,49.11198806762695
10.917616406019876,50.6500129699707
25.448161547792957,29.41307258605957
18.11054474501415,31.245229721069336
24.27811763980877,29.498340606689453
14.26354380536945,39.29154968261719
10.595601822182825,52.579463958740234
11.387513740321875,48.5528564453125
11.147893166456727,49.450767517089844
29.747628161824743,28.456653594970703
16.79188241234375,33.6064338684082
10.62765819785665,52.21659851074219
16.51151588403785,33.808677673339844
58.88560808746949,26.3852596282959
19.569477818508684,30.987598419189453
11.110143592645487,50.20873260498047
20.728192217023402,30.36159896850586
14.929077658766966,37.886383056640625
25.807057771063548,29.072145462036133
12.39956239329101,44.49491882324219
15.227256850917948,36.490234375
11.425426496918586,48.267093658447266
16.84888640646,32.725852966308594
25.451973328260355,29.35322380065918
16.42850628656709,34.51305389404297
16.470704495741177,34.09299850463867
16.428213553255738,34.519439697265625
17.112241844333912,32.37751388549805
16.125829611707754,34.81180191040039
89.6973463670415,25.57848358154297
17.241479497499732,32.146141052246094
12.7036049136457,43.584327697753906
17.398805829549776,31.871057510375977
10.605903492330516,52.45712661743164
14.985312421001897,37.82383728027344
17.509820565105517,31.642108917236328
16.782362401079464,33.667510986328125
103.0559781602707,25.155467987060547
8.682384819786291,69.74612426757812
59.171598051222254,26.276042938232422
88.90231573765392,25.618913650512695
8.930371993353871,65.26976776123047
9.29073399169459,59.94963455200195
99.10066182558056,25.314783096313477
8.895913064400794,67.46244812011719
91.59208495822423,25.407047271728516
47.405784842251414,26.935190200805664
9.2927214110725,59.356689453125
9.846687782596556,55.98311996459961
53.8652060625843,26.79236602783203
45.20763477116382,27.074508666992188
33.01734190890121,28.018098831176758
39.68732960316823,28.016422271728516
12.059205640432365,46.028099060058594
41.62644787575038,27.428640365600586
11.581699922892675,48.12408447265625
25.89608703404611,29.040620803833008
29.218743650813735,28.66234588623047
29.79459885853156,28.316967010498047
33.00477729683374,28.08167266845703
22.66381838940051,29.87315559387207
102.49856718178064,25.311168670654297
12.930173254177694,42.65052032470703
53.86973062315685,26.7231388092041
10.31893179002887,53.59545135498047
15.983441217550947,35.781394958496094
13.497635619867976,40.94407272338867
56.21543306628674,26.591405868530273
14.117421819342372,40.053199768066406
12.175484151950235,45.594200134277344
12.275344786465736,44.92345428466797
14.068895406353652,40.854637145996094
57.19748290683417,26.51851463317871
23.96900984263599,29.536558151245117
15.089782354449861,36.87629318237305
11.110143592645487,50.20873260498047
14.414816720547536,38.35723114013672
89.81419522666923,25.509262084960938
16.028168593799403,34.85147476196289
40.20811970597423,27.686487197875977
11.334355779425344,49.11198806762695
14.315070167897877,39.09929275512695
12.660082322923909,43.82478713989258
10.034985667324573,55.115135192871094
13.301696847523697,41.93424606323242
16.51151588403785,33.808677673339844
58.27675959014068,26.40777015686035
13.333118531952309,41.758644104003906
21.52454254304921,30.18852424621582
16.69623851289081,33.2198371887207
19.023805949749974,31.15276527404785
19.62419336049343,30.747722625732422
20.53494453784457,30.52774429321289
10.159073854494283,54.28604507446289
10.88751520314307,50.870357513427734
16.269864260150477,34.26228713989258
11.387513740321875,48.5528564453125
10.796597482221108,51.49312973022461
9.94324227601748,55.612586975097656
10.62765819785665,52.21659851074219
14.163394234518577,39.65593719482422
10.651060973047196,51.64360809326172
16.84888640646,32.725852966308594
15.503161078161254,35.867286682128906
11.133060421787818,49.65532302856445
10.917616406019876,50.6500129699707
17.112241844333912,32.37751388549805
12.762953950615724,43.13481140136719
15.363295358869117,36.275123596191406
12.416142085096208,44.4361686706543
20.728192217023402,30.36159896850586
15.227256850917948,36.490234375
15.01911185390099,37.49899673461914
14.789203109930302,38.23918151855469
16.03332175257075,34.778263092041016
25.448161547792957,29.41307258605957
19.569477818508684,30.987598419189453
17.58540791432668,31.561777114868164
10.352526504984658,53.1046142578125
24.27811763980877,29.498340606689453
17.241479497499732,32.146141052246094
10.355122187650712,52.960243225097656
11.147893166456727,49.450767517089844
17.398805829549776,31.871057510375977
14.26354380536945,39.29154968261719
10.595601822182825,52.579463958740234
29.747628161824743,28.456653594970703
18.11054474501415,31.245229721069336
39.688653643223105,28.01541519165039
16.840442885240435,33.03855895996094
58.88560808746949,26.3852596282959
21.512231559545413,30.255756378173828
12.7036049136457,43.584327697753906
56.21693830394111,26.583826065063477
18.125581248484178,31.22968101501465
14.929077658766966,37.886383056640625
12.39956239329101,44.49491882324219
102.72233250374943,25.133432388305664
8.682384819786291,69.74612426757812
64.83372298697577,26.076961517333984
88.89921873787858,25.620100021362305
8.930371993353871,65.26976776123047
9.258332814230107,59.57752990722656
91.59208495822423,25.407047271728516
34.37833913334748,27.881315231323242
99.10066182558056,25.314783096313477
40.20811970597423,27.686487197875977
53.8652060625843,26.79236602783203
47.407006605971894,26.93425941467285
8.895913064400794,67.46244812011719
59.171598051222254,26.276042938232422
9.707592401777625,56.61634826660156
9.37002321057931,58.8848876953125
45.20763477116382,27.074508666992188
12.059205640432365,46.028099060058594
40.54988392949765,27.41773223876953
11.731736761070596,48.09822463989258
57.19748290683417,26.51851463317871
102.49856718178064,25.311168670654297
31.163044094359304,28.251495361328125
8.76882294483475,68.37274169921875
54.25766272322285,26.557920455932617
28.992045766155453,28.916065216064453
10.159073854494283,54.28604507446289
99.10126834742196,25.313817977905273
25.899829840365673,29.036148071289062
89.81419522666923,25.509262084960938
12.892786611430717,42.63751983642578
8.685123180269485,69.10209655761719
10.917616406019876,50.6500129699707
15.983441217550947,35.781394958496094
25.448161547792957,29.41307258605957
18.97445511693973,30.875938415527344
14.068895406353652,40.854637145996094
45.67339637225183,27.04589080810547
15.089782354449861,36.87629318237305
11.081452331529857,49.66432189941406
19.62419336049343,30.747722625732422
13.301696847523697,41.93424606323242
15.01911185390099,37.49899673461914
33.00313509999681,28.08295440673828
16.51151588403785,33.808677673339844
12.762953950615724,43.13481140136719
16.028168593799403,34.85147476196289
11.334355779425344,49.11198806762695
14.117421819342372,40.053199768066406
10.595601822182825,52.579463958740234
22.41354311534285,29.869693756103516
10.621759542010016,52.10833740234375
58.27675959014068,26.40777015686035
47.405784842251414,26.935190200805664
14.300873796920113,38.8109130859375
14.202524068238008,39.16856384277344
10.88751520314307,50.870357513427734
10.034985667324573,55.115135192871094
10.796597482221108,51.49312973022461
29.79459885853156,28.316967010498047
9.846687782596556,55.98311996459961
22.894481375646752,29.823034286499023
33.01734190890121,28.018098831176758
14.929077658766966,37.886383056640625
24.27811763980877,29.498340606689453
14.414816720547536,38.35723114013672
23.543765072302698,29.550308227539062
16.21824789279195,34.11598587036133
15.503161078161254,35.867286682128906
18.125581248484178,31.22968101501465
14.163394234518577,39.65593719482422
10.305643567852483,53.61045837402344
17.112241844333912,32.37751388549805
12.275344786465736,44.92345428466797
11.387513740321875,48.5528564453125
15.363295358869117,36.275123596191406
16.038229905119856,34.74001693725586
9.2927214110725,59.356689453125
21.58121546599044,30.16755485534668
12.7036049136457,43.584327697753906
15.227256850917948,36.490234375
12.651485572263432,43.97578811645508
12.191203965167137,45.58102035522461
14.789203109930302,38.23918151855469
10.651060973047196,51.64360809326172
16.69623851289081,33.2198371887207
20.53494453784457,30.52774429321289
13.427744307645154,41.183528900146484
10.352526504984658,53.1046142578125
10.355122187650712,52.960243225097656
11.147893166456727,49.450767517089844
12.416142085096208,44.4361686706543
13.497635619867976,40.94407272338867
13.343080193639508,41.524375915527344
17.241479497499732,32.146141052246094
17.539919071665327,31.476825714111328
25.89608703404611,29.040620803833008
16.840442885240435,33.03855895996094
58.88560808746949,26.3852596282959
21.512231559545413,30.255756378173828
8.680498766800175,69.5501708984375
102.72233250374943,25.133432388305664
88.02991031536743,25.636510848999023
64.83372298697577,26.076961517333984
9.016580102583381,62.167484283447266
101.56104737351916,25.133516311645508
91.6017951897354,25.302927017211914
53.8652060625843,26.79236602783203
47.513002211543174,26.871788024902344
8.842638698900702,66.82730102539062
8.930371993353871,65.26976776123047
9.707592401777625,56.61634826660156
40.19992956476286,27.71904182434082
9.37002321057931,58.8848876953125
34.37833913334748,27.881315231323242
60.441200011068965,26.22800636291504
9.258332814230107,59.57752990722656
12.056593156084599,46.00774383544922
28.992045766155453,28.916065216064453
54.23700011491828,26.51561737060547
8.76882294483475,68.37274169921875
11.760451993292302,47.985107421875
64.83147261480282,26.110309600830078
58.27675959014068,26.40777015686035
42.35049096094981,27.32421875
10.034985667324573,55.115135192871094
29.79459885853156,28.316967010498047
9.846687782596556,55.98311996459961
10.159073854494283,54.28604507446289
44.16547133732903,27.140724182128906
8.923671276014554,65.28170776367188
25.899829840365673,29.036148071289062
12.892786611430717,42.63751983642578
13.301696847523697,41.93424606323242
11.079855525463811,49.66154479980469
10.917616406019876,50.6500129699707
10.305643567852483,53.61045837402344
15.983441217550947,35.781394958496094
31.163044094359304,28.251495361328125
25.448161547792957,29.41307258605957
8.685123180269485,69.10209655761719
59.171598051222254,26.276042938232422
12.416142085096208,44.4361686706543
89.81419522666923,25.509262084960938
15.01911185390099,37.49899673461914
91.59208495822423,25.407047271728516
32.0478733190869,28.13660430908203
24.27811763980877,29.498340606689453
12.762953950615724,43.13481140136719
13.571774279994814,40.7529296875
16.21824789279195,34.11598587036133
12.651485572263432,43.97578811645508
23.543765072302698,29.550308227539062
10.595601822182825,52.579463958740234
12.275344786465736,44.92345428466797
10.621759542010016,52.10833740234375
14.086025705433071,40.206241607666016
16.028168593799403,34.85147476196289
40.637757434978504,27.410844802856445
16.69623851289081,33.2198371887207
14.300873796920113,38.8109130859375
10.796597482221108,51.49312973022461
46.36365299019689,27.00912857055664
10.856524335473708,50.830589294433594
12.7036049136457,43.584327697753906
14.163394234518577,39.65593719482422
22.894481375646752,29.823034286499023
19.62419336049343,30.747722625732422
15.089782354449861,36.87629318237305
11.387513740321875,48.5528564453125
16.038229905119856,34.74001693725586
16.51151588403785,33.808677673339844
21.58121546599044,30.16755485534668
17.497523212875105,31.80797576904297
13.343080193639508,41.524375915527344
45.20763477116382,27.074508666992188
14.414816720547536,38.35723114013672
33.01734190890121,28.018098831176758
17.04572061013026,32.67718505859375
21.512231559545413,30.255756378173828
15.503161078161254,35.867286682128906
11.334355779425344,49.11198806762695
34.37467802079191,27.938846588134766
12.191203965167137,45.58102035522461
15.363295358869117,36.275123596191406
17.241479497499732,32.146141052246094
20.570338815128824,30.47779655456543
9.2927214110725,59.356689453125
20.53494453784457,30.52774429321289
14.789203109930302,38.23918151855469
16.840442885240435,33.03855895996094
10.651060973047196,51.64360809326172
12.26836350430557,45.34096145629883
22.41354311534285,29.869693756103516
18.80870494651402,31.1326961517334
11.147893166456727,49.450767517089844
10.352526504984658,53.1046142578125
13.427744307645154,41.183528900146484
17.112241844333912,32.37751388549805
11.724838947562771,48.10422897338867
102.72233250374943,25.133432388305664
8.580677981760875,69.83712768554688
64.86502502000496,26.002120971679688
88.02991031536743,25.636510848999023
8.876997566847159,62.02233123779297
91.6017951897354,25.302927017211914
101.54950611592092,25.16365623474121
8.84777159731517,66.72229766845703
39.030210735041244,27.5937557220459
53.8652060625843,26.79236602783203
33.927564754256665,27.74388885498047
47.893791049979924,26.809459686279297
59.719923313283296,26.171628952026367
64.25696096249541,26.016244888305664
9.417587593623988,58.60670471191406
9.707592401777625,56.61634826660156
8.76882294483475,68.37274169921875
11.760451993292302,47.985107421875
8.965758272789012,60.844459533691406
58.27675959014068,26.40777015686035
12.056593156084599,46.00774383544922
54.23700011491828,26.51561737060547
89.81419522666923,25.509262084960938
42.35049096094981,27.32421875
10.034985667324573,55.115135192871094
8.842638698900702,66.82730102539062
25.899829840365673,29.036148071289062
28.992045766155453,28.916065216064453
10.159073854494283,54.28604507446289
44.16547133732903,27.140724182128906
12.892786611430717,42.63751983642578
14.300873796920113,38.8109130859375
9.130296086364394,59.93925857543945
18.80870494651402,31.1326961517334
15.089782354449861,36.87629318237305
14.086025705433071,40.206241607666016
11.079855525463811,49.66154479980469
46.36365299019689,27.00912857055664
33.01734190890121,28.018098831176758
10.305643567852483,53.61045837402344
8.685123180269485,69.10209655761719
11.387513740321875,48.5528564453125
31.163044094359304,28.251495361328125
10.917616406019876,50.6500129699707
45.20763477116382,27.074508666992188
15.363295358869117,36.275123596191406
10.352526504984658,53.1046142578125
14.570962023916074,38.15280532836914
91.51456167019076,25.342548370361328
16.51151588403785,33.808677673339844
24.27811763980877,29.498340606689453
12.762953950615724,43.13481140136719
11.334355779425344,49.11198806762695
10.796597482221108,51.49312973022461
12.275344786465736,44.92345428466797
88.03657203634113,25.60934829711914
17.472076448089098,31.684005737304688
10.621759542010016,52.10833740234375
9.846687782596556,55.98311996459961
29.79459885853156,28.316967010498047
13.301696847523697,41.93424606323242
12.651485572263432,43.97578811645508
40.4062479780673,27.436784744262695
13.571774279994814,40.7529296875
15.986782224116176,35.771080017089844
16.024791979946936,34.861331939697266
14.163394234518577,39.65593719482422
10.841808603604353,50.72550582885742
40.67847345303738,27.365163803100586
12.7036049136457,43.584327697753906
25.448161547792957,29.41307258605957
23.543765072302698,29.550308227539062
14.918225731756412,37.517967224121094
59.171598051222254,26.276042938232422
9.37002321057931,58.8848876953125
17.04572061013026,32.67718505859375
21.512231559545413,30.255756378173828
14.414816720547536,38.35723114013672
8.680498766800175,69.5501708984375
17.955544587860448,31.441511154174805
19.609538419562465,30.83349609375
12.191203965167137,45.58102035522461
47.513002211543174,26.871788024902344
13.343080193639508,41.524375915527344
9.2927214110725,59.356689453125
19.62419336049343,30.747722625732422
11.724838947562771,48.10422897338867
16.037111290594567,34.53468322753906
20.570338815128824,30.47779655456543
13.427744307645154,41.183528900146484
15.01911185390099,37.49899673461914
20.53494453784457,30.52774429321289
16.840442885240435,33.03855895996094
9.711078000017263,56.38726806640625
10.651060973047196,51.64360809326172
12.26836350430557,45.34096145629883
22.17490094909721,29.918527603149414
16.69623851289081,33.2198371887207
29.057114549018753,28.572919845581055
11.147893166456727,49.450767517089844
8.580677981760875,69.83712768554688
102.72233250374943,25.133432388305664
84.87175166980168,25.599925994873047
64.86502502000496,26.002120971679688
90.44476273348843,25.289831161499023
8.785630851480756,62.63059997558594
101.54950611592092,25.16365623474121
8.773542134043417,68.32413482666016
33.927564754256665,27.74388885498047
88.03898877316092,25.499862670898438
56.151618654463284,26.242177963256836
51.90136285396023,26.75642967224121
38.99825561308754,27.625490188598633
59.93590722982545,26.16533088684082
8.965758272789012,60.844459533691406
64.21174532833365,26.016775131225586
9.707592401777625,56.61634826660156
9.419366000261961,58.60437774658203
12.005003968696554,46.59211730957031
45.06912465028594,26.871423721313477
28.916564947903506,28.88982391357422
25.899829840365673,29.036148071289062
48.02992481096001,26.80197525024414
41.01083920604382,27.256967544555664
59.719923313283296,26.171628952026367
31.163044094359304,28.251495361328125
15.986782224116176,35.771080017089844
33.01734190890121,28.018098831176758
44.16547133732903,27.140724182128906
22.17490094909721,29.918527603149414
11.760451993292302,47.985107421875
9.118939287663029,59.869140625
10.159073854494283,54.28604507446289
16.51151588403785,33.808677673339844
17.04572061013026,32.67718505859375
10.621759542010016,52.10833740234375
12.275344786465736,44.92345428466797
12.651485572263432,43.97578811645508
47.893791049979924,26.809459686279297
15.363295358869117,36.275123596191406
12.884172986004982,42.586692810058594
23.543765072302698,29.550308227539062
14.163394234518577,39.65593719482422
54.23700011491828,26.51561737060547
13.571774279994814,40.7529296875
13.301696847523697,41.93424606323242
15.989849050229957,34.745540618896484
10.352526504984658,53.1046142578125
53.87828702159626,26.74691390991211
8.876997566847159,62.02233123779297
17.46765846194444,31.716869354248047
16.037111290594567,34.53468322753906
9.2927214110725,59.356689453125
18.80870494651402,31.1326961517334
12.056593156084599,46.00774383544922
11.079855525463811,49.66154479980469
24.27811763980877,29.498340606689453
10.034985667324573,55.115135192871094
10.840306183133038,50.72218704223633
10.796597482221108,51.49312973022461
9.846687782596556,55.98311996459961
17.646151426269682,31.331077575683594
29.79459885853156,28.316967010498047
40.4062479780673,27.436784744262695
10.02035072299304,55.261409759521484
11.074616887232713,50.496490478515625
16.69623851289081,33.2198371887207
14.300873796920113,38.8109130859375
14.570962023916074,38.15280532836914
14.086025705433071,40.206241607666016
10.305643567852483,53.61045837402344
13.427744307645154,41.183528900146484
39.030210735041244,27.5937557220459
25.448161547792957,29.41307258605957
13.343080193639508,41.524375915527344
9.352925813505179,58.82586669921875
14.918225731756412,37.517967224121094
8.587618438390225,69.1716537475586
11.334355779425344,49.11198806762695
8.759410394369944,68.57331085205078
12.191203965167137,45.58102035522461
19.62419336049343,30.747722625732422
15.089782354449861,36.87629318237305
15.093766513930591,36.79848861694336
20.53494453784457,30.52774429321289
15.01911185390099,37.49899673461914
29.057114549018753,28.572919845581055
16.840442885240435,33.03855895996094
44.16847941840036,27.095792770385742
10.651060973047196,51.64360809326172
12.26836350430557,45.34096145629883
14.414816720547536,38.35723114013672
8.685123180269485,69.10209655761719
18.95723743960408,30.84250259399414
11.147893166456727,49.450767517089844
20.57671226906679,30.441875457763672
21.51349340559799,30.246044158935547
8.875321150411411,62.024757385253906
21.512231559545413,30.255756378173828
11.451649876791837,48.2587890625
8.580677981760875,69.83712768554688
102.72233250374943,25.133432388305664
83.8241463622019,25.89510726928711
64.21878283839628,25.995792388916016
101.54950611592092,25.16365623474121
8.776037027067154,63.78247833251953
90.44476273348843,25.289831161499023
8.736641504924613,68.27601623535156
48.49843701851946,26.778383255004883
33.927564754256665,27.74388885498047
38.99825561308754,27.625490188598633
51.90136285396023,26.75642967224121
12.651485572263432,43.97578811645508
64.21174532833365,26.016775131225586
59.732207872093994,26.155763626098633
8.960532147956718,60.83954620361328
9.536290312073799,57.3670539855957
12.005003968696554,46.59211730957031
41.01083920604382,27.256967544555664
11.760451993292302,47.985107421875
28.916564947903506,28.88982391357422
31.163044094359304,28.251495361328125
10.840306183133038,50.72218704223633
59.719923313283296,26.171628952026367
56.155388788499394,26.23828887939453
15.986782224116176,35.771080017089844
88.03898877316092,25.499862670898438
12.884172986004982,42.586692810058594
45.846388968607776,26.794464111328125
44.16547133732903,27.140724182128906
10.352526504984658,53.1046142578125
54.23700011491828,26.51561737060547
84.87175166980168,25.599925994873047
10.621759542010016,52.10833740234375
14.163394234518577,39.65593719482422
25.903756316383653,28.972972869873047
9.707592401777625,56.61634826660156
10.159073854494283,54.28604507446289
9.419366000261961,58.60437774658203
32.78680620168338,27.874794006347656
23.543765072302698,29.550308227539062
14.300873796920113,38.8109130859375
16.51151588403785,33.808677673339844
53.40032341623508,26.572250366210938
88.07881620639552,25.3882999420166
13.771665758537454,40.161224365234375
40.4062479780673,27.436784744262695
21.231971397161598,30.194263458251953
9.118939287663029,59.869140625
8.876997566847159,62.02233123779297
90.43744076482912,25.307851791381836
11.451649876791837,48.2587890625
56.15113704512844,26.242427825927734
11.06735649287732,49.792755126953125
8.785605022420068,62.63267517089844
12.303823059618741,44.640933990478516
25.448161547792957,29.41307258605957
45.06912465028594,26.871423721313477
22.17490094909721,29.918527603149414
13.301696847523697,41.93424606323242
10.034985667324573,55.115135192871094
15.988541895508583,34.77232360839844
10.796597482221108,51.49312973022461
8.685123180269485,69.10209655761719
17.02861437466026,32.52848815917969
16.17076573811148,34.36260223388672
29.79459885853156,28.316967010498047
16.69623851289081,33.2198371887207
11.347082909466286,48.982322692871094
10.02035072299304,55.261409759521484
19.62419336049343,30.747722625732422
14.918225731756412,37.517967224121094
39.030210735041244,27.5937557220459
13.236085560166847,42.531097412109375
16.840442885240435,33.03855895996094
13.343080193639508,41.524375915527344
18.95723743960408,30.84250259399414
9.847485950419149,55.93254089355469
15.364685084277381,36.240421295166016
14.571293007059738,37.9217529296875
84.85475659287613,25.614439010620117
14.414816720547536,38.35723114013672
17.435197897374792,31.593469619750977
29.057114549018753,28.572919845581055
8.587618438390225,69.1716537475586
9.846687782596556,55.98311996459961
15.093766513930591,36.79848861694336
22.141832790602322,29.94707679748535
14.927370163110552,37.189937591552734
10.280916007410735,53.734622955322266
12.275344786465736,44.92345428466797
18.36096940475398,31.109464645385742
12.191203965167137,45.58102035522461
44.16847941840036,27.095792770385742
10.651060973047196,51.64360809326172
12.26836350430557,45.34096145629883
17.275891565998577,32.00013732910156
15.363295358869117,36.275123596191406
13.587856261171225,40.70542907714844
33.249319806123644,27.779890060424805
8.578804777816886,69.36160278320312
101.96884521492223,25.107563018798828
83.8241463622019,25.89510726928711
64.2227476929143,25.937671661376953
8.776037027067154,63.78247833251953
93.10200493184875,25.253610610961914
8.736641504924613,68.27601623535156
101.54950611592092,25.16365623474121
9.419366000261961,58.60437774658203
52.21089865919053,26.492530822753906
12.005003968696554,46.59211730957031
34.43105624554475,27.687604904174805
41.01083920604382,27.256967544555664
38.99825561308754,27.625490188598633
60.143549086050776,26.14754295349121
56.129667727565135,26.251712799072266
9.536290312073799,57.3670539855957
64.21174532833365,26.016775131225586
11.760451993292302,47.985107421875
28.67156923510172,28.928226470947266
10.307466419461516,53.007381439208984
59.719923313283296,26.171628952026367
15.986782224116176,35.771080017089844
56.155388788499394,26.23828887939453
48.49843701851946,26.778383255004883
25.903756316383653,28.972972869873047
45.846388968607776,26.794464111328125
8.960532147956718,60.83954620361328
44.14052863411356,27.14092445373535
14.05928807107117,39.513336181640625
86.43551058355206,25.510744094848633
51.3661048847485,26.66556167602539
13.587856261171225,40.70542907714844
10.621759542010016,52.10833740234375
49.332411358681725,26.715618133544922
12.651485572263432,43.97578811645508
8.785605022420068,62.63267517089844
13.771665758537454,40.161224365234375
9.121308363987918,59.85424041748047
11.06735649287732,49.792755126953125
12.191203965167137,45.58102035522461
23.543765072302698,29.550308227539062
13.343080193639508,41.524375915527344
11.347082909466286,48.982322692871094
10.280916007410735,53.734622955322266
29.79459885853156,28.316967010498047
14.300873796920113,38.8109130859375
19.831278531263216,30.678386688232422
90.44476273348843,25.289831161499023
21.231971397161598,30.194263458251953
88.07881620639552,25.3882999420166
39.338387198677246,27.37078857421875
32.78680620168338,27.874794006347656
10.840306183133038,50.72218704223633
90.3522305840912,25.309547424316406
12.669203419390055,43.35893249511719
8.84920668214786,61.41358947753906
31.163078161479145,28.25065040588379
28.794903441381447,28.461734771728516
12.303823059618741,44.640933990478516
15.093766513930591,36.79848861694336
16.17076573811148,34.36260223388672
15.988541895508583,34.77232360839844
45.06912465028594,26.871423721313477
14.571293007059738,37.9217529296875
10.159073854494283,54.28604507446289
9.118939287663029,59.869140625
22.17490094909721,29.918527603149414
24.118591317978492,29.472593307495117
14.414816720547536,38.35723114013672
8.820204485825064,61.9302978515625
8.685123180269485,69.10209655761719
11.093028380285082,49.445274353027344
17.435197897374792,31.593469619750977
12.884172986004982,42.586692810058594
10.02035072299304,55.261409759521484
88.03898877316092,25.499862670898438
14.918225731756412,37.517967224121094
10.060385565391368,54.70326232910156
17.275891565998577,32.00013732910156
12.854317017464213,42.896793365478516
16.686807361665757,33.17158889770508
84.87175166980168,25.599925994873047
13.075067966819661,42.094661712646484
10.796597482221108,51.49312973022461
9.683988734897572,56.645111083984375
9.847485950419149,55.93254089355469
14.927370163110552,37.189937591552734
18.224959676303353,31.04057502746582
11.451649876791837,48.2587890625
15.364685084277381,36.240421295166016
10.836765839937975,50.889652252197266
16.51151588403785,33.808677673339844
16.95478304017397,32.5037841796875
16.536347043374732,33.75779342651367
8.799645840495506,62.36350631713867
12.275344786465736,44.92345428466797
31.163044094359304,28.251495361328125
25.448161547792957,29.41307258605957
9.826911082130549,56.24876403808594
101.98259439426278,25.10369873046875
8.578804777816886,69.36160278320312
82.99666902329936,25.54388427734375
64.2227476929143,25.937671661376953
93.10200493184875,25.253610610961914
8.736641504924613,68.27601623535156
8.775934392800423,63.79131317138672
101.54950611592092,25.16365623474121
34.43105624554475,27.687604904174805
38.99825561308754,27.625490188598633
85.40800222319791,25.377962112426758
12.005003968696554,46.59211730957031
87.87693690390776,25.340530395507812
60.143549086050776,26.14754295349121
64.21174532833365,26.016775131225586
32.78680620168338,27.874794006347656
56.07541489131998,26.280061721801758
52.21089865919053,26.492530822753906
28.405536953064175,28.527708053588867
12.191203965167137,45.58102035522461
56.155388788499394,26.23828887939453
59.719514204605645,26.17207908630371
47.61447919429933,26.73781967163086
25.903756316383653,28.972972869873047
49.77290106328036,26.543426513671875
41.871105633318855,27.233867645263672
11.789836322254377,47.86648178100586
18.224959676303353,31.04057502746582
15.988541895508583,34.77232360839844
16.95478304017397,32.5037841796875
15.364685084277381,36.240421295166016
21.231971397161598,30.194263458251953
22.17490094909721,29.918527603149414
8.785605022420068,62.63267517089844
9.121308363987918,59.85424041748047
11.06735649287732,49.792755126953125
9.419366000261961,58.60437774658203
90.44476273348843,25.289831161499023
45.84637690143963,26.79422378540039
14.300873796920113,38.8109130859375
10.796597482221108,51.49312973022461
10.280916007410735,53.734622955322266
9.507698420708268,57.534385681152344
9.683988734897572,56.645111083984375
13.075067966819661,42.094661712646484
16.17076573811148,34.36260223388672
10.840306183133038,50.72218704223633
52.20385961118157,26.496503829956055
90.3522305840912,25.309547424316406
44.110972079505615,27.149633407592773
19.831278531263216,30.678386688232422
8.776037027067154,63.78247833251953
15.093766513930591,36.79848861694336
31.163078161479145,28.25065040588379
19.830234650427858,30.69548225402832
14.05928807107117,39.513336181640625
9.420082251100045,58.60344314575195
13.771665758537454,40.161224365234375
8.685123180269485,69.10209655761719
9.847485950419149,55.93254089355469
14.571293007059738,37.9217529296875
23.543765072302698,29.550308227539062
9.113841459429075,60.6241455078125
11.451649876791837,48.2587890625
14.414816720547536,38.35723114013672
25.448161547792957,29.41307258605957
24.118591317978492,29.472593307495117
10.02035072299304,55.261409759521484
10.390612334661393,52.610843658447266
15.98682419388284,35.77105712890625
12.275344786465736,44.92345428466797
8.820204485825064,61.9302978515625
9.536290312073799,57.3670539855957
13.343080193639508,41.524375915527344
13.554611145148197,40.723445892333984
17.275891565998577,32.00013732910156
12.884172986004982,42.586692810058594
40.55123785454813,27.287485122680664
14.918225731756412,37.517967224121094
28.794903441381447,28.461734771728516
49.332411358681725,26.715618133544922
12.669203419390055,43.35893249511719
12.34166144994392,44.52909851074219
14.927370163110552,37.189937591552734
16.686807361665757,33.17158889770508
10.836765839937975,50.889652252197266
9.826911082130549,56.24876403808594
10.056020665795142,54.681819915771484
13.964914224545343,39.7748908996582
16.51151588403785,33.808677673339844
9.118939287663029,59.869140625
11.420935354485318,48.94462585449219
15.986782224116176,35.771080017089844
10.30677996695377,53.03593444824219
21.384747311202915,29.96810531616211
16.536347043374732,33.75779342651367
8.799645840495506,62.36350631713867
10.621759542010016,52.10833740234375
29.83626399970043,28.27435302734375
12.651325902332884,43.9816780090332
8.578804777816886,69.36160278320312
101.98259439426278,25.10369873046875
76.15419156864465,25.707298278808594
64.78389448081948,25.91965675354004
8.736641504924613,68.27601623535156
82.99666902329936,25.54388427734375
8.775934392800423,63.79131317138672
98.74078580031926,25.204601287841797
93.10200493184875,25.253610610961914
38.99825561308754,27.625490188598633
85.40800222319791,25.377962112426758
90.3535283965744,25.285905838012695
42.17453648101963,27.018827438354492
34.43105624554475,27.687604904174805
56.07541489131998,26.280061721801758
60.15012647581349,26.122236251831055
52.21089865919053,26.492530822753906
64.21174532833365,26.016775131225586
59.719514204605645,26.17207908630371
45.84637690143963,26.79422378540039
56.155388788499394,26.23828887939453
10.280916007410735,53.734622955322266
11.420935354485318,48.94462585449219
49.77290106328036,26.543426513671875
12.34166144994392,44.52909851074219
10.056020665795142,54.681819915771484
25.939059433010712,28.88519859313965
47.61447919429933,26.73781967163086
13.343080193639508,41.524375915527344
12.005003968696554,46.59211730957031
101.54950611592092,25.16365623474121
13.554611145148197,40.723445892333984
28.403460572174378,28.53498649597168
15.988541895508583,34.77232360839844
32.78680620168338,27.874794006347656
12.884172986004982,42.586692810058594
16.686807361665757,33.17158889770508
16.95478304017397,32.5037841796875
22.17490094909721,29.918527603149414
9.079936573075104,61.28142166137695
9.121308363987918,59.85424041748047
9.419086033161433,58.60945129394531
11.856280441285293,47.60041809082031
23.543765072302698,29.550308227539062
10.02035072299304,55.261409759521484
12.646135140973223,43.41550827026367
10.796597482221108,51.49312973022461
29.83626399970043,28.27435302734375
12.191203965167137,45.58102035522461
40.55123785454813,27.287485122680664
13.075067966819661,42.094661712646484
10.621759542010016,52.10833740234375
11.451649876791837,48.2587890625
14.300873796920113,38.8109130859375
88.14791555708753,25.30539894104004
30.972879923262138,28.173202514648438
48.94144525523286,26.652021408081055
8.820204485825064,61.9302978515625
87.8388872904049,25.352994918823242
52.20385961118157,26.496503829956055
25.448161547792957,29.41307258605957
10.30677996695377,53.03593444824219
32.109650968186834,28.12795066833496
8.780330788184363,63.424041748046875
21.179595544524272,30.36151123046875
13.771665758537454,40.161224365234375
10.840306183133038,50.72218704223633
12.275344786465736,44.92345428466797
18.503833945226454,30.934925079345703
12.140647852912366,46.15424728393555
11.06735649287732,49.792755126953125
15.364685084277381,36.240421295166016
39.378471684682836,27.336618423461914
8.785605022420068,62.63267517089844
24.118591317978492,29.472593307495117
41.871105633318855,27.233867645263672
11.013527893016072,49.84492111206055
14.414816720547536,38.35723114013672
15.98682419388284,35.77105712890625
15.093766513930591,36.79848861694336
9.443053916780656,57.915870666503906
19.831278531263216,30.678386688232422
9.536290312073799,57.3670539855957
34.427446352114394,27.742536544799805
12.669203419390055,43.35893249511719
28.794903441381447,28.461734771728516
45.846458444181415,26.79392433166504
8.685123180269485,69.10209655761719
19.8302326451451,30.69551658630371
11.789836322254377,47.86648178100586
14.128692573132854,39.46931838989258
9.683988734897572,56.645111083984375
10.836765839937975,50.889652252197266
9.826911082130549,56.24876403808594
13.964914224545343,39.7748908996582
14.918225731756412,37.517967224121094
15.768105773624248,36.03657150268555
9.115663714046377,60.5889778137207
9.847487077921587,55.932472229003906
16.51151588403785,33.808677673339844
8.578804777816886,69.36160278320312
102.05427755644858,25.08356285095215
8.746989700779464,62.759132385253906
76.15419156864465,25.707298278808594
8.737356046853202,68.2060546875
65.90528333437021,25.875564575195312
98.74078580031926,25.204601287841797
77.02201817033071,25.6567325592041
82.13117877171595,25.563457489013672
93.85669768199196,25.239591598510742
64.21174532833365,26.016775131225586
38.99682655622034,27.646589279174805
15.988541895508583,34.77232360839844
34.43106463084099,27.68756675720215
9.419086033161433,58.60945129394531
56.07541489131998,26.280061721801758
52.21317845725924,26.491289138793945
60.15013856788895,26.122055053710938
9.054351226385247,61.1656608581543
42.17453648101963,27.018827438354492
45.84637690143963,26.79422378540039
16.51151588403785,33.808677673339844
14.84309939316369,37.27488327026367
21.179595544524272,30.36151123046875
85.40800222319791,25.377962112426758
14.414816720547536,38.35723114013672
10.621759542010016,52.10833740234375
57.163908809613524,26.182357788085938
49.73622435985185,26.50238609313965
100.2597356579164,25.144596099853516
8.820204485825064,61.9302978515625
12.005003968696554,46.59211730957031
10.280916007410735,53.734622955322266
26.45658019885388,28.8671817779541
16.686807361665757,33.17158889770508
59.719514204605645,26.17207908630371
12.884172986004982,42.586692810058594
25.09759827124385,29.26369857788086
18.503833945226454,30.934925079345703
9.121468171960124,59.84178924560547
9.536290312073799,57.3670539855957
22.17490094909721,29.918527603149414
15.98682419388284,35.77105712890625
11.451649876791837,48.2587890625
9.102017847470297,60.08845138549805
92.96686353315098,25.283658981323242
10.796597482221108,51.49312973022461
9.443053916780656,57.915870666503906
12.191203965167137,45.58102035522461
15.093766513930591,36.79848861694336
11.856280441285293,47.60041809082031
87.8388872904049,25.352994918823242
12.484812940450036,44.36212921142578
9.683988734897572,56.645111083984375
28.403460572174378,28.53498649597168
90.3535283965744,25.285905838012695
48.937251921959124,26.634103775024414
30.972879923262138,28.173202514648438
8.685123180269485,69.10209655761719
11.013527893016072,49.84492111206055
52.20385961118157,26.496503829956055
16.95478304017397,32.5037841796875
32.109650968186834,28.12795066833496
10.840306183133038,50.72218704223633
12.275344786465736,44.92345428466797
14.128692573132854,39.46931838989258
40.55123785454813,27.287485122680664
13.075067966819661,42.094661712646484
12.140647852912366,46.15424728393555
11.036836421471941,49.63261032104492
12.646135140973223,43.41550827026367
9.847487077921587,55.932472229003906
10.30677996695377,53.03593444824219
89.88080984686532,25.303688049316406
10.133786669522747,54.49982833862305
25.939059433010712,28.88519859313965
10.02035072299304,55.261409759521484
13.554611145148197,40.723445892333984
24.118591317978492,29.472593307495117
13.761440058813792,39.98865509033203
22.582139245614005,29.64286231994629
17.866911985988303,31.15497589111328
19.831278531263216,30.678386688232422
12.669203419390055,43.35893249511719
28.794903441381447,28.461734771728516
88.14791555708753,25.30539894104004
8.696355162794516,68.21617889404297
33.34349690199158,27.808902740478516
13.343080193639508,41.524375915527344
32.78680620168338,27.874794006347656
23.543765072302698,29.550308227539062
47.61447919429933,26.73781967163086
45.846458444181415,26.79392433166504
19.8302326451451,30.69551658630371
11.419971547131746,48.94554901123047
8.785605022420068,62.63267517089844
101.9048023245169,25.103843688964844
11.645525165758306,47.690757751464844
13.601067822551636,40.620723724365234
10.836765839937975,50.889652252197266
102.05431398046117,25.083036422729492
8.578804777816886,69.36160278320312
8.745194678998445,62.90361785888672
8.737356046853202,68.2060546875
66.16373427326289,25.86659049987793
76.15328458788427,25.708616256713867
82.13117877171595,25.563457489013672
15.093766513930591,36.79848861694336
42.17453648101963,27.018827438354492
85.40800222319791,25.377962112426758
77.02201817033071,25.6567325592041
38.99682655622034,27.646589279174805
15.98148286592951,34.78227996826172
93.85669768199196,25.239591598510742
98.74078580031926,25.204601287841797
60.15013856788895,26.122055053710938
34.431129061547416,27.687055587768555
9.40675810441153,57.96228790283203
64.21174532833365,26.016775131225586
9.218571875000375,59.84112548828125
45.84637690143963,26.79422378540039
14.128692573132854,39.46931838989258
30.972879923262138,28.173202514648438
40.55123785454813,27.287485122680664
53.35821338597078,26.44000244140625
10.30677996695377,53.03593444824219
10.621759542010016,52.10833740234375
12.484812940450036,44.36212921142578
49.73622435985185,26.50238609313965
92.96686353315098,25.283658981323242
47.61447919429933,26.73781967163086
9.847487077921587,55.932472229003906
13.343080193639508,41.524375915527344
28.794903441381447,28.461734771728516
11.419971547131746,48.94554901123047
10.280916007410735,53.734622955322266
100.2597356579164,25.144596099853516
90.3535283965744,25.285905838012695
56.03197010276451,26.435094833374023
13.761440058813792,39.98865509033203
12.275344786465736,44.92345428466797
14.414816720547536,38.35723114013672
9.054351226385247,61.1656608581543
12.191203965167137,45.58102035522461
14.439628785708246,38.29248046875
13.075067966819661,42.094661712646484
9.929248650305036,55.153865814208984
28.398234781134867,28.629301071166992
48.936511780284846,26.631359100341797
16.686807361665757,33.17158889770508
57.163908809613524,26.182357788085938
59.719514204605645,26.17207908630371
16.340284340203986,34.0327033996582
14.843068588495083,37.27564239501953
12.884172986004982,42.586692810058594
8.685123180269485,69.10209655761719
52.20385961118157,26.496503829956055
87.83645788570848,25.353788375854492
32.109650968186834,28.12795066833496
26.458321568637775,28.85900115966797
10.133786669522747,54.49982833862305
9.087738395204934,60.499847412109375
12.140647852912366,46.15424728393555
39.20336938241892,27.443124771118164
12.646135140973223,43.41550827026367
11.856280441285293,47.60041809082031
12.004995389845131,46.592124938964844
65.90528333437021,25.875564575195312
89.88080984686532,25.303688049316406
9.683988734897572,56.645111083984375
24.118591317978492,29.472593307495117
13.554611145148197,40.723445892333984
88.14791555708753,25.30539894104004
11.451649876791837,48.2587890625
10.852496727127512,50.4904899597168
20.418150317164137,30.4160099029541
21.179595544524272,30.36151123046875
64.21229404187041,26.015491485595703
8.696355162794516,68.21617889404297
15.988541895508583,34.77232360839844
22.007232390510463,30.21440315246582
11.036836421471941,49.63261032104492
11.013527893016072,49.84492111206055
32.78680620168338,27.874794006347656
23.543765072302698,29.550308227539062
45.846458444181415,26.79392433166504
101.9048023245169,25.103843688964844
12.82161899661173,43.178977966308594
8.941677161884144,61.752506256103516
19.50498624279397,30.823619842529297
8.785605022420068,62.63267517089844
17.01824255068466,32.38056182861328
24.900319827685816,29.156143188476562
13.601067822551636,40.620723724365234
16.95478304017397,32.5037841796875
10.836765839937975,50.889652252197266
9.673710645460831,56.89604568481445
98.82100091020921,25.147680282592773
17.301277366536034,31.817668914794922
10.116130775318886,54.78326416015625
8.578804777816886,69.36160278320312
102.05431398046117,25.083036422729492
8.745194678998445,62.90361785888672
8.737356046853202,68.2060546875
71.33810451807334,25.861766815185547
34.431129061547416,27.687055587768555
93.85669768199196,25.239591598510742
15.093766513930591,36.79848861694336
9.40675810441153,57.96228790283203
77.02201817033071,25.6567325592041
85.40800222319791,25.377962112426758
82.13117877171595,25.563457489013672
66.16373427326289,25.86659049987793
98.74078580031926,25.204601287841797
15.957124452866786,34.79193878173828
73.94724329128914,25.724767684936523
38.990363284533586,27.65156364440918
12.004995389845131,46.592124938964844
60.19156908959872,26.100317001342773
56.624560013010054,26.203941345214844
64.21174532833365,26.016775131225586
9.287132034289789,59.7041130065918
45.03067075684204,26.844919204711914
22.007232390510463,30.21440315246582
13.761440058813792,39.98865509033203
16.686807361665757,33.17158889770508
14.843068588495083,37.27564239501953
12.04602052427515,45.50605010986328
53.360557578825066,26.405197143554688
52.20385961118157,26.496503829956055
23.543765072302698,29.550308227539062
10.621759542010016,52.10833740234375
82.15337286744665,25.49884796142578
92.32103425998362,25.268831253051758
12.471396971269776,44.13480758666992
49.73622435985185,26.50238609313965
28.794903441381447,28.461734771728516
13.328542048746668,41.31609344482422
19.50498624279397,30.823619842529297
12.275344786465736,44.92345428466797
14.11347841248442,39.02489471435547
32.78680620168338,27.874794006347656
42.17453648101963,27.018827438354492
76.15328458788427,25.708616256713867
57.163908809613524,26.182357788085938
59.719514204605645,26.17207908630371
9.673710645460831,56.89604568481445
9.087738395204934,60.499847412109375
87.83645788570848,25.353788375854492
11.856280441285293,47.60041809082031
28.398234781134867,28.629301071166992
9.054351226385247,61.1656608581543
10.74931503319219,51.50754928588867
30.9630829660625,28.1811580657959
24.900319827685816,29.156143188476562
8.941677161884144,61.752506256103516
14.439628785708246,38.29248046875
20.418150317164137,30.4160099029541
8.77347945846283,62.324039459228516
26.458321568637775,28.85900115966797
8.685123180269485,69.10209655761719
90.3535283965744,25.285905838012695
16.340284340203986,34.0327033996582
18.406436601121083,31.047901153564453
32.109650968186834,28.12795066833496
26.772499743057704,28.834627151489258
12.646135140973223,43.41550827026367
10.30677996695377,53.03593444824219
9.929248650305036,55.153865814208984
11.036836421471941,49.63261032104492
40.55123785454813,27.287485122680664
89.88080984686532,25.303688049316406
42.17407794046477,27.025766372680664
88.14791555708753,25.30539894104004
65.90528333437021,25.875564575195312
21.179595544524272,30.36151123046875
16.95478304017397,32.5037841796875
64.21534557544807,25.95992660522461
12.82161899661173,43.178977966308594
8.696355162794516,68.21617889404297
13.075067966819661,42.094661712646484
47.61447919429933,26.73781967163086
16.15863955045098,34.107032775878906
101.9048023245169,25.103843688964844
45.846458444181415,26.79392433166504
9.218571875000375,59.84112548828125
11.419839528404964,48.94724655151367
11.523247704310444,47.72686004638672
10.141207650776405,54.38698959350586
13.601067822551636,40.620723724365234
13.554611145148197,40.723445892333984
100.26206723531641,25.140161514282227
9.856943394302274,55.769920349121094
14.396468111808405,38.744808197021484
9.683988734897572,56.645111083984375
98.82100091020921,25.147680282592773
24.118591317978492,29.472593307495117
15.988541895508583,34.77232360839844
12.884172986004982,42.586692810058594
10.116130775318886,54.78326416015625
102.05431398046117,25.083036422729492
8.578804777816886,69.36160278320312
8.745194678998445,62.90361785888672
8.737356046853202,68.2060546875
93.85669768199196,25.239591598510742
77.9021740226679,25.594541549682617
37.227549576033326,27.408218383789062
40.55123785454813,27.287485122680664
66.16373427326289,25.86659049987793
34.431129061547416,27.687055587768555
10.30677996695377,53.03593444824219
71.33807438594303,25.861778259277344
98.74078580031926,25.204601287841797
53.360557578825066,26.405197143554688
15.103418253845293,36.72069549560547
15.953593593241457,34.864646911621094
9.40675810441153,57.96228790283203
11.419839528404964,48.94724655151367
82.13117877171595,25.563457489013672
47.61447919429933,26.73781967163086
63.20275835113919,26.003572463989258
56.624560013010054,26.203941345214844
74.10424282426646,25.643524169921875
9.255604963931859,58.87895584106445
10.141207650776405,54.38698959350586
10.621759542010016,52.10833740234375
24.900319827685816,29.156143188476562
90.36306315608117,25.262786865234375
9.218571875000375,59.84112548828125
83.04492197851364,25.462068557739258
14.439628785708246,38.29248046875
9.856943394302274,55.769920349121094
16.95478304017397,32.5037841796875
11.523247704310444,47.72686004638672
32.78680620168338,27.874794006347656
60.19209446928617,26.09855842590332
100.26206723531641,25.140161514282227
57.163908809613524,26.182357788085938
10.950842214300936,50.12269592285156
13.075067966819661,42.094661712646484
10.761057196344577,50.99341583251953
9.666984805477789,56.7686653137207
64.21534557544807,25.95992660522461
11.036836421471941,49.63261032104492
71.43572353153803,25.817468643188477
87.78201415666507,25.35054588317871
45.846458444181415,26.79392433166504
28.398234781134867,28.629301071166992
12.471396971269776,44.13480758666992
73.94723776856846,25.724849700927734
30.904328160134035,28.20972442626953
59.719514204605645,26.17207908630371
28.79725906170464,28.42869758605957
49.72706103308399,26.535354614257812
85.40800222319791,25.377962112426758
49.73622435985185,26.50238609313965
26.458321568637775,28.85900115966797
12.884172986004982,42.586692810058594
8.655246664326901,68.75108337402344
14.824114101995807,37.286376953125
16.340284340203986,34.0327033996582
10.74931503319219,51.50754928588867
8.77347945846283,62.324039459228516
52.20385961118157,26.496503829956055
32.109650968186834,28.12795066833496
17.263775088731563,31.841449737548828
22.007232390510463,30.21440315246582
85.4171618183045,25.351694107055664
26.772499743057704,28.834627151489258
12.646135140973223,43.41550827026367
44.12596820969653,26.901832580566406
19.457374528319562,30.700422286987305
9.929248650305036,55.153865814208984
12.005112269562998,46.587371826171875
23.543765072302698,29.550308227539062
22.343107193429905,29.73663330078125
12.045755593943907,45.50626754760742
14.000908422081116,39.385108947753906
9.683988734897572,56.645111083984375
11.856578908131088,47.59484100341797
12.004995389845131,46.592124938964844
43.00461595387881,27.00603675842285
88.14791555708753,25.30539894104004
24.118591317978492,29.472593307495117
16.686807361665757,33.17158889770508
42.17390806472227,27.028282165527344
65.90528333437021,25.875564575195312
8.941677161884144,61.752506256103516
20.470069962711133,30.35858154296875
9.054351226385247,61.1656608581543
12.82161899661173,43.178977966308594
45.03067075684204,26.844919204711914
13.328542048746668,41.31609344482422
16.15863955045098,34.107032775878906
101.9048023245169,25.103843688964844
18.406436601121083,31.047901153564453
14.396468111808405,38.744808197021484
10.116130775318886,54.78326416015625
19.37159850002292,31.04361343383789
13.601067822551636,40.620723724365234
8.578804777816886,69.36160278320312
102.05431398046117,25.083036422729492
8.74500418408238,67.49850463867188
8.745194678998445,62.90361785888672
98.74078580031926,25.204601287841797
74.10424282426646,25.643524169921875
12.045755593943907,45.50626754760742
15.103418253845293,36.72069549560547
10.30677996695377,53.03593444824219
12.471396971269776,44.13480758666992
93.8639672034905,25.21966552734375
15.953593593241457,34.864646911621094
13.601067822551636,40.620723724365234
70.26154543128335,25.84328842163086
82.13117877171595,25.563457489013672
32.786806149710294,27.874794006347656
77.9021740226679,25.594541549682617
14.000908422081116,39.385108947753906
11.419839528404964,48.94724655151367
66.16381750815057,25.865413665771484
77.90212694571808,25.595211029052734
47.116613471363934,26.683650970458984
52.20385961118157,26.496503829956055
71.82516033487326,25.70406150817871
54.13010166076935,26.350669860839844
13.328542048746668,41.31609344482422
20.470069962711133,30.35858154296875
93.85619229140185,25.246889114379883
90.36311643360128,25.262039184570312
39.508407639153,27.347867965698242
83.04492197851364,25.462068557739258
14.439628785708246,38.29248046875
56.624560013010054,26.203941345214844
14.824114101995807,37.286376953125
8.77347945846283,62.324039459228516
37.22283556314267,27.485252380371094
34.443680274366045,27.637149810791016
59.719514204605645,26.17207908630371
8.886650466832753,61.435302734375
22.007232390510463,30.21440315246582
10.141207650776405,54.38698959350586
57.163908809613524,26.182357788085938
9.40675810441153,57.96228790283203
10.950842214300936,50.12269592285156
16.686807361665757,33.17158889770508
10.761057196344577,50.99341583251953
9.666984805477789,56.7686653137207
28.79725906170464,28.42869758605957
61.46118038296037,26.077152252197266
49.72706103308399,26.535354614257812
62.971835368144426,25.97092628479004
22.343107193429905,29.73663330078125
87.78201415666507,25.35054588317871
11.856578908131088,47.59484100341797
88.14791555708753,25.30539894104004
11.523247704310444,47.72686004638672
8.737356046853202,68.2060546875
30.933381434850354,28.08150863647461
19.457374528319562,30.700422286987305
30.682032272985815,28.26323699951172
49.73622435985185,26.50238609313965
85.40800222319791,25.377962112426758
16.340284340203986,34.0327033996582
17.700750346783806,31.319114685058594
37.227549576033326,27.408218383789062
85.4171618183045,25.351694107055664
12.884172986004982,42.586692810058594
16.95478304017397,32.5037841796875
12.646135140973223,43.41550827026367
44.12596820969653,26.901832580566406
9.929248650305036,55.153865814208984
12.005112269562998,46.587371826171875
8.655246664326901,68.75108337402344
90.36306315608117,25.262786865234375
9.218571875000375,59.84112548828125
9.255604963931859,58.87895584106445
12.004995389845131,46.592124938964844
10.621743814122924,52.10919189453125
53.360557578825066,26.405197143554688
43.00461595387881,27.00603675842285
25.808991617122786,28.927350997924805
41.71742376504994,27.11734390258789
34.431129061547416,27.687055587768555
9.124199685625266,60.35060501098633
16.15863955045098,34.107032775878906
9.683988734897572,56.645111083984375
27.85425923925932,28.725969314575195
17.263775088731563,31.841449737548828
12.82161899661173,43.178977966308594
9.793996229951293,55.84397888183594
60.19209446928617,26.09855842590332
13.075067966819661,42.094661712646484
101.9048023245169,25.103843688964844
100.26206723531641,25.140161514282227
9.404571644265596,58.1370964050293
65.2641493604854,25.895843505859375
45.03067075684204,26.844919204711914
24.900319827685816,29.156143188476562
70.49382605603245,25.739330291748047
11.039467820942898,49.487247467041016
102.05431398046117,25.083036422729492
8.578804777816886,69.36160278320312
8.745194678998445,62.90361785888672
8.74500418408238,67.49850463867188
83.04492197851364,25.462068557739258
74.10424282426646,25.643524169921875
62.971835368144426,25.97092628479004
78.10630701999148,25.543397903442383
10.30677996695377,53.03593444824219
24.900319827685816,29.156143188476562
66.16381750815057,25.865413665771484
39.508407639153,27.347867965698242
98.74078580031926,25.204601287841797
93.8639672034905,25.21966552734375
10.141207650776405,54.38698959350586
15.057679237907873,36.52516555786133
70.26154543128335,25.84328842163086
10.621743814122924,52.10919189453125
15.953593593241457,34.864646911621094
41.71742376504994,27.11734390258789
13.601067822551636,40.620723724365234
27.85425923925932,28.725969314575195
8.886650466832753,61.435302734375
11.977445043303549,46.587093353271484
77.90212694571808,25.595211029052734
25.808991617122786,28.927350997924805
28.79725906170464,28.42869758605957
9.255604963931859,58.87895584106445
22.344626149733564,29.710670471191406
9.124199685625266,60.35060501098633
60.123916267240695,26.0689697265625
93.85619229140185,25.246889114379883
90.36311643360128,25.262039184570312
51.071566241873946,26.435665130615234
9.929248650305036,55.153865814208984
65.2641493604854,25.895843505859375
9.793996229951293,55.84397888183594
56.624560013010054,26.203941345214844
12.471396971269776,44.13480758666992
12.045782582272356,45.505165100097656
11.523247704310444,47.72686004638672
11.419839528404964,48.94724655151367
37.22283556314267,27.485252380371094
32.786806149710294,27.874794006347656
14.439628785708246,38.29248046875
47.116613471363934,26.683650970458984
9.218571875000375,59.84112548828125
34.443680274366045,27.637149810791016
59.719514204605645,26.17207908630371
57.163908809613524,26.182357788085938
14.000908422081116,39.385108947753906
49.72706103308399,26.535354614257812
54.13010166076935,26.350669860839844
20.470069962711133,30.35858154296875
9.40675810441153,57.96228790283203
30.682032272985815,28.26323699951172
43.00461595387881,27.00603675842285
18.360341147327066,30.971113204956055
9.656357633893618,56.872718811035156
45.79634390690792,26.761329650878906
14.000942659949082,39.384132385253906
87.67983758676876,25.3303165435791
85.40800222319791,25.377962112426758
37.227549576033326,27.408218383789062
12.884172986004982,42.586692810058594
14.470875960756656,38.05976867675781
10.752992793168389,51.08858871459961
53.03796158311764,26.402074813842773
88.14791555708753,25.30539894104004
72.24998185674661,25.67730712890625
99.7894749007166,25.122812271118164
16.340284340203986,34.0327033996582
85.4171618183045,25.351694107055664
12.045755593943907,45.50626754760742
11.039467820942898,49.487247467041016
90.36306315608117,25.262786865234375
31.92760534011429,28.04840087890625
13.075067966819661,42.094661712646484
10.761057196344577,50.99341583251953
16.95478304017397,32.5037841796875
16.68371156682623,33.22968673706055
34.431129061547416,27.687055587768555
100.93925225157525,25.10834503173828
14.824114101995807,37.286376953125
9.404571644265596,58.1370964050293
9.683988734897572,56.645111083984375
10.950301511608146,50.130149841308594
12.82161899661173,43.178977966308594
8.776642436298385,62.07445526123047
22.007232390510463,30.21440315246582
13.214022128887782,41.670562744140625
71.82516033487326,25.70406150817871
70.49382605603245,25.739330291748047
17.263775088731563,31.841449737548828
11.88099362434001,47.292945861816406
44.321692344508726,26.82209014892578
8.737356046853202,68.2060546875
17.700750346783806,31.319114685058594
16.111381061674862,34.412445068359375
13.469484283514474,41.118186950683594
102.05419522298227,25.082956314086914
8.578804777816886,69.36160278320312
8.745194678998445,62.90361785888672
8.74500418408238,67.49850463867188
93.8639672034905,25.21966552734375
74.10424282426646,25.643524169921875
78.10630701999148,25.543397903442383
24.900319827685816,29.156143188476562
83.04473390542137,25.46477508544922
98.54734053563277,25.214990615844727
70.26154543128335,25.84328842163086
66.16381750815057,25.865413665771484
15.600218775212012,36.3720817565918
8.737356046853202,68.2060546875
20.470069962711133,30.35858154296875
54.13010166076935,26.350669860839844
11.51484911957375,47.68099594116211
30.682032272985815,28.26323699951172
77.61343996251976,25.608076095581055
22.344626149733564,29.710670471191406
25.808991617122786,28.927350997924805
62.971835368144426,25.97092628479004
9.255604963931859,58.87895584106445
12.82161899661173,43.178977966308594
10.113456874930012,54.167903900146484
90.74319112112956,25.228914260864258
15.907442874055736,34.964988708496094
41.71742376504994,27.11734390258789
8.886650466832753,61.435302734375
11.419839528404964,48.94724655151367
56.624560013010054,26.203941345214844
51.071566241873946,26.435665130615234
12.451748521673508,44.149864196777344
44.321692344508726,26.82209014892578
12.045782582272356,45.505165100097656
37.22283556314267,27.485252380371094
19.064160894989183,30.730955123901367
53.03796158311764,26.402074813842773
43.00461595387881,27.00603675842285
34.443680274366045,27.637149810791016
59.596180570649196,26.123207092285156
39.508407639153,27.347867965698242
45.79634390690792,26.761329650878906
22.007232390510463,30.21440315246582
16.340284340203986,34.0327033996582
32.786806149710294,27.874794006347656
60.123916267240695,26.0689697265625
13.839133138156987,39.81162643432617
9.218571875000375,59.84112548828125
16.95478304017397,32.5037841796875
9.124199685625266,60.35060501098633
49.59522005302376,26.54273796081543
87.67983758676876,25.3303165435791
88.14791555708753,25.30539894104004
14.439628785708246,38.29248046875
47.18788593984134,26.6728515625
11.88099362434001,47.292945861816406
14.08420306544629,39.2093620300293
39.74545229335652,27.134042739868164
65.2641493604854,25.895843505859375
16.68371156682623,33.22968673706055
15.057679237907873,36.52516555786133
85.40800222319791,25.377962112426758
10.30546355744198,53.110595703125
37.227549576033326,27.408218383789062
57.16399660516908,26.182077407836914
9.458153294931417,57.65727996826172
83.04492197851364,25.462068557739258
12.884172986004982,42.586692810058594
27.854256405700276,28.726144790649414
13.214022128887782,41.670562744140625
63.706268357357295,25.969066619873047
12.471396971269776,44.13480758666992
9.793996229951293,55.84397888183594
99.7894749007166,25.122812271118164
85.4171618183045,25.351694107055664
12.045755593943907,45.50626754760742
11.977979801932722,46.58662414550781
100.93925225157525,25.10834503173828
8.776642436298385,62.07445526123047
90.36306315608117,25.262786865234375
13.469484283514474,41.118186950683594
10.663558787275715,51.499568939208984
11.039467820942898,49.487247467041016
10.439338552798324,52.89400863647461
10.085969208121416,54.73081588745117
13.075067966819661,42.094661712646484
13.601067822551636,40.620723724365234
28.79793846736513,28.424089431762695
10.761057196344577,50.99341583251953
16.111381061674862,34.412445068359375
9.404571644265596,58.1370964050293
17.263775088731563,31.841449737548828
34.42592739590368,27.775644302368164
10.950301511608146,50.130149841308594
14.605435328471975,37.983009338378906
72.24998185674661,25.67730712890625
70.49382605603245,25.739330291748047
9.656357633893618,56.872718811035156
14.826012532653941,37.24005126953125
8.578804777816886,69.36160278320312
102.05419522298227,25.082956314086914
8.745194678998445,62.90361785888672
8.74500418408238,67.49850463867188
93.8639672034905,25.21966552734375
9.793996229951293,55.84397888183594
30.682032272985815,28.26323699951172
80.45601026826048,25.52345085144043
98.46746345908993,25.216440200805664
67.99544575752896,25.82567596435547
70.49382605603245,25.739330291748047
49.59522005302376,26.54273796081543
47.18788593984134,26.6728515625
77.61343996251976,25.608076095581055
8.737356046853202,68.2060546875
10.048847293375134,54.567073822021484
9.656357633893618,56.872718811035156
11.51484911957375,47.68099594116211
14.08420306544629,39.2093620300293
62.971835368144426,25.97092628479004
72.24998185674661,25.67730712890625
60.123916267240695,26.0689697265625
22.344626149733564,29.710670471191406
74.10675943500924,25.636037826538086
37.12177051728518,27.40275764465332
41.71742376504994,27.11734390258789
13.839133138156987,39.81162643432617
10.950301511608146,50.130149841308594
14.826012532653941,37.24005126953125
8.99062080620144,60.96650695800781
10.439338552798324,52.89400863647461
12.451748521673508,44.149864196777344
15.84621713027798,34.99608612060547
12.045782582272356,45.505165100097656
15.600218775212012,36.3720817565918
59.596180570649196,26.123207092285156
39.48013754538421,27.329696655273438
10.761057196344577,50.99341583251953
36.17040664725793,27.45924949645996
10.624850206190263,51.68533706665039
45.79634390690792,26.761329650878906
90.74319112112956,25.228914260864258
57.16399660516908,26.182077407836914
13.601067822551636,40.620723724365234
14.439628785708246,38.29248046875
78.10630701999148,25.543397903442383
10.30546355744198,53.110595703125
24.07998289860967,29.446781158447266
32.786806149710294,27.874794006347656
66.16381750815057,25.865413665771484
22.007232390510463,30.21440315246582
87.67983758676876,25.3303165435791
55.51694704875968,26.235862731933594
11.449619169765278,48.91432571411133
90.36306315608117,25.262786865234375
83.04473390542137,25.46477508544922
39.74545229335652,27.134042739868164
9.404571644265596,58.1370964050293
99.7894749007166,25.122812271118164
14.605435328471975,37.983009338378906
9.122664107932932,59.962921142578125
13.469484283514474,41.118186950683594
20.470069962711133,30.35858154296875
85.12401653698674,25.384042739868164
27.370842333003683,28.840845108032227
12.884172986004982,42.586692810058594
10.113497287291567,54.16552734375
9.218571875000375,59.84112548828125
16.111381061674862,34.412445068359375
8.776642436298385,62.07445526123047
28.79793846736513,28.424089431762695
85.4171618183045,25.351694107055664
12.63255698369208,44.012638092041016
11.990006183750692,46.57597351074219
12.045755593943907,45.50626754760742
88.14793005121449,25.30539321899414
17.629002557264585,31.263954162597656
83.04492197851364,25.462068557739258
13.075067966819661,42.094661712646484
9.255604963931859,58.87895584106445
19.064217449614343,30.73002815246582
34.443680274366045,27.637149810791016
27.854256405700276,28.726144790649414
100.93925225157525,25.10834503173828
16.340284340203986,34.0327033996582
16.63484026043793,33.69396209716797
52.3034781881966,26.409215927124023
12.82161899661173,43.178977966308594
34.42592739590368,27.775644302368164
74.04965403280272,25.660520553588867
9.505313525103427,57.53247833251953
32.800848068266994,27.861373901367188
18.02393913369516,31.080419540405273
54.13010166076935,26.350669860839844
20.563477252808408,30.219045639038086
16.68371156682623,33.22968673706055
16.865131936338415,32.9384765625
19.064160894989183,30.730955123901367
56.624560013010054,26.203941345214844
25.808991617122786,28.927350997924805
102.05180919223221,25.075469970703125
8.557745227397382,69.47172546386719
8.74500418408238,67.49850463867188
8.745194678998445,62.90361785888672
95.55829649010252,25.13509750366211
11.51484911957375,47.68099594116211
99.7894749007166,25.122812271118164
24.039582486352835,29.395423889160156
11.799034633242488,46.32064437866211
80.45601026826048,25.52345085144043
41.71742376504994,27.11734390258789
52.3034781881966,26.409215927124023
45.79634390690792,26.761329650878906
15.84621713027798,34.99608612060547
25.808991617122786,28.927350997924805
17.381408302160235,31.88810920715332
47.18788593984134,26.6728515625
67.99544575752896,25.82567596435547
39.74545229335652,27.134042739868164
8.776642436298385,62.07445526123047
11.449619169765278,48.91432571411133
62.971835368144426,25.97092628479004
28.79793846736513,28.424089431762695
14.08420306544629,39.2093620300293
22.344626149733564,29.710670471191406
72.24998185674661,25.67730712890625
74.10675943500924,25.636037826538086
10.950301511608146,50.130149841308594
66.16381750815057,25.865413665771484
15.600218775212012,36.3720817565918
90.74319112112956,25.228914260864258
77.61343918850022,25.60808753967285
9.255604963931859,58.87895584106445
16.865131936338415,32.9384765625
13.839133138156987,39.81162643432617
10.113497287291567,54.16552734375
12.448410654660533,44.24409484863281
12.82161899661173,43.178977966308594
59.596180570649196,26.123207092285156
60.123916267240695,26.0689697265625
37.948216044191575,27.31548309326172
36.15804059437785,27.429868698120117
93.86395176584463,25.219709396362305
9.404571644265596,58.1370964050293
12.045782582272356,45.505165100097656
11.102774125515024,49.377262115478516
62.571029381275515,26.01806640625
49.59522005302376,26.54273796081543
78.10630701999148,25.543397903442383
9.997247895084788,54.62581253051758
22.007232390510463,30.21440315246582
87.67983758676876,25.3303165435791
88.14793005121449,25.30539321899414
14.439628785708246,38.29248046875
9.79399950144127,55.843772888183594
90.36306315608117,25.262786865234375
83.04473390542137,25.46477508544922
49.594632125524036,26.54485321044922
70.23281625133991,25.746652603149414
85.4171618183045,25.351694107055664
16.111381061674862,34.412445068359375
10.44139511549787,52.427772521972656
8.610825723320305,68.47100067138672
32.61834006154779,28.008106231689453
30.682032272985815,28.26323699951172
18.02393913369516,31.080419540405273
57.16399660516908,26.182077407836914
85.12401653698674,25.384042739868164
8.984718259589966,61.077964782714844
30.91410914579371,28.21160316467285
34.443680274366045,27.637149810791016
13.333486717170974,41.529876708984375
10.30008333995797,53.117576599121094
100.93925225157525,25.10834503173828
17.629002557264585,31.263954162597656
27.854256405700276,28.726144790649414
9.034544457859655,60.74369430541992
83.05302604254872,25.440641403198242
13.601067822551636,40.620723724365234
54.13010166076935,26.350669860839844
20.46983455614517,30.35991668701172
19.064217449614343,30.73002815246582
8.578804777816886,69.36160278320312
34.42592739590368,27.775644302368164
12.63255698369208,44.012638092041016
9.738596770534846,56.10869598388672
9.237261165963707,59.738136291503906
16.304513065345432,33.94712829589844
13.075067966819661,42.094661712646484
10.787386060012375,50.96891784667969
41.611436236097624,27.127029418945312
14.605435328471975,37.983009338378906
12.045755593943907,45.50626754760742
14.826012532653941,37.24005126953125
14.863287120846902,36.93573760986328
74.04965403280272,25.660520553588867
15.568339487955244,36.579742431640625
66.33671846095189,25.842554092407227
13.469484283514474,41.118186950683594
16.63484026043793,33.69396209716797
102.05180919223221,25.075469970703125
8.526735869395798,69.03423309326172
8.74500418408238,67.49850463867188
8.745194678998445,62.90361785888672
10.767260421217102,50.87870407104492
11.51484911957375,47.68099594116211
10.44139511549787,52.427772521972656
54.13010166076935,26.350669860839844
79.07539474211457,25.503313064575195
93.80571452674323,25.19338607788086
45.79634390690792,26.761329650878906
41.721380466133894,27.102096557617188
25.808991617122786,28.927350997924805
9.43684045863572,57.81272506713867
72.24998185674661,25.67730712890625
69.55819659191546,25.724916458129883
9.738596770534846,56.10869598388672
12.82161899661173,43.178977966308594
99.78772468385196,25.127458572387695
95.56087056001502,25.134326934814453
75.58448747667036,25.604511260986328
83.04473390542137,25.46477508544922
27.854256405700276,28.726144790649414
10.30008333995797,53.117576599121094
13.075067966819661,42.094661712646484
60.123916267240695,26.0689697265625
28.79793846736513,28.424089431762695
78.10630701999148,25.543397903442383
12.448410654660533,44.24409484863281
8.936754925817255,60.91770553588867
90.74319112112956,25.228914260864258
10.950301511608146,50.130149841308594
15.600218775212012,36.3720817565918
20.46983455614517,30.35991668701172
10.113497287291567,54.16552734375
39.608563838797295,27.122787475585938
9.997247895084788,54.62581253051758
13.839133138156987,39.81162643432617
8.610825723320305,68.47100067138672
67.99544575752896,25.82567596435547
64.22623859854188,25.959590911865234
57.16399660516908,26.182077407836914
22.344626149733564,29.710670471191406
21.471645640752016,29.969209671020508
58.80238239005631,26.11157989501953
11.766215100461965,46.54949951171875
15.824874299970574,35.04429244995117
13.601067822551636,40.620723724365234
12.096097643660906,45.46458435058594
62.571029381275515,26.01806640625
52.29553638901032,26.528018951416016
8.776642436298385,62.07445526123047
17.381408302160235,31.88810920715332
87.67983758676876,25.3303165435791
9.909577879586763,55.708404541015625
9.011666588625356,60.49538803100586
24.227481885650263,29.257366180419922
16.885820240634153,32.641136169433594
49.59522005302376,26.54273796081543
37.948216044191575,27.31548309326172
16.111381061674862,34.412445068359375
11.450438372393352,48.90382385253906
48.96050144011162,26.562429428100586
12.63255698369208,44.012638092041016
14.605435328471975,37.983009338378906
34.42592739590368,27.775644302368164
14.439628785708246,38.29248046875
85.12401653698674,25.384042739868164
30.682032272985815,28.26323699951172
16.865131936338415,32.9384765625
14.826012532653941,37.24005126953125
13.333486717170974,41.529876708984375
16.63484026043793,33.69396209716797
47.18788593984134,26.6728515625
23.585860379024705,29.404306411743164
66.16381750815057,25.865413665771484
100.93925225157525,25.10834503173828
85.4171618183045,25.351694107055664
14.09314430098447,38.95616912841797
88.97437290533956,25.262859344482422
32.618370984194925,28.007633209228516
83.05302604254872,25.440641403198242
30.797502753993903,28.102283477783203
13.469484283514474,41.118186950683594
19.392433122331038,30.646717071533203
36.15804059437785,27.429868698120117
11.102774125515024,49.377262115478516
14.863287120846902,36.93573760986328
41.71742376504994,27.11734390258789
14.08420306544629,39.2093620300293
38.51716068614521,27.25351333618164
32.61834006154779,28.008106231689453
35.560041725516506,27.522600173950195
11.850646647101104,46.13078689575195
52.5116826490613,26.406211853027344
74.04965403280272,25.660520553588867
15.568339487955244,36.579742431640625
66.33671846095189,25.842554092407227
9.237261165963707,59.738136291503906
9.255604963931859,58.87895584106445
8.476079103322357,69.39041137695312
102.27025018167174,25.07251739501953
8.74500418408238,67.49850463867188
8.745194678998445,62.90361785888672
41.721380466133894,27.102096557617188
99.78772468385196,25.127458572387695
10.767260421217102,50.87870407104492
9.43684045863572,57.81272506713867
78.11720088041622,25.500045776367188
83.04473390542137,25.46477508544922
19.392433122331038,30.646717071533203
45.79606447557511,26.765413284301758
12.096097643660906,45.46458435058594
12.82161899661173,43.178977966308594
63.772622584989904,25.949703216552734
10.44139511549787,52.427772521972656
69.55819659191546,25.724916458129883
75.58448747667036,25.604511260986328
95.56087056001502,25.134326934814453
16.63484026043793,33.69396209716797
90.74319112112956,25.228914260864258
13.075067966819661,42.094661712646484
8.776642436298385,62.07445526123047
9.737778273157364,56.160728454589844
17.5144362718128,31.348617553710938
9.237261165963707,59.738136291503906
11.766215100461965,46.54949951171875
10.950301511608146,50.130149841308594
20.37757337961911,30.3128662109375
10.113497287291567,54.16552734375
74.04965403280272,25.660520553588867
67.99544575752896,25.82567596435547
13.839133138156987,39.81162643432617
9.997247895084788,54.62581253051758
8.610825723320305,68.47100067138672
49.59522005302376,26.54273796081543
9.909577879586763,55.708404541015625
15.600218775212012,36.3720817565918
11.188267870217956,48.90611267089844
22.344626149733564,29.710670471191406
88.97437290533956,25.262859344482422
21.471645640752016,29.969209671020508
10.30008333995797,53.117576599121094
52.29553638901032,26.528018951416016
55.121380431641995,26.26177978515625
13.601067822551636,40.620723724365234
93.06036108014449,25.227073669433594
15.738696287291878,35.238800048828125
11.51484911957375,47.68099594116211
34.42592739590368,27.775644302368164
12.448410654660533,44.24409484863281
17.313110102319026,31.83743667602539
9.255604963931859,58.87895584106445
23.585860379024705,29.404306411743164
11.102774125515024,49.377262115478516
36.15669762109546,27.418792724609375
62.02036487373805,25.987445831298828
72.00446365227955,25.686031341552734
27.028136372080056,28.679170608520508
78.10630701999148,25.543397903442383
16.111381061674862,34.412445068359375
8.936754925817255,60.91770553588867
37.948216044191575,27.31548309326172
9.011666588625356,60.49538803100586
85.4171618183045,25.351694107055664
11.850646647101104,46.13078689575195
14.605435328471975,37.983009338378906
12.63255698369208,44.012638092041016
11.443888997589614,47.96833038330078
14.439628785708246,38.29248046875
66.1630347611032,25.865867614746094
85.12401653698674,25.384042739868164
60.123916267240695,26.0689697265625
16.769266794447283,32.73821258544922
14.826012532653941,37.24005126953125
30.797502753993903,28.102283477783203
16.885820240634153,32.641136169433594
9.352334997406382,58.43867492675781
100.93925225157525,25.10834503173828
87.67983634448778,25.330333709716797
32.83556169387198,27.90614128112793
14.09314430098447,38.95616912841797
24.685517369409716,29.174846649169922
83.05302604254872,25.440641403198242
28.839440223891483,28.380104064941406
57.11057324690057,26.258623123168945
52.5116826490613,26.406211853027344
40.24028702077313,27.112104415893555
13.469484283514474,41.118186950683594
72.24998185674661,25.67730712890625
30.682032272985815,28.26323699951172
8.526735869395798,69.03423309326172
61.1786525344891,26.046024322509766
38.51716068614521,27.25351333618164
14.08420306544629,39.2093620300293
39.608563838797295,27.122787475585938
32.61834006154779,28.008106231689453
57.16399659815812,26.182077407836914
47.18788593984134,26.6728515625
48.40891700698065,26.60457420349121
8.476079103322357,69.39041137695312
102.27025018167174,25.07251739501953
8.74500418408238,67.49850463867188
8.745194678998445,62.90361785888672
27.028136372080056,28.679170608520508
41.721380466133894,27.102096557617188
57.16399659815812,26.182077407836914
99.78772468385196,25.127458572387695
79.68773023545754,25.490360260009766
91.2220662869371,25.218753814697266
24.685517369409716,29.174846649169922
45.2610919799807,26.798185348510742
15.738696287291878,35.238800048828125
95.53162876700009,25.143314361572266
36.15669762109546,27.418792724609375
95.89281701690082,25.128177642822266
14.826012532653941,37.24005126953125
16.111381061674862,34.412445068359375
60.123916267240695,26.0689697265625
75.58448747667036,25.604511260986328
34.42592739590368,27.775644302368164
9.737778273157364,56.160728454589844
66.1630347611032,25.865867614746094
9.482022027636738,57.765995025634766
13.469484283514474,41.118186950683594
86.3567612873466,25.29384994506836
67.99544575752896,25.82567596435547
9.237261165963707,59.738136291503906
10.668444548108008,51.6296272277832
74.04965403280272,25.660520553588867
19.219713865711388,30.61556053161621
83.04473390542137,25.46477508544922
10.113497287291567,54.16552734375
10.767260421217102,50.87870407104492
52.5116826490613,26.406211853027344
17.73989928048741,31.258392333984375
11.51484911957375,47.68099594116211
13.581822249256728,40.5546875
55.121380431641995,26.26177978515625
12.226395651099597,44.843109130859375
9.255604963931859,58.87895584106445
15.600218775212012,36.3720817565918
9.011666588625356,60.49538803100586
47.18788593984134,26.6728515625
11.405764599926016,47.91093063354492
77.67350814349201,25.511451721191406
52.23490889153381,26.53520393371582
37.948216044191575,27.31548309326172
13.075067966819661,42.094661712646484
8.936754925817255,60.91770553588867
88.97161482804597,25.27061653137207
48.246837138126615,26.589454650878906
49.59522005302376,26.54273796081543
11.766188997056567,46.54981231689453
14.605435328471975,37.983009338378906
15.534512652140151,36.49524688720703
14.439628785708246,38.29248046875
64.40363820700556,25.929195404052734
85.12401653698674,25.384042739868164
30.682032272985815,28.26323699951172
22.344626149733564,29.710670471191406
70.75349038460631,25.689517974853516
12.63255698369208,44.012638092041016
16.769266794447283,32.73821258544922
30.797502753993903,28.102283477783203
32.61834006154779,28.008106231689453
28.83943755628137,28.380146026611328
63.772622584989904,25.949703216552734
10.300052178743247,53.117610931396484
9.97221252199393,55.44684600830078
8.776642436298385,62.07445526123047
8.610825723320305,68.47100067138672
11.28219692674236,48.88496780395508
13.046534944155805,42.19749450683594
14.09314430098447,38.95616912841797
12.839869486184645,43.080474853515625
83.05302604254872,25.440641403198242
55.124138534708756,26.252235412597656
13.839133138156987,39.81162643432617
16.63484026043793,33.69396209716797
40.24028702077313,27.112104415893555
11.102774125515024,49.377262115478516
72.24998185674661,25.67730712890625
28.839440223891483,28.380104064941406
11.850646647101104,46.13078689575195
38.51716068614521,27.25351333618164
78.11720088041622,25.500045776367188
16.61131687862177,33.73380661010742
8.848094706792029,61.6901741027832
39.608563838797295,27.122787475585938
10.950301511608146,50.130149841308594
12.096097643660906,45.46458435058594
100.93925225157525,25.10834503173828
12.82161899661173,43.178977966308594
10.44139511549787,52.427772521972656
8.512588046066762,68.93743896484375
23.585860379024705,29.404306411743164
17.17959412405825,32.020416259765625
33.16296000865664,27.863737106323242
88.97437290533956,25.262859344482422
8.476079103322357,69.39041137695312
101.18656574899617,25.057844161987305
8.74500418408238,67.49850463867188
8.745194678998445,62.90361785888672
60.123916267240695,26.0689697265625
22.344626149733564,29.710670471191406
91.22202358153197,25.21869659423828
19.219713865711388,30.61556053161621
45.2610919799807,26.798185348510742
9.482022027636738,57.765995025634766
41.71448706581401,27.017059326171875
99.63758638928309,25.080427169799805
10.113497287291567,54.16552734375
79.68773023545754,25.490360260009766
67.97799099839199,25.7686824798584
9.97221252199393,55.44684600830078
63.772622584989904,25.949703216552734
95.5295920481398,25.172529220581055
70.75349038460631,25.689517974853516
57.16399659815812,26.182077407836914
86.3567612873466,25.29384994506836
17.17959412405825,32.020416259765625
13.43861955732683,40.980690002441406
95.89283299348709,25.127952575683594
14.09314430098447,38.95616912841797
9.737778273157364,56.160728454589844
10.668444548108008,51.6296272277832
10.950301511608146,50.130149841308594
23.585860379024705,29.404306411743164
13.839133138156987,39.81162643432617
10.767260421217102,50.87870407104492
83.04473390542137,25.46477508544922
72.24998185674661,25.67730712890625
26.747273407552754,28.729597091674805
10.44139511549787,52.427772521972656
8.610825723320305,68.47100067138672
51.48585675485411,26.489545822143555
12.226395651099597,44.843109130859375
15.738696287291878,35.238800048828125
24.70799170665399,29.154584884643555
52.91159729793508,26.386837005615234
13.579673984699125,40.359989166259766
15.600218775212012,36.3720817565918
17.73989928048741,31.258392333984375
37.948216044191575,27.31548309326172
13.245732023918194,42.06208419799805
48.246837138126615,26.589454650878906
88.97159885270744,25.270841598510742
8.776642436298385,62.07445526123047
11.593931109459124,47.15393829345703
15.534512652140151,36.49524688720703
14.605435328471975,37.983009338378906
10.300052178743247,53.117610931396484
8.848094706792029,61.6901741027832
9.25563622886998,58.87675857543945
74.04965403280272,25.660520553588867
30.682032272985815,28.26323699951172
55.121380431641995,26.26177978515625
36.156325761257534,27.421972274780273
34.42592739590368,27.775644302368164
30.797502753993903,28.102283477783203
27.344719124520584,28.61276626586914
11.766188997056567,46.54981231689453
77.67350814349201,25.511451721191406
88.97437290533956,25.262859344482422
40.24028702077313,27.112104415893555
33.16296000865664,27.863737106323242
75.58448747667036,25.604511260986328
14.826039196121279,37.24003601074219
11.28219692674236,48.88496780395508
16.63484026043793,33.69396209716797
83.18908317317852,25.427846908569336
47.18523412538318,26.67452049255371
56.200684183485805,26.220808029174805
66.1630347611032,25.865867614746094
11.405570514089248,47.91341018676758
18.3447321612944,30.963397979736328
12.918588112536382,43.0496711730957
12.82161899661173,43.178977966308594
13.017791718042597,42.13469696044922
16.769266794447283,32.73821258544922
12.63255698369208,44.012638092041016
28.839440223891483,28.380104064941406
38.51716068614521,27.25351333618164
85.12401653698674,25.384042739868164
16.111381061674862,34.412445068359375
16.61131687862177,33.73380661010742
39.608563838797295,27.122787475585938
32.61834006154779,28.008106231689453
36.15669762109546,27.418792724609375
49.59522005302376,26.54273796081543
15.855922814324924,34.98064422607422
28.83943755628137,28.380146026611328
9.237261165963707,59.738136291503906
12.096097643660906,45.46458435058594
12.633067675167894,44.01225280761719
16.773984779663,32.732948303222656
66.0818051496312,25.901594161987305
64.40363820700556,25.929195404052734
9.238316649715177,59.660980224609375
8.476079103322357,69.39041137695312
101.18656574899617,25.057844161987305
8.74500418408238,67.49850463867188
8.745194678998445,62.90361785888672
91.22202358153197,25.21869659423828
86.3567612873466,25.29384994506836
10.113497287291567,54.16552734375
21.206307648084014,29.956186294555664
9.737778273157364,56.160728454589844
41.71448706581401,27.017059326171875
63.772622584989904,25.949703216552734
8.98101999226155,61.28511047363281
70.75349038460631,25.689517974853516
83.18908317317852,25.427846908569336
95.52953190535933,25.17338752746582
24.70799170665399,29.154584884643555
9.25563622886998,58.87675857543945
10.950301511608146,50.130149841308594
52.91159729793508,26.386837005615234
45.258057518388014,26.84056854248047
11.405570514089248,47.91341018676758
60.123916267240695,26.0689697265625
10.300052178743247,53.117610931396484
96.08730677014827,25.123241424560547
26.747273407552754,28.729597091674805
9.237261165963707,59.738136291503906
51.48585675485411,26.489545822143555
99.63751848291382,25.09440040588379
55.121380431641995,26.26177978515625
79.69707082218608,25.46270179748535
9.485978851133892,57.50270080566406
14.826039196121279,37.24003601074219
10.668444548108008,51.6296272277832
12.096097643660906,45.46458435058594
22.344626149733564,29.710670471191406
57.16399659815812,26.182077407836914
74.04965403280272,25.660520553588867
83.9163950992808,25.36941909790039
72.24998185674661,25.67730712890625
19.323845820074194,30.57951545715332
75.58448747667036,25.604511260986328
9.482022027636738,57.765995025634766
49.59522005302376,26.54273796081543
59.47035971836986,26.11271095275879
67.97799099839199,25.7686824798584
14.605435328471975,37.983009338378906
11.282164891635814,48.88644027709961
32.61834006154779,28.008106231689453
13.579673984699125,40.359989166259766
13.245732023918194,42.06208419799805
16.111381061674862,34.412445068359375
9.979598592235014,55.3260612487793
88.96502711416565,25.289113998413086
77.67350814349201,25.511451721191406
11.771064960885354,46.34623336791992
15.534512652140151,36.49524688720703
14.093346107571758,38.95071029663086
30.682032272985815,28.26323699951172
15.600218775212012,36.3720817565918
15.738696287291878,35.238800048828125
34.61188482305255,27.741321563720703
30.797502753993903,28.102283477783203
13.43861955732683,40.980690002441406
27.344719124520584,28.61276626586914
64.40363820700556,25.929195404052734
13.017791718042597,42.13469696044922
12.918588112536382,43.0496711730957
88.97437290533956,25.262859344482422
12.82161899661173,43.178977966308594
33.16296000865664,27.863737106323242
76.97300028562977,25.57097625732422
16.63484026043793,33.69396209716797
36.156325761257534,27.421972274780273
56.200684183485805,26.220808029174805
12.226395651099597,44.843109130859375
46.0006242710148,26.675628662109375
8.610825723320305,68.47100067138672
11.28219692674236,48.88496780395508
16.769266794447283,32.73821258544922
12.63255698369208,44.012638092041016
66.1630347611032,25.865867614746094
15.855922814324924,34.98064422607422
28.839440223891483,28.380104064941406
79.44882894719184,25.499065399169922
8.610815740319904,68.47190856933594
14.09314430098447,38.95616912841797
38.51716068614521,27.25351333618164
13.839133138156987,39.81162643432617
37.948216044191575,27.31548309326172
39.608563838797295,27.122787475585938
67.9763192984219,25.798839569091797
36.15669762109546,27.418792724609375
17.17959412405825,32.020416259765625
28.545503010372865,28.426725387573242
12.633067675167894,44.01225280761719
16.517787894824195,33.95063400268555
23.585860379024705,29.404306411743164
10.441778253768227,52.42668151855469
17.119661191663567,32.43772506713867
66.0818051496312,25.901594161987305
101.18656574899617,25.057844161987305
8.476079103322357,69.39041137695312
8.745194678998445,62.90361785888672
8.74500418408238,67.49850463867188
91.2083266182162,25.21590232849121
41.71448706581401,27.017059326171875
49.59522005302376,26.54273796081543
11.771064960885354,46.34623336791992
11.405570514089248,47.91341018676758
99.63751848291382,25.09440040588379
95.52953190535933,25.17338752746582
67.97434012241779,25.765335083007812
45.258057518388014,26.84056854248047
9.979598592235014,55.3260612487793
10.0898778698679,54.029415130615234
83.18908317317852,25.427846908569336
60.123916267240695,26.0689697265625
12.819991382989167,42.93740463256836
14.605435328471975,37.983009338378906
96.08730677014827,25.123241424560547
9.737778273157364,56.160728454589844
8.891232898054648,61.723575592041016
46.0006242710148,26.675628662109375
63.561476683108445,25.999921798706055
13.43861955732683,40.980690002441406
9.237261165963707,59.738136291503906
86.3567612873466,25.29384994506836
26.74549866577477,28.728673934936523
8.605661797407583,68.43041229248047
39.608563838797295,27.122787475585938
16.769266794447283,32.73821258544922
79.69707082218608,25.46270179748535
24.70799170665399,29.154584884643555
10.67157830390315,51.466163635253906
72.24998185674661,25.67730712890625
10.950301511608146,50.130149841308594
15.738696287291878,35.238800048828125
12.096097643660906,45.46458435058594
9.547648001807904,57.14273452758789
9.03517620842472,60.632545471191406
23.585860379024705,29.404306411743164
70.70683951037516,25.727014541625977
10.958798691608623,50.01309585571289
21.15147140751396,30.3372859954834
30.797502753993903,28.102283477783203
32.61834006154779,28.008106231689453
13.245732023918194,42.06208419799805
15.600218775212012,36.3720817565918
16.63484026043793,33.69396209716797
18.07839362306463,31.190265655517578
10.441778253768227,52.42668151855469
9.25563622886998,58.87675857543945
37.948216044191575,27.31548309326172
11.282164891635814,48.88644027709961
88.96502711416565,25.289113998413086
12.226395651099597,44.843109130859375
57.16399659815812,26.182077407836914
77.67350814349201,25.511451721191406
85.33481808121853,25.36292839050293
19.323845820074194,30.57951545715332
9.289433669696141,58.46831512451172
14.093346107571758,38.95071029663086
13.579673984699125,40.359989166259766
66.0818051496312,25.901594161987305
58.641098393349765,26.123973846435547
12.633067675167894,44.01225280761719
27.344719124520584,28.61276626586914
54.61006997678311,26.249921798706055
8.948999497345701,61.04212951660156
63.774269463910336,25.925905227661133
88.97437290533956,25.262859344482422
13.839133138156987,39.81162643432617
34.60370463387704,27.61058235168457
19.326586125678418,30.563385009765625
83.9163950992808,25.36941909790039
33.16296000865664,27.863737106323242
13.017791718042597,42.13469696044922
30.120976991478337,28.19664764404297
10.668444548108008,51.6296272277832
9.482022027636738,57.765995025634766
66.1630347611032,25.865867614746094
11.28219692674236,48.88496780395508
12.63255698369208,44.012638092041016
8.478730659710251,69.14781188964844
56.200684183485805,26.220808029174805
79.44882894719184,25.499065399169922
38.51716068614521,27.25351333618164
14.09314430098447,38.95616912841797
36.15669762109546,27.418792724609375
51.48585675485411,26.489545822143555
28.545503010372865,28.426725387573242
34.36761049362096,27.763652801513672
52.94813674778714,26.346542358398438
36.1510687869439,27.499858856201172
17.099484340780535,32.15937042236328
16.517787894824195,33.95063400268555
14.826039196121279,37.24003601074219
22.344688760836494,29.71001625061035
10.27253023199938,53.26845932006836
21.206307648084014,29.956186294555664
8.47320996202979,69.4571533203125
101.44728764119897,25.053266525268555
8.744053888652719,62.859031677246094
8.618327693146282,68.28186798095703
15.734574738674825,34.974395751953125
11.405570514089248,47.91341018676758
15.600218775212012,36.3720817565918
46.0006242710148,26.675628662109375
76.59088095858479,25.551183700561523
60.123916267240695,26.0689697265625
43.50138146782717,26.814794540405273
72.24998185674661,25.67730712890625
41.71448706581401,27.017059326171875
24.680272647362237,29.129106521606445
91.2083266182162,25.21590232849121
95.52953190535933,25.17338752746582
99.63751848291382,25.09440040588379
14.826039196121279,37.24003601074219
14.605435328471975,37.983009338378906
96.08730677014827,25.123241424560547
83.18908317317852,25.427846908569336
70.70683951037516,25.727014541625977
13.43861955732683,40.980690002441406
79.69707082218608,25.46270179748535
9.979598592235014,55.3260612487793
11.771064960885354,46.34623336791992
86.3567612873466,25.29384994506836
48.441442935601266,26.538074493408203
63.55818377946765,26.01068687438965
16.312686421848078,33.878875732421875
23.585860379024705,29.404306411743164
16.769266794447283,32.73821258544922
22.344688760836494,29.71001625061035
28.545503010372865,28.426725387573242
54.61006997678311,26.249921798706055
58.641098393349765,26.123973846435547
21.15147140751396,30.3372859954834
49.4457067188029,26.5323543548584
51.48585675485411,26.489545822143555
10.853626872278687,50.65032196044922
13.80091555508883,39.7574462890625
13.579673984699125,40.359989166259766
26.743703320197405,28.748842239379883
30.797502753993903,28.102283477783203
32.61834006154779,28.008106231689453
13.245732023918194,42.06208419799805
10.27253023199938,53.26845932006836
67.97434012241779,25.765335083007812
10.028075396632664,54.457740783691406
63.5673081200905,25.91856575012207
9.255623685730441,58.876338958740234
66.0818051496312,25.901594161987305
56.200684183485805,26.220808029174805
88.96502711416565,25.289113998413086
11.230884675435979,49.093421936035156
52.94813674778714,26.346542358398438
9.237261165963707,59.738136291503906
85.33481808121853,25.36292839050293
8.77211511753926,62.442222595214844
9.289433669696141,58.46831512451172
14.093346107571758,38.95071029663086
8.843040643821748,61.675724029541016
21.206307648084014,29.956186294555664
10.958798691608623,50.01309585571289
12.819782289600303,42.94455337524414
27.344719124520584,28.61276626586914
12.633067675167894,44.01225280761719
88.97437290533956,25.262859344482422
34.60370463387704,27.61058235168457
91.1809473044663,25.22452735900879
39.608563838797295,27.122787475585938
19.32661572141916,30.562917709350586
77.67350814349201,25.511451721191406
13.017791718042597,42.13469696044922
9.026490635915877,60.29180908203125
8.948999497345701,61.04212951660156
36.15669762109546,27.418792724609375
66.1630347611032,25.865867614746094
11.28219692674236,48.88496780395508
9.573487447518184,57.05426788330078
12.367371210271118,44.462013244628906
10.668444548108008,51.6296272277832
8.478730659710251,69.14781188964844
16.644167938744463,33.630794525146484
79.44882894719184,25.499065399169922
17.099484340780535,32.15937042236328
9.482022027636738,57.765995025634766
30.081373321811476,28.237327575683594
38.51716068614521,27.25351333618164
9.709932894094784,56.194095611572266
67.97431050314695,25.7657470703125
37.948216044191575,27.31548309326172
33.16296000865664,27.863737106323242
9.737883675838006,56.158935546875
12.096097643660906,45.46458435058594
11.942590808126164,46.044132232666016
14.064319465552222,39.173133850097656
36.1510687869439,27.499858856201172
8.605661797407583,68.43041229248047
18.305881649585128,30.984594345092773
8.445040575648958,69.72488403320312
101.44728764119897,25.053266525268555
8.744053888652719,62.859031677246094
8.622604315601908,68.19065856933594
10.27253023199938,53.26845932006836
10.668444548108008,51.6296272277832
15.600218775212012,36.3720817565918
46.0006242710148,26.675628662109375
72.24998185674661,25.67730712890625
83.18908317317852,25.427846908569336
75.79007648293546,25.592269897460938
70.70683951037516,25.727014541625977
93.11715936474614,25.181167602539062
12.819782289600303,42.94455337524414
96.08730677014827,25.123241424560547
10.028075396632664,54.457740783691406
48.441442935601266,26.538074493408203
12.096097643660906,45.46458435058594
39.608563838797295,27.122787475585938
12.633067675167894,44.01225280761719
99.63701535694594,25.09585189819336
14.824394853223769,37.23886489868164
16.769266794447283,32.73821258544922
10.958798691608623,50.01309585571289
11.757234363107642,46.5134162902832
80.35207922138127,25.44851303100586
12.367371210271118,44.462013244628906
61.04986633477294,26.03346061706543
23.585860379024705,29.404306411743164
9.573487447518184,57.05426788330078
85.33481808121853,25.36292839050293
51.48585675485411,26.489545822143555
11.40772113740654,47.88593673706055
54.61006997678311,26.249921798706055
17.099484340780535,32.15937042236328
9.482022027636738,57.765995025634766
9.224744367357244,59.3160400390625
86.3567612873466,25.29384994506836
15.734570322261272,34.9744873046875
22.344688760836494,29.71001625061035
20.88067764613249,30.4399471282959
88.97437290533956,25.262859344482422
77.67350814349201,25.511451721191406
13.80091555508883,39.7574462890625
9.026490635915877,60.29180908203125
16.263832725464493,33.94330596923828
16.40097632973935,33.54705047607422
43.50138146782717,26.814794540405273
67.97434012241779,25.765335083007812
13.245732023918194,42.06208419799805
63.55818377946765,26.01068687438965
63.5673081200905,25.91856575012207
66.0818051496312,25.901594161987305
37.948216044191575,27.31548309326172
88.2862138857416,25.27585220336914
15.734574738674825,34.974395751953125
11.119697689611645,49.04969787597656
26.743703320197405,28.748842239379883
11.28219692674236,48.88496780395508
56.4260136854185,26.211620330810547
24.961816624031236,29.069110870361328
95.52953190535933,25.17338752746582
13.401561830788971,40.98701095581055
8.948999497345701,61.04212951660156
19.32661572141916,30.562917709350586
58.64045328600889,26.126148223876953
41.65169442682611,27.02048683166504
8.843040643821748,61.675724029541016
91.17997690478153,25.227224349975586
8.478730659710251,69.14781188964844
27.344719124520584,28.61276626586914
13.017791718042597,42.13469696044922
41.71448706581401,27.017059326171875
10.853626872278687,50.65032196044922
43.49808302981065,26.827272415161133
11.405570514089248,47.91341018676758
36.15669762109546,27.418792724609375
14.605435328471975,37.983009338378906
11.942590808126164,46.044132232666016
49.85862002967082,26.49765396118164
79.44882894719184,25.499065399169922
38.51716068614521,27.25351333618164
76.59088095858479,25.551183700561523
9.709932894094784,56.194095611572266
91.2083266182162,25.21590232849121
32.615265029360366,28.057329177856445
9.979598592235014,55.3260612487793
9.895549369020406,55.90607452392578
14.064319465552222,39.173133850097656
14.26224240576375,38.50122833251953
33.50864825098245,27.715967178344727
30.797502753993903,28.102283477783203
8.605661797407583,68.43041229248047
29.846847223822525,28.272281646728516
24.680272647362237,29.129106521606445
56.200684183485805,26.220808029174805
101.41614883036354,25.061647415161133
17.776966363986528,31.14103126525879
36.1510687869439,27.499858856201172
53.13659576011423,26.312589645385742
101.44728764119897,25.053266525268555
8.41679386785783,70.35750579833984
8.744053888652719,62.859031677246094
8.622604315601908,68.19065856933594
58.64045328600889,26.126148223876953
10.27253023199938,53.26845932006836
46.0006242710148,26.675628662109375
99.63701535694594,25.09585189819336
72.24998185674661,25.67730712890625
83.18908317317852,25.427846908569336
20.88067764613249,30.4399471282959
93.11715936474614,25.181167602539062
10.668444548108008,51.6296272277832
91.02753784777532,25.182083129882812
54.65915661558621,26.20005226135254
15.600218775212012,36.3720817565918
96.08730677014827,25.123241424560547
66.0818051496312,25.901594161987305
27.344719124520584,28.61276626586914
13.80091555508883,39.7574462890625
80.35207922138127,25.44851303100586
9.482022027636738,57.765995025634766
9.224744367357244,59.3160400390625
75.78519775899687,25.661880493164062
51.48585675485411,26.489545822143555
53.13659576011423,26.312589645385742
16.769266794447283,32.73821258544922
29.846847223822525,28.272281646728516
32.615265029360366,28.057329177856445
26.743703320197405,28.748842239379883
36.1510687869439,27.499858856201172
14.605435328471975,37.983009338378906
17.099484340780535,32.15937042236328
10.028075396632664,54.457740783691406
33.50864825098245,27.715967178344727
95.52953190535933,25.17338752746582
85.33481808121853,25.36292839050293
14.824394853223769,37.23886489868164
23.585860379024705,29.404306411743164
48.441442935601266,26.538074493408203
15.734566871071694,34.97439956665039
22.18603991572194,29.72132110595703
30.797502753993903,28.102283477783203
88.97437290533956,25.262859344482422
13.445771681254225,40.82426452636719
10.853626872278687,50.65032196044922
77.67350814349201,25.511451721191406
49.85862002967082,26.49765396118164
24.961816624031236,29.069110870361328
8.478730659710251,69.14781188964844
43.50138146782717,26.814794540405273
68.99433133817794,25.733327865600586
16.39204565335276,33.532447814941406
14.064319465552222,39.173133850097656
63.5673081200905,25.91856575012207
13.401561830788971,40.98701095581055
13.245732023918194,42.06208419799805
19.32661572141916,30.562917709350586
63.55818377946765,26.01068687438965
37.948216044191575,27.31548309326172
88.2862138857416,25.27585220336914
9.709932894094784,56.194095611572266
61.04986633477294,26.03346061706543
9.979598592235014,55.3260612487793
15.752898216205768,34.72654342651367
14.988090161387532,36.69375991821289
61.05578564935668,26.013683319091797
8.445040575648958,69.72488403320312
39.608563838797295,27.122787475585938
8.836233635848702,61.698280334472656
12.782682480216407,43.24683380126953
8.948999497345701,61.04212951660156
9.026490635915877,60.29180908203125
86.3567612873466,25.29384994506836
41.65169442682611,27.02048683166504
16.263832725464493,33.94330596923828
12.250166748701345,44.78647232055664
11.942590808126164,46.044132232666016
36.15669762109546,27.418792724609375
43.00562419278275,26.89917755126953
67.70559959165772,25.880388259887695
10.958798691608623,50.01309585571289
12.819782289600303,42.94455337524414
11.405570514089248,47.91341018676758
9.573487447518184,57.05426788330078
17.500386593124087,31.55820083618164
11.29083976280061,48.86624526977539
8.605661797407583,68.43041229248047
11.64142290981309,46.96570587158203
9.895549369020406,55.90607452392578
22.344688760836494,29.71001625061035
76.59088095858479,25.551183700561523
11.439924452506247,47.700286865234375
12.633067675167894,44.01225280761719
101.41614883036354,25.061647415161133
12.941168519298827,42.285221099853516
9.146931906662271,59.522518157958984
9.98990036511808,54.66419982910156
79.3940897172093,25.500350952148438
70.70683951037516,25.727014541625977
101.44710151331736,25.05269432067871
8.41679386785783,70.35750579833984
8.744053888652719,62.859031677246094
8.624024035462243,68.06527709960938
54.65915661558621,26.20005226135254
10.668444548108008,51.6296272277832
72.24998185674661,25.67730712890625
11.93875733332826,46.03861618041992
95.52953190535933,25.17338752746582
12.250166748701345,44.78647232055664
11.29083976280061,48.86624526977539
75.78519775899687,25.661880493164062
91.02785302534932,25.177412033081055
24.961816624031236,29.069110870361328
14.064319465552222,39.173133850097656
48.441442935601266,26.538074493408203
58.62531849799454,26.176679611206055
10.958798691608623,50.01309585571289
33.50864825098245,27.715967178344727
11.64142290981309,46.96570587158203
10.388703926518158,53.18336486816406
12.633067675167894,44.01225280761719
39.608563838797295,27.122787475585938
10.853626872278687,50.65032196044922
99.63640326919608,25.09747314453125
96.08752331808107,25.12265396118164
9.297482011704636,58.77476501464844
70.70683951037516,25.727014541625977
15.600218775212012,36.3720817565918
19.32661572141916,30.562917709350586
9.026490635915877,60.29180908203125
66.16310407009954,25.865650177001953
30.797502753993903,28.102283477783203
15.734566871071694,34.97439956665039
86.3567612873466,25.29384994506836
68.99433133817794,25.733327865600586
36.15075366686261,27.505008697509766
14.824394853223769,37.23886489868164
14.605435328471975,37.983009338378906
9.573487447518184,57.05426788330078
88.97437290533956,25.262859344482422
26.743703320197405,28.748842239379883
28.14913381859058,28.47087287902832
8.478730659710251,69.14781188964844
8.836233635848702,61.698280334472656
78.86530012007952,25.459041595458984
82.74976773658055,25.435810089111328
44.67178047956346,26.814180374145508
9.482022027636738,57.765995025634766
63.5673081200905,25.91856575012207
46.0006242710148,26.675628662109375
63.55818377946765,26.01068687438965
66.0818051496312,25.901594161987305
10.028075396632664,54.457740783691406
10.272518404366036,53.26913070678711
9.709932894094784,56.194095611572266
32.615265029360366,28.057329177856445
9.979598592235014,55.3260612487793
59.988478434126755,26.076353073120117
61.05578564935668,26.013683319091797
8.445040575648958,69.72488403320312
13.781620015445213,39.935157775878906
11.405570514089248,47.91341018676758
13.445771681254225,40.82426452636719
20.93012830016765,30.165063858032227
8.744995770082518,62.621341705322266
77.67350814349201,25.511451721191406
80.4232389416049,25.446874618530273
20.88067764613249,30.4399471282959
12.782682480216407,43.24683380126953
13.313199124710467,41.21731948852539
17.099484340780535,32.15937042236328
43.00562419278275,26.89917755126953
84.7017599361955,25.370569229125977
41.19600737930242,27.111536026000977
16.263832725464493,33.94330596923828
41.65169442682611,27.02048683166504
18.48463636657597,30.90100860595703
91.02753784777532,25.182083129882812
9.146931906662271,59.522518157958984
76.59088095858479,25.551183700561523
23.585860373049062,29.404306411743164
36.15669762109546,27.418792724609375
22.04605215291981,29.788320541381836
15.840298240019642,34.57086181640625
8.605661797407583,68.43041229248047
29.818155918155817,28.408784866333008
83.18908317317852,25.427846908569336
37.948216044191575,27.31548309326172
9.895549369020406,55.90607452392578
51.49283776974623,26.485309600830078
16.54635326410597,33.17948913574219
37.94616976366772,27.316965103149414
53.13659576011423,26.312589645385742
16.769266794447283,32.73821258544922
88.2862138857416,25.27585220336914
17.500386593124087,31.55820083618164
100.4646514023456,25.089155197143555
13.80091555508883,39.7574462890625
43.50138146782717,26.814794540405273
101.44710151331736,25.05269432067871
8.41679386785783,70.35750579833984
8.643978716392505,67.64229583740234
8.744053888652719,62.859031677246094
12.736449403116746,43.07470703125
58.62531849799454,26.176679611206055
15.600218775212012,36.3720817565918
13.313199124710467,41.21731948852539
95.4430645482691,25.138776779174805
51.49283776974623,26.485309600830078
12.250166748701345,44.78647232055664
14.605435328471975,37.983009338378906
75.78998189643539,25.593612670898438
68.99433133817794,25.733327865600586
91.02785302534932,25.177412033081055
24.961816624031236,29.069110870361328
14.064319465552222,39.173133850097656
23.585860373049062,29.404306411743164
99.63640326919608,25.09747314453125
96.08752331808107,25.12265396118164
11.64142290981309,46.96570587158203
22.04605215291981,29.788320541381836
54.65915661558621,26.20005226135254
30.797502753993903,28.102283477783203
11.405570514089248,47.91341018676758
12.633067675167894,44.01225280761719
11.194157644736613,48.72161102294922
10.668444548108008,51.6296272277832
86.3567612873466,25.29384994506836
72.25878653363962,25.650175094604492
8.818193445611744,61.57229232788086
16.263832725464493,33.94330596923828
53.13659576011423,26.312589645385742
9.572943442327217,57.045902252197266
10.391004011489722,52.74708938598633
84.7017599361955,25.370569229125977
29.11157318053818,28.350421905517578
70.35914060604543,25.70162010192871
32.615265029360366,28.057329177856445
66.16310407009954,25.865650177001953
36.15075366686261,27.505008697509766
10.028075396632664,54.457740783691406
48.441442935601266,26.538074493408203
13.445771681254225,40.82426452636719
33.509021859800924,27.714380264282227
11.898110109368394,46.030582427978516
15.734229857141226,34.97691345214844
8.445040575648958,69.72488403320312
16.54635326410597,33.17948913574219
9.026490635915877,60.29180908203125
88.97437290533956,25.262859344482422
11.165145696536326,49.67750930786133
78.86530012007952,25.459041595458984
10.272518404366036,53.26913070678711
9.449183560847656,57.76310729980469
8.97781449958688,60.88916015625
61.05578564935668,26.013683319091797
8.467945913190297,68.92459106445312
82.74976773658055,25.435810089111328
44.67178047956346,26.814180374145508
63.5673081200905,25.91856575012207
63.55818377946765,26.01068687438965
66.0818051496312,25.901594161987305
88.2862138857416,25.27585220336914
26.743703320197405,28.748842239379883
46.25829897300993,26.660327911376953
16.769266794447283,32.73821258544922
15.840298240019642,34.57086181640625
14.851763087218742,37.17144775390625
13.781620015445213,39.935157775878906
20.93012830016765,30.165063858032227
77.67350814349201,25.511451721191406
59.988478434126755,26.076353073120117
48.43265068905683,26.569936752319336
17.099484340780535,32.15937042236328
80.4232389416049,25.446874618530273
9.297482011704636,58.77476501464844
43.00562419278275,26.89917755126953
9.3668388747794,58.339874267578125
91.02753784777532,25.182083129882812
8.78313467931847,62.59560775756836
41.19600737930242,27.111536026000977
10.730268610316571,51.0664176940918
11.892826593972131,46.0765495300293
83.18908317317852,25.427846908569336
39.608563838797295,27.122787475585938
39.42468258045856,27.261491775512695
76.59088095858479,25.551183700561523
9.709932894094784,56.194095611572266
9.146931906662271,59.522518157958984
72.24998185674661,25.67730712890625
37.30009998845486,27.34425926208496
26.905595161352494,28.719846725463867
20.88067764613249,30.4399471282959
8.605661797407583,68.43041229248047
14.824394853223769,37.23886489868164
100.33724908201121,25.066486358642578
46.0006242710148,26.675628662109375
9.895549369020406,55.90607452392578
19.32661572141916,30.562917709350586
8.41543872565179,70.58328247070312
101.44710151331736,25.05269432067871
8.643978716392505,67.64229583740234
8.742756552261573,62.90419006347656
12.736449403116746,43.07470703125
53.13659576011423,26.312589645385742
58.62531849799454,26.176679611206055
95.4430645482691,25.138776779174805
49.601865229425115,26.476953506469727
29.11157318053818,28.350421905517578
19.32661572141916,30.562917709350586
15.600218775212012,36.3720817565918
91.02785302534932,25.177412033081055
13.31045061873474,41.21916198730469
99.14080697385945,25.067548751831055
11.64142290981309,46.96570587158203
54.65915661558621,26.20005226135254
13.781620015445213,39.935157775878906
80.4232389416049,25.446874618530273
9.895549369020406,55.90607452392578
41.19600737930242,27.111536026000977
96.08752331808107,25.12265396118164
11.194157644736613,48.72161102294922
86.3567612873466,25.29384994506836
37.30009998845486,27.34425926208496
10.391004011489722,52.74708938598633
10.668444548108008,51.6296272277832
8.818193445611744,61.57229232788086
72.25878653363962,25.650175094604492
75.78895390406828,25.608352661132812
17.692071441185107,31.185266494750977
9.572943442327217,57.045902252197266
84.7017599361955,25.370569229125977
44.67178047956346,26.814180374145508
10.938912108598718,50.113243103027344
33.509021859800924,27.714380264282227
16.263832725464493,33.94330596923828
26.905595161352494,28.719846725463867
10.028075396632664,54.457740783691406
66.16413476885361,25.85088348388672
68.99433133817794,25.733327865600586
35.861374238539916,27.700441360473633
14.064319465552222,39.173133850097656
15.734229857141226,34.97691345214844
8.445040575648958,69.72488403320312
14.60206750757652,37.983253479003906
11.898110109368394,46.030582427978516
12.24611835529594,44.83195114135742
8.467945913190297,68.92459106445312
82.74976773658055,25.435810089111328
59.988478434126755,26.076353073120117
39.42468258045856,27.261491775512695
16.54635326410597,33.17948913574219
66.0818051496312,25.901594161987305
63.56582663766172,25.984386444091797
63.5673081200905,25.91856575012207
88.28621362070024,25.27585220336914
8.78313467931847,62.59560775756836
10.18791344124716,53.94084930419922
9.709932894094784,56.194095611572266
10.272518404366036,53.26913070678711
32.615265029360366,28.057329177856445
61.057968097409756,26.006431579589844
9.146931906662271,59.522518157958984
46.25829897300993,26.660327911376953
20.93012830016765,30.165063858032227
26.743703320197405,28.748842239379883
8.605661797407583,68.43041229248047
23.585860373049062,29.404306411743164
25.071828973772035,29.039596557617188
20.88067764613249,30.4399471282959
14.94172059296179,36.88620376586914
48.32143525849823,26.58584213256836
22.047104301548003,29.772266387939453
100.33724908201121,25.066486358642578
43.00562419278275,26.89917755126953
9.026490635915877,60.29180908203125
10.730268610316571,51.0664176940918
30.797502753993903,28.102283477783203
90.81234038384278,25.187488555908203
13.445771681254225,40.82426452636719
11.407725857909009,47.911476135253906
11.892826593972131,46.0765495300293
36.15075366686261,27.505008697509766
83.18908317317852,25.427846908569336
39.608563838797295,27.122787475585938
12.250166748701345,44.78647232055664
12.633067675167894,44.01225280761719
88.98135338838885,25.260601043701172
11.17549765386494,49.65843200683594
12.627886046530305,44.01615905761719
70.86515374369519,25.68804931640625
22.04605215291981,29.788320541381836
24.79943324347907,29.13445472717285
30.799383291529967,28.088123321533203
46.0006242710148,26.675628662109375
11.405570514089248,47.91341018676758
43.01143702276545,26.877277374267578
14.049342060061138,39.1822395324707
14.824394853223769,37.23886489868164
101.44710151331736,25.05269432067871
8.41543872565179,70.58328247070312
8.643978716392505,67.64229583740234
8.739908631893671,63.14111328125
72.99560164895915,25.588178634643555
80.4232389416049,25.446874618530273
9.572943442327217,57.045902252197266
15.734229857141226,34.97691345214844
9.146963626259286,59.52191925048828
16.54635326410597,33.17948913574219
95.4430645482691,25.138776779174805
68.99433133817794,25.733327865600586
90.98800060421576,25.17704200744629
15.600218775212012,36.3720817565918
16.263832725464493,33.94330596923828
12.96861526268052,42.4208869934082
58.49258415279508,26.18154525756836
33.509021859800924,27.714380264282227
17.25357921241857,31.87680435180664
54.65915661558621,26.20005226135254
40.960245119917815,27.015769958496094
52.54403589105109,26.362018585205078
11.194157644736613,48.72161102294922
86.3567612873466,25.29384994506836
10.391004011489722,52.74708938598633
13.31045061873474,41.21916198730469
9.026490635915877,60.29180908203125
10.668444548108008,51.6296272277832
32.615265029360366,28.057329177856445
8.445040575648958,69.72488403320312
84.7017599361955,25.370569229125977
70.86515374369519,25.68804931640625
10.028075396632664,54.457740783691406
61.057968097409756,26.006431579589844
66.16413476885361,25.85088348388672
49.626062463064805,26.475770950317383
14.60206750757652,37.983253479003906
99.12784340964917,25.10067367553711
11.17549765386494,49.65843200683594
63.5673081200905,25.91856575012207
9.934243482921953,55.460227966308594
96.12924934379346,25.120908737182617
35.861374238539916,27.700441360473633
14.066865480800107,39.10038375854492
29.057534615498643,28.705167770385742
8.467945913190297,68.92459106445312
82.74976773658055,25.435810089111328
11.936296711070584,45.99908447265625
8.605661797407583,68.43041229248047
12.24611835529594,44.83195114135742
39.42468258045856,27.261491775512695
66.0818051496312,25.901594161987305
25.071828973772035,29.039596557617188
8.909902312119328,61.2082633972168
63.07396455583406,25.944198608398438
10.18791344124716,53.94084930419922
14.94172059296179,36.88620376586914
26.743703320197405,28.748842239379883
26.905595161352494,28.719846725463867
48.32143525849823,26.58584213256836
80.42324320762162,25.44673728942871
100.33724908201121,25.066486358642578
43.00562419278275,26.89917755126953
9.709932894094784,56.194095611572266
37.30009998845486,27.34425926208496
20.88067764613249,30.4399471282959
22.817275761958868,29.586854934692383
10.730268610316571,51.0664176940918
11.64142290981309,46.96570587158203
14.824394853223769,37.23886489868164
47.52262330452231,26.609716415405273
29.584809604858226,28.275056838989258
11.892826593972131,46.0765495300293
10.938912108598718,50.113243103027344
18.785733708375922,30.91710662841797
8.805583013893093,62.094417572021484
83.18908317317852,25.427846908569336
88.98135338838885,25.260601043701172
12.250166748701345,44.78647232055664
39.608563838797295,27.122787475585938
12.71003358755437,43.09132385253906
90.2012036373107,25.196468353271484
12.633067675167894,44.01225280761719
11.63693753153442,47.165809631347656
88.28608927407647,25.276206970214844
12.627886046530305,44.01615905761719
13.630985412629574,40.52457809448242
30.799383291529967,28.088123321533203
9.62567624259524,56.89878463745117
36.15075366686261,27.505008697509766
11.405570514089248,47.91341018676758
21.36542485498723,29.960617065429688
46.0006242710148,26.675628662109375
43.01143702276545,26.877277374267578
23.585860373049062,29.404306411743164
14.007926140320906,39.43540954589844
19.45091008197989,30.56236457824707
44.67151084629897,26.814361572265625
23.99422058093414,29.277950286865234
11.407725857909009,47.911476135253906
101.44710151331736,25.05269432067871
8.41543872565179,70.58328247070312
8.739908631893671,63.14111328125
8.643978716392505,67.64229583740234
72.99571285812341,25.58540916442871
80.4232389416049,25.446874618530273
58.49258415279508,26.18154525756836
100.33724908201121,25.066486358642578
9.572943442327217,57.045902252197266
9.152874896888557,59.51400375366211
90.98800060421576,25.17704200744629
10.378824159484601,52.66157150268555
61.057968097409756,26.006431579589844
95.56730710198408,25.089996337890625
68.99433133817794,25.733327865600586
52.54403589105109,26.362018585205078
15.600218775212012,36.3720817565918
14.60206750757652,37.983253479003906
95.43477104449329,25.160188674926758
10.18791344124716,53.94084930419922
33.509021859800924,27.714380264282227
13.31045061873474,41.21916198730469
54.69792186187643,26.195659637451172
40.960245119917815,27.015769958496094
9.026490635915877,60.29180908203125
10.668444548108008,51.6296272277832
14.066865480800107,39.10038375854492
12.71003358755437,43.09132385253906
8.909902312119328,61.2082633972168
30.799383291529967,28.088123321533203
32.615265029360366,28.057329177856445
8.429746801597965,69.35238647460938
21.36542485498723,29.960617065429688
10.028075396632664,54.457740783691406
10.730268610316571,51.0664176940918
14.007926140320906,39.43540954589844
9.709932894094784,56.194095611572266
17.016796265864116,32.93570327758789
13.630985412629574,40.52457809448242
49.626100835581106,26.47487449645996
86.3567612873466,25.29384994506836
11.17549765386494,49.65843200683594
63.43378989695321,25.91084861755371
25.071828973772035,29.039596557617188
66.17242666420222,25.82529067993164
15.734229857141226,34.97691345214844
16.263832725464493,33.94330596923828
35.861374238539916,27.700441360473633
11.936296711070584,45.99908447265625
66.0818051496312,25.901594161987305
12.96861526268052,42.4208869934082
29.057534615498643,28.705167770385742
70.86515374369519,25.68804931640625
82.74976773658055,25.435810089111328
8.605661797407583,68.43041229248047
19.45091008197989,30.56236457824707
39.42468258045856,27.261491775512695
12.245078388101774,44.84373474121094
88.28608927407647,25.276206970214844
11.194157644736613,48.72161102294922
15.734365468672147,34.97590255737305
8.763426415227165,62.08367156982422
14.824394853223769,37.23886489868164
63.07387188032743,25.943307876586914
17.25357921241857,31.87680435180664
14.94172059296179,36.88620376586914
48.32143525849823,26.58584213256836
47.28546066773298,26.60169219970703
11.64142290981309,46.96570587158203
54.022319601898424,26.325176239013672
26.905595161352494,28.719846725463867
29.584809604858226,28.275056838989258
80.42324320762162,25.44673728942871
43.00562419278275,26.89917755126953
37.30087719110533,27.332809448242188
84.7017599361955,25.370569229125977
71.66429604755615,25.66619300842285
11.892826593972131,46.0765495300293
26.74358939766277,28.751787185668945
44.67151084629897,26.814361572265625
90.2012036373107,25.196468353271484
11.63693753153442,47.165809631347656
10.931850184112495,50.1201057434082
22.62518042031344,29.604537963867188
9.934243482921953,55.460227966308594
83.18908317317852,25.427846908569336
88.98135338838885,25.260601043701172
8.467945913190297,68.92459106445312
12.250166748701345,44.78647232055664
39.608563838797295,27.122787475585938
18.12336225116053,31.21820068359375
12.633067675167894,44.01225280761719
12.627886046530305,44.01615905761719
8.783566137899678,61.887027740478516
9.62567624259524,56.89878463745117
23.585860373049062,29.404306411743164
11.3067470049423,48.4293098449707
16.319141339148455,33.828025817871094
43.01143702276545,26.877277374267578
85.24053236901077,25.312715530395508
8.41543872565179,70.58328247070312
102.97603745498341,25.02549171447754
8.739908631893671,63.14111328125
8.643978716392505,67.64229583740234
78.69114354460432,25.488252639770508
72.99571285812341,25.58540916442871
100.33724908201121,25.066486358642578
9.417344425220426,58.063697814941406
33.509021859800924,27.714380264282227
95.56730710198408,25.089996337890625
29.584809604858226,28.275056838989258
44.67151084629897,26.814361572265625
54.69792186187643,26.195659637451172
94.59863516557995,25.15715789794922
49.626100835581106,26.47487449645996
90.98800060421576,25.17704200744629
58.49258415279508,26.18154525756836
61.057968097409756,26.006431579589844
47.28546066773298,26.60169219970703
13.630985412629574,40.52457809448242
17.016796265864116,32.93570327758789
9.934243482921953,55.460227966308594
10.668444548108008,51.6296272277832
23.585860373049062,29.404306411743164
25.071828973772035,29.039596557617188
9.026490635915877,60.29180908203125
12.551329672999655,43.76493835449219
35.861374238539916,27.700441360473633
26.92348988921559,28.598852157592773
21.36542485498723,29.960617065429688
31.303303295279125,27.97892189025879
9.152874896888557,59.51400375366211
11.3067470049423,48.4293098449707
13.967264596557659,39.40082931518555
10.931850184112495,50.1201057434082
10.028075396632664,54.457740783691406
11.17549765386494,49.65843200683594
19.45092105168565,30.56218719482422
52.54403589105109,26.362018585205078
68.99433133817794,25.733327865600586
37.30087719110533,27.332809448242188
63.43378989695321,25.91084861755371
15.707839684308249,35.05455780029297
22.62518042031344,29.604537963867188
67.92226630396632,25.77202796936035
15.600218775212012,36.3720817565918
11.608945847043728,47.27898406982422
17.220074157830304,31.828369140625
66.0818051496312,25.901594161987305
13.31045061873474,41.21916198730469
14.299945482047763,38.36626434326172
10.301686236244734,52.9487419128418
12.99687041021557,42.329803466796875
16.263832725464493,33.94330596923828
70.86515374369519,25.68804931640625
82.74976773658055,25.435810089111328
8.429746801597965,69.35238647460938
101.44710151331736,25.05269432067871
12.071541938747126,45.69948196411133
88.28608927407647,25.276206970214844
11.194157644736613,48.72161102294922
15.734365468672147,34.97590255737305
8.763426415227165,62.08367156982422
9.572943442327217,57.045902252197266
12.250166748701345,44.78647232055664
54.022319601898424,26.325176239013672
14.066865480800107,39.10038375854492
14.94172059296179,36.88620376586914
58.99898195848864,26.023317337036133
10.379164639550915,52.64300537109375
16.665701712198274,33.487850189208984
10.18791344124716,53.94084930419922
80.42324320762162,25.44673728942871
43.00562419278275,26.89917755126953
30.799383291529967,28.088123321533203
11.892826593972131,46.0765495300293
40.960245119917815,27.015769958496094
39.2069644206721,27.279356002807617
26.164399181345384,28.904495239257812
17.601738196102065,31.19568634033203
8.909902312119328,61.2082633972168
36.55918317396603,27.484743118286133
63.07387188032743,25.943307876586914
10.730268610316571,51.0664176940918
66.17242666420222,25.82529067993164
11.642399322120427,46.964866638183594
12.71003358755437,43.09132385253906
88.98135338838885,25.260601043701172
12.245078388101774,44.84373474121094
39.608563838797295,27.122787475585938
9.709932894094784,56.194095611572266
21.55907213389309,29.886552810668945
86.3567612873466,25.29384994506836
8.467945913190297,68.92459106445312
12.96861526268052,42.4208869934082
43.01143702276545,26.877277374267578
80.4232389416049,25.446874618530273
85.24053236901077,25.312715530395508
14.755846624416984,37.41694641113281
8.783566137899678,61.887027740478516
8.41543872565179,70.58328247070312
100.33911349085372,25.023605346679688
8.643978716392505,67.64229583740234
8.739908631893671,63.14111328125
95.56730710198408,25.089996337890625
78.32727467537788,25.49689483642578
72.99598215497262,25.584388732910156
100.33724908201121,25.066486358642578
94.59863516557995,25.15715789794922
52.54403589105109,26.362018585205078
58.49258415279508,26.18154525756836
46.537558142604944,26.595054626464844
54.69792186187643,26.195659637451172
78.69466822719224,25.43966293334961
44.184923607244805,26.796470642089844
82.74976773658055,25.435810089111328
9.152874896888557,59.51400375366211
85.0221719477624,25.297447204589844
40.960245119917815,27.015769958496094
36.55918317396603,27.484743118286133
16.263832725464493,33.94330596923828
8.467945913190297,68.92459106445312
90.98800060421576,25.17704200744629
14.755846624416984,37.41694641113281
10.668444548108008,51.6296272277832
33.85418125653252,27.666038513183594
48.28081860675179,26.546791076660156
10.18791344124716,53.94084930419922
27.039704629000465,28.592321395874023
10.730268610316571,51.0664176940918
86.3567612873466,25.29384994506836
10.028075396632664,54.457740783691406
29.584809604858226,28.275056838989258
9.348397614669093,58.17170715332031
33.509021859800924,27.714380264282227
49.626740428364045,26.474323272705078
19.96811120822253,30.347503662109375
18.82966942765104,30.732791900634766
22.62518042031344,29.604537963867188
8.909902312119328,61.2082633972168
10.379164639550915,52.64300537109375
67.92226630396632,25.77202796936035
11.892826593972131,46.0765495300293
14.94172059296179,36.88620376586914
15.707839684308249,35.05455780029297
58.99898195848864,26.023317337036133
88.98135338838885,25.260601043701172
17.601738196102065,31.19568634033203
10.301686236244734,52.9487419128418
15.600218775212012,36.3720817565918
12.99687041021557,42.329803466796875
26.164399181345384,28.904495239257812
31.303309318316277,27.978830337524414
39.2069644206721,27.279356002807617
23.569286236220478,29.371549606323242
11.642399322120427,46.964866638183594
88.28608927407647,25.276206970214844
66.081590124176,25.90481948852539
63.43378989695321,25.91084861755371
11.361628751282376,48.11220169067383
15.738695956645053,34.884849548339844
11.194157644736613,48.72161102294922
13.633653796958088,40.416526794433594
13.310414476612555,41.21951675415039
82.75060867530509,25.433353424072266
21.36542485498723,29.960617065429688
8.423845327914073,69.47933959960938
14.299945482047763,38.36626434326172
70.86515374369519,25.68804931640625
13.967264596557659,39.40082931518555
72.99547483958682,25.585163116455078
43.00562419278275,26.89917755126953
37.30087719110533,27.332809448242188
39.608563838797295,27.122787475585938
9.417344425220426,58.063697814941406
9.709932894094784,56.194095611572266
25.071828973772035,29.039596557617188
9.56708888481478,57.14775466918945
17.097052350070093,32.02172088623047
90.98798617909338,25.177080154418945
24.82575442973278,29.345264434814453
8.748073823930891,62.507511138916016
61.057968097409756,26.006431579589844
12.71003358755437,43.09132385253906
9.934364194159947,55.45241165161133
10.931850184112495,50.1201057434082
66.17242666420222,25.82529067993164
61.760176751192716,25.971790313720703
54.022319601898424,26.325176239013672
12.302867144208166,44.5770378112793
21.55907213389309,29.886552810668945
8.996532554454657,60.48908996582031
14.066865480800107,39.10038375854492
13.630985412629574,40.52457809448242
11.608090861024593,47.27972412109375
17.06798069056884,32.83597946166992
69.33641778077713,25.723533630371094
8.783566137899678,61.887027740478516
11.175506879636659,49.65830612182617
12.129329730801256,45.483436584472656
8.41543872565179,70.58328247070312
100.34589939013361,25.005733489990234
8.643978716392505,67.64229583740234
8.739908631893671,63.14111328125
78.32727467537788,25.49689483642578
72.99598215497262,25.584388732910156
95.56730710198408,25.089996337890625
12.302867144208166,44.5770378112793
100.26792942423083,25.053979873657227
88.98135338838885,25.260601043701172
80.44318801684017,25.397069931030273
27.039704629000465,28.592321395874023
55.7190064767581,26.150527954101562
49.626740428364045,26.474323272705078
15.600218775212012,36.3720817565918
17.06798069056884,32.83597946166992
14.299945482047763,38.36626434326172
12.99687041021557,42.329803466796875
70.86515374369519,25.68804931640625
12.71003358755437,43.09132385253906
9.934364194159947,55.45241165161133
43.00562419278275,26.89917755126953
14.755846624416984,37.41694641113281
9.709932894094784,56.194095611572266
58.993417623635814,26.042036056518555
94.49063088874125,25.162046432495117
91.09402626792932,25.172161102294922
11.892826593972131,46.0765495300293
12.129329730801256,45.483436584472656
67.92226630396632,25.77202796936035
10.730268610316571,51.0664176940918
83.26750360372104,25.36052703857422
10.931850184112495,50.1201057434082
29.584809604858226,28.275056838989258
8.423845327914073,69.47933959960938
63.43378989695321,25.91084861755371
52.5387720323873,26.4382381439209
9.348397614669093,58.17170715332031
69.33641778077713,25.723533630371094
13.967264596557659,39.40082931518555
11.175506879636659,49.65830612182617
36.437421626333894,27.585710525512695
16.283740771095943,33.79380798339844
10.028075396632664,54.457740783691406
8.467945913190297,68.92459106445312
13.310414476612555,41.21951675415039
14.94172059296179,36.88620376586914
15.707839684308249,35.05455780029297
66.081590124176,25.90481948852539
9.156414030200953,59.483001708984375
26.164399181345384,28.904495239257812
61.057968097409756,26.006431579589844
8.909902312119328,61.2082633972168
85.0221719477624,25.297447204589844
10.301686236244734,52.9487419128418
17.097052350070093,32.02172088623047
33.85418125653252,27.666038513183594
23.569286236220478,29.371549606323242
11.642399322120427,46.964866638183594
86.38668035099063,25.268985748291016
11.194157644736613,48.72161102294922
15.738695956645053,34.884849548339844
44.87853888409391,26.743844985961914
11.608090861024593,47.27972412109375
8.747527220310799,62.46923828125
11.361628751282376,48.11220169067383
21.36542485498723,29.960617065429688
13.633653796958088,40.416526794433594
31.644573346123323,27.93270492553711
10.379164639550915,52.64300537109375
16.26283479067147,33.94539260864258
14.066865480800107,39.10038375854492
10.18791344124716,53.94084930419922
72.99547483958682,25.585163116455078
10.663158203515662,51.91766357421875
33.3014574128442,27.739242553710938
40.960251031642784,27.015745162963867
29.994875827241952,28.202707290649414
31.303309318316277,27.978830337524414
19.96811120822253,30.347503662109375
90.98798617909338,25.177080154418945
58.99898195848864,26.023317337036133
24.82575442973278,29.345264434814453
9.015884307604626,60.46263885498047
9.152874896888557,59.51400375366211
66.17242666420222,25.82529067993164
9.573855336767751,57.0344123840332
61.760176751192716,25.971790313720703
54.69792186187643,26.195659637451172
38.740614165894016,27.33184051513672
9.469460915140045,57.457733154296875
21.55907213389309,29.886552810668945
46.469385613001926,26.629695892333984
19.62384328225674,30.46140480041504
39.608563838797295,27.122787475585938
83.59562329713934,25.32830047607422
13.31678515852048,41.020896911621094
78.69466822719224,25.43966293334961
12.811492201388075,42.934539794921875
46.56993322867075,26.59317398071289
100.34589939013361,25.005733489990234
8.41543872565179,70.58328247070312
8.739908631893671,63.14111328125
8.643978716392505,67.64229583740234
49.626740428364045,26.474323272705078
52.5387720323873,26.4382381439209
77.81466694113122,25.55299949645996
100.26792942423083,25.053979873657227
72.99598215497262,25.584388732910156
95.56793520292315,25.08829689025879
42.852849000707316,26.829998016357422
63.43378989695321,25.91084861755371
23.569286236220478,29.371549606323242
55.7190064767581,26.150527954101562
27.039704629000465,28.592321395874023
17.06798069056884,32.83597946166992
88.98135338838885,25.260601043701172
86.38668035099063,25.268985748291016
44.87853888409391,26.743844985961914
80.44318801684017,25.397069931030273
70.86515374369519,25.68804931640625
10.730268610316571,51.0664176940918
40.960251031642784,27.015745162963867
54.69792186187643,26.195659637451172
29.325799534512896,28.20321273803711
14.755846624416984,37.41694641113281
24.82575442973278,29.345264434814453
91.09402626792932,25.172161102294922
10.663158203515662,51.91766357421875
58.77082886709049,26.061655044555664
46.56993322867075,26.59317398071289
33.85418125653252,27.666038513183594
94.49063088874125,25.162046432495117
8.423845327914073,69.47933959960938
21.55907213389309,29.886552810668945
12.302867144208166,44.5770378112793
8.89300064471822,61.19462585449219
12.614249963468191,44.08272933959961
67.92226630396632,25.77202796936035
11.194157644736613,48.72161102294922
69.33641778077713,25.723533630371094
13.967264596557659,39.40082931518555
14.94172059296179,36.88620376586914
66.081590124176,25.90481948852539
85.0221719477624,25.297447204589844
9.156414030200953,59.483001708984375
82.5607814627011,25.37392807006836
61.057968097409756,26.006431579589844
39.608563838797295,27.122787475585938
9.348397614669093,58.17170715332031
37.878937318756705,27.375768661499023
15.738695956645053,34.884849548339844
15.600218775212012,36.3720817565918
12.129329730801256,45.483436584472656
15.707484376854529,35.05473709106445
8.470672810976547,68.86294555664062
19.96811120822253,30.347503662109375
33.3014574128442,27.739242553710938
36.4370836597838,27.587099075317383
8.750415865643333,62.410003662109375
16.30210135627722,33.67466735839844
11.642399322120427,46.964866638183594
11.892826593972131,46.0765495300293
26.164399181345384,28.904495239257812
8.643978652347442,67.64230346679688
13.633653796958088,40.416526794433594
11.175506879636659,49.65830612182617
17.684571589681394,31.72446060180664
10.931850184112495,50.1201057434082
61.760176751192716,25.971790313720703
16.26283479067147,33.94539260864258
21.36542485498723,29.960617065429688
9.469460915140045,57.457733154296875
31.644573346123323,27.93270492553711
29.994875827241952,28.202707290649414
14.066865480800107,39.10038375854492
13.024754890499993,42.041900634765625
9.70975870760518,56.191864013671875
14.300283428577966,38.36606216430664
72.99547483958682,25.585163116455078
11.608090861024593,47.27972412109375
38.740614165894016,27.33184051513672
78.69466822719224,25.43966293334961
31.303309318316277,27.978830337524414
90.444214833489,25.235244750976562
58.99898195848864,26.023317337036133
10.281356064782566,53.56977462768555
10.028075396632664,54.457740783691406
9.934490255227185,55.444679260253906
12.700617106149249,43.19123840332031
9.14518152872776,59.6630859375
12.99687041021557,42.329803466796875
46.469385613001926,26.629695892333984
9.015884307604626,60.46263885498047
13.30394073203472,41.285362243652344
11.45399873301627,48.02933883666992
9.573855336767751,57.0344123840332
10.301686236244734,52.9487419128418
36.437421626333894,27.585710525512695
66.36726150310477,25.815105438232422
100.34589939013361,25.005733489990234
8.41543872565179,70.58328247070312
8.739908631893671,63.14111328125
8.643978716392505,67.64229583740234
95.56793520292315,25.08829689025879
77.81466694113122,25.55299949645996
72.99600382302188,25.584381103515625
99.99129816088083,25.055204391479492
82.5607814627011,25.37392807006836
60.96624990674846,25.945112228393555
91.73210955980078,25.156124114990234
34.96609710859904,27.521625518798828
13.633653796958088,40.416526794433594
15.518462566908024,36.320674896240234
23.569286236220478,29.371549606323242
9.348397614669093,58.17170715332031
55.7190064767581,26.150527954101562
10.663158203515662,51.91766357421875
37.878937318756705,27.375768661499023
10.016410908000358,54.39321517944336
80.44318801684017,25.397069931030273
9.934490255227185,55.444679260253906
12.700617106149249,43.19123840332031
88.98135338838885,25.260601043701172
29.325799534512896,28.20321273803711
17.06798069056884,32.83597946166992
10.301686236244734,52.9487419128418
13.30394073203472,41.285362243652344
54.69792186187643,26.195659637451172
9.70975870760518,56.191864013671875
24.42336661144307,29.101526260375977
21.55907213389309,29.886552810668945
46.56993322867075,26.59317398071289
26.164399181345384,28.904495239257812
11.45399873301627,48.02933883666992
58.77082886709049,26.061655044555664
49.626740428364045,26.474323272705078
12.121551937908166,45.29745101928711
27.039704629000465,28.592321395874023
9.156414030200953,59.483001708984375
10.281356064782566,53.56977462768555
44.87853888409391,26.743844985961914
67.92226630396632,25.77202796936035
15.707484376854529,35.05473709106445
8.750415865643333,62.410003662109375
70.55883539618169,25.64298439025879
49.7918685343247,26.46747398376465
14.94172059296179,36.88620376586914
19.039236175431935,30.690231323242188
78.69466822719224,25.43966293334961
52.5387720323873,26.4382381439209
16.26283479067147,33.94539260864258
17.2695133230012,32.30382537841797
9.573855336767751,57.0344123840332
15.738695956645053,34.884849548339844
33.22209256569434,27.69028663635254
63.43378989695321,25.91084861755371
39.608563838797295,27.122787475585938
52.60551962507232,26.41119956970215
12.99687041021557,42.329803466796875
8.470780591434018,68.86003875732422
8.643978652347442,67.64230346679688
16.30210135627722,33.67466735839844
11.175506879636659,49.65830612182617
85.01186045433069,25.32586097717285
86.38668035099063,25.268985748291016
64.13733644736323,25.883533477783203
72.99547483958682,25.585163116455078
31.644573346123323,27.93270492553711
29.994875827241952,28.202707290649414
69.33641778077713,25.723533630371094
14.066865480800107,39.10038375854492
12.614249963468191,44.08272933959961
12.302867144208166,44.5770378112793
8.834126360084719,61.673587799072266
13.967264596557659,39.40082931518555
66.08586121812702,25.843952178955078
58.99898195848864,26.023317337036133
42.852849000707316,26.829998016357422
11.608090861024593,47.27972412109375
10.931850184112495,50.1201057434082
17.89896406049646,31.051511764526367
90.11760224332396,25.19194984436035
38.740614165894016,27.33184051513672
8.42373801481777,69.48226928710938
31.303309318316277,27.978830337524414
11.892826593972131,46.0765495300293
14.641473278166037,37.80515670776367
14.755846624416984,37.41694641113281
42.44579298987935,26.903446197509766
10.730268610316571,51.0664176940918
33.85418125653252,27.666038513183594
20.850268886126035,30.2542781829834
11.642399322120427,46.964866638183594
9.14518152872776,59.6630859375
66.36726150310477,25.815105438232422
11.194157644736613,48.72161102294922
14.300283428577966,38.36606216430664
11.19177678862767,48.853519439697266
40.960251031642784,27.015745162963867
103.24409014094695,25.00145721435547
8.41543872565179,70.58328247070312
8.739908631893671,63.14111328125
8.643978716392505,67.64229583740234
95.56249927929281,25.080524444580078
77.80996893941851,25.463220596313477
91.73210955980078,25.156124114990234
50.95061016452589,26.410417556762695
72.99600382302188,25.584381103515625
82.5607814627011,25.37392807006836
99.99129816088083,25.055204391479492
60.96624990674846,25.945112228393555
34.96609710859904,27.521625518798828
27.039704629000465,28.592321395874023
46.56993322867075,26.59317398071289
54.69792186187643,26.195659637451172
20.850268886126035,30.2542781829834
86.38668035099063,25.268985748291016
8.470780591434018,68.86003875732422
85.01186045433069,25.32586097717285
80.44318801684017,25.397069931030273
9.823156043474505,55.44314193725586
10.510223654786769,51.90546417236328
11.892826593972131,46.0765495300293
70.55883539618169,25.64298439025879
17.06798069056884,32.83597946166992
9.348397614669093,58.17170715332031
29.325799534512896,28.20321273803711
10.301686236244734,52.9487419128418
26.164399181345384,28.904495239257812
8.42373801481777,69.48226928710938
9.573855336767751,57.0344123840332
24.42336661144307,29.101526260375977
39.608563838797295,27.122787475585938
12.121551937908166,45.29745101928711
37.878937318756705,27.375768661499023
49.626740428364045,26.474323272705078
11.45399873301627,48.02933883666992
9.156414030200953,59.483001708984375
40.960251031642784,27.015745162963867
12.614249963468191,44.08272933959961
56.60794463120987,26.114347457885742
13.967264596557659,39.40082931518555
44.87853888409391,26.743844985961914
16.30210135627722,33.67466735839844
23.09797555303387,29.464323043823242
14.300283428577966,38.36606216430664
14.94172059296179,36.88620376586914
12.302867144208166,44.5770378112793
13.633653796958088,40.416526794433594
10.016410908000358,54.39321517944336
100.34840105108447,25.005022048950195
19.039236175431935,30.690231323242188
88.98135338838885,25.260601043701172
15.621257064517073,35.98531723022461
64.13733644736323,25.883533477783203
78.69466822719224,25.43966293334961
12.99687041021557,42.329803466796875
42.852849000707316,26.829998016357422
90.11760224332396,25.19194984436035
10.281356064782566,53.56977462768555
8.643978652347442,67.64230346679688
8.995649639059094,60.41656494140625
9.414902418694767,57.78007125854492
72.99547483958682,25.585163116455078
15.518462566908024,36.320674896240234
63.43378989695321,25.91084861755371
8.98872540964134,60.88718032836914
13.30394073203472,41.285362243652344
67.92226630396632,25.77202796936035
14.641473278166037,37.80515670776367
58.99898195848864,26.023317337036133
21.55907213389309,29.886552810668945
66.08586121812702,25.843952178955078
11.175506879636659,49.65830612182617
17.2695133230012,32.30382537841797
58.77082886709049,26.061655044555664
42.44579298987935,26.903446197509766
37.9181317672723,27.261653900146484
16.195731282160867,34.086219787597656
14.755846624416984,37.41694641113281
10.901848076165688,50.26091384887695
13.518699285692932,40.60365295410156
31.303309318316277,27.978830337524414
15.75860300522333,34.77349090576172
11.642399322120427,46.964866638183594
9.14518152872776,59.6630859375
69.33641778077713,25.723533630371094
33.85418125653252,27.666038513183594
12.980171142743114,42.461490631103516
32.65976371621338,27.758634567260742
23.569286236220478,29.371549606323242
55.7190064767581,26.150527954101562
15.707484376854529,35.05473709106445
45.70480325482178,26.691713333129883
66.36726150310477,25.815105438232422
10.161099938841122,54.194454193115234
11.194157644736613,48.72161102294922
11.19177678862767,48.853519439697266
9.70975870760518,56.191864013671875
8.372360006500259,70.1548843383789
100.72314840620118,24.99842643737793
8.739908631893671,63.14111328125
8.643978716392505,67.64229583740234
54.69792186187643,26.195659637451172
77.80996893941851,25.463220596313477
72.99600382302188,25.584381103515625
8.81618065828077,61.60065841674805
13.967264596557659,39.40082931518555
60.93404416305584,25.944242477416992
95.56249927929281,25.080524444580078
99.99129816088083,25.055204391479492
11.642399322120427,46.964866638183594
31.303309318316277,27.978830337524414
50.95061016452589,26.410417556762695
20.850268886126035,30.2542781829834
86.38668035099063,25.268985748291016
13.30394073203472,41.285362243652344
34.96609710859904,27.521625518798828
95.51576224664237,25.09453010559082
70.55883539618169,25.64298439025879
14.300283428577966,38.36606216430664
91.73210955980078,25.156124114990234
88.98135338838885,25.260601043701172
15.408808660990946,35.55640411376953
9.823156043474505,55.44314193725586
12.809209464320436,43.4154167175293
21.55907213389309,29.886552810668945
26.16426397400375,28.902822494506836
39.608563838797295,27.122787475585938
37.155035659702946,27.316953659057617
16.30210135627722,33.67466735839844
63.43378989695321,25.91084861755371
49.6256102939011,26.47565269470215
46.56993322867075,26.59317398071289
40.960251031642784,27.015745162963867
24.42336661144307,29.101526260375977
10.692407642521124,51.11715316772461
32.65976371621338,27.758634567260742
15.042382649109891,36.61742401123047
9.156414030200953,59.483001708984375
11.175506879636659,49.65830612182617
29.325799534512896,28.20321273803711
27.03974569529503,28.591720581054688
17.2695133230012,32.30382537841797
69.33641778077713,25.723533630371094
10.016410908000358,54.39321517944336
12.302867144208166,44.5770378112793
12.614249963468191,44.08272933959961
9.32824521949063,58.197471618652344
8.470780591434018,68.86003875732422
33.85418125653252,27.666038513183594
64.13733644736323,25.883533477783203
16.195731282160867,34.086219787597656
78.69466822719224,25.43966293334961
42.852849000707316,26.829998016357422
9.568303691501455,56.8824462890625
19.03923757355925,30.690208435058594
8.643978652347442,67.64230346679688
8.995649639059094,60.41656494140625
8.42373801481777,69.48226928710938
8.98872540964134,60.88718032836914
12.99687041021557,42.329803466796875
58.77082886709049,26.061655044555664
72.99547483958682,25.585163116455078
85.00493457969404,25.32820701599121
82.56080603475169,25.373859405517578
17.453193331641224,31.595914840698242
17.05156023296847,32.867919921875
9.705975156592045,56.091915130615234
15.758575302104326,34.771297454833984
29.35974860564521,28.199888229370117
13.642822437629686,40.353660583496094
10.510223654786769,51.90546417236328
58.99898195848864,26.023317337036133
23.039422642218483,29.543479919433594
66.08586121812702,25.843952178955078
11.454044423925861,48.02875518798828
10.302142667042634,52.94758987426758
56.61255681997445,26.111968994140625
12.980171142743114,42.461490631103516
44.87853888409391,26.743844985961914
82.5607814627011,25.37392807006836
80.44318801684017,25.397069931030273
10.281356064782566,53.56977462768555
11.892826593972131,46.0765495300293
55.7190064767581,26.150527954101562
9.14518152872776,59.6630859375
9.414902418694767,57.78007125854492
66.36726150310477,25.815105438232422
37.91814242779997,27.261499404907227
10.901848076165688,50.26091384887695
10.857485156755045,50.46440505981445
15.707484376854529,35.05473709106445
10.161099938841122,54.194454193115234
11.194157644736613,48.72161102294922
11.19177678862767,48.853519439697266
14.94172059296179,36.88620376586914
80.44316344690677,25.397138595581055
10.532936760798945,51.88193893432617
103.85043538190592,24.933570861816406
8.372360006500259,70.1548843383789
8.739908631893671,63.14111328125
8.643978716392505,67.64229583740234
88.98135338838885,25.260601043701172
99.22136732940626,25.048616409301758
46.56993322867075,26.59317398071289
27.03974569529503,28.591720581054688
13.30394073203472,41.285362243652344
69.33630999300232,25.723278045654297
13.642822437629686,40.353660583496094
23.039422642218483,29.543479919433594
73.770832522931,25.56410789489746
49.6256102939011,26.47565269470215
77.14745240963774,25.47743797302246
44.87853888409391,26.743844985961914
11.454044423925861,48.02875518798828
15.408808660990946,35.55640411376953
50.953722379996584,26.366966247558594
54.69480902973491,26.23892593383789
24.42336661144307,29.101526260375977
34.96609710859904,27.521625518798828
9.823156043474505,55.44314193725586
14.300283428577966,38.36606216430664
17.05156023296847,32.867919921875
9.32824521949063,58.197471618652344
11.892826593972131,46.0765495300293
95.56249927929281,25.080524444580078
14.922126147509067,38.01612091064453
25.624963284447528,28.853443145751953
12.809209464320436,43.4154167175293
12.200719204884917,45.02708435058594
39.608563838797295,27.122787475585938
100.72314840620118,24.99842643737793
66.36726150310477,25.815105438232422
37.155035659702946,27.316953659057617
8.798529296036989,61.66529083251953
9.705975156592045,56.091915130615234
11.642399322120427,46.964866638183594
102.58506442072294,24.955595016479492
10.302142667042634,52.94758987426758
9.156414030200953,59.483001708984375
11.175506879636659,49.65830612182617
94.63654031390945,25.11094856262207
29.325799534512896,28.20321273803711
17.2695133230012,32.30382537841797
14.94172059296179,36.88620376586914
9.414902418694767,57.78007125854492
92.45308315961651,25.14384651184082
91.72863620780427,25.157211303710938
12.614249963468191,44.08272933959961
37.91814242779997,27.261499404907227
16.195731282160867,34.086219787597656
8.42373801481777,69.48226928710938
12.99687041021557,42.329803466796875
33.85418125653252,27.666038513183594
78.69466822719224,25.43966293334961
10.692407642521124,51.11715316772461
8.98872540964134,60.88718032836914
13.967264596557659,39.40082931518555
20.850268886126035,30.2542781829834
85.00493457969404,25.32820701599121
86.38668035099063,25.268985748291016
15.042522006018336,36.61408233642578
63.43378989695321,25.91084861755371
58.77082886709049,26.061655044555664
60.934049118676306,25.944177627563477
71.01130188164169,25.635221481323242
82.56080603475169,25.373859405517578
10.016410908000358,54.39321517944336
16.30210135627722,33.67466735839844
30.687926274929175,28.05881690979004
10.488399655665605,52.085384368896484
66.08586121812702,25.843952178955078
15.758575302104326,34.771297454833984
56.61255681997445,26.111968994140625
13.96317022633034,39.454689025878906
40.96376047767905,26.965822219848633
42.852849000707316,26.829998016357422
21.559183418199602,29.886499404907227
42.852815594437395,26.830469131469727
12.942622882197153,42.50461959838867
8.574056522818065,68.33395385742188
82.5607814627011,25.37392807006836
80.44318801684017,25.397069931030273
17.91861762279711,31.055559158325195
11.833817414023825,46.66120147705078
17.36706865007993,31.56060218811035
59.0012159827141,26.022212982177734
60.934042352310904,25.94424819946289
72.99547483958682,25.585163116455078
19.03923757355925,30.690208435058594
9.568303691501455,56.8824462890625
64.13733644736323,25.883533477783203
10.897622398932299,50.21520233154297
15.69500673353481,34.96951675415039
11.194157644736613,48.72161102294922
11.19177678862767,48.853519439697266
8.470780591434018,68.86003875732422
10.161099938841122,54.194454193115234
103.85043538190592,24.933570861816406
8.372360006500259,70.1548843383789
8.643978716392505,67.64229583740234
8.739908631893671,63.14111328125
9.156414030200953,59.483001708984375
77.14745240963774,25.47743797302246
69.33630999300232,25.723278045654297
27.03974569529503,28.591720581054688
12.200719204884917,45.02708435058594
10.302142667042634,52.94758987426758
30.687926274929175,28.05881690979004
29.325799534512896,28.20321273803711
86.38668035099063,25.268985748291016
85.00493457969404,25.32820701599121
50.955494651261695,26.363567352294922
12.614249963468191,44.08272933959961
54.69480902973491,26.23892593383789
80.44318801684017,25.397069931030273
33.85415798753282,27.6661319732666
40.96376047767905,26.965822219848633
9.568303691501455,56.8824462890625
8.98872540964134,60.88718032836914
99.22136732940626,25.048616409301758
95.56800090948497,25.078876495361328
21.559183418199602,29.886499404907227
39.608563838797295,27.122787475585938
91.72863620780427,25.157211303710938
14.922126147509067,38.01612091064453
12.809209464320436,43.4154167175293
73.77115911649925,25.559667587280273
66.2216355278306,25.76642608642578
46.56993322867075,26.59317398071289
100.42963073150719,24.997196197509766
78.69466822719224,25.43966293334961
16.30210135627722,33.67466735839844
10.161099938841122,54.194454193115234
63.43378989695321,25.91084861755371
15.408808660990946,35.55640411376953
49.6256102939011,26.47565269470215
15.042522006018336,36.61408233642578
11.175506879636659,49.65830612182617
19.03923757355925,30.690208435058594
14.94172059296179,36.88620376586914
9.414902418694767,57.78007125854492
92.45308315961651,25.14384651184082
88.98250228081665,25.238040924072266
9.322095116202378,58.30961227416992
37.91814242779997,27.261499404907227
8.42373801481777,69.48226928710938
64.13733644736323,25.883533477783203
71.01130188164169,25.635221481323242
11.642399322120427,46.964866638183594
8.574056522818065,68.33395385742188
20.090892633795743,30.30486488342285
13.967264596557659,39.40082931518555
8.758347665874423,62.4843635559082
14.286424831924409,38.32530975341797
88.97839390342895,25.26399803161621
12.99687041021557,42.329803466796875
23.039422642218483,29.543479919433594
8.470780591434018,68.86003875732422
60.934049118676306,25.944177627563477
58.77082886709049,26.061655044555664
17.154568596080942,31.868392944335938
82.56080603475169,25.373859405517578
36.28572318220372,27.367706298828125
11.89283213825946,46.07648468017578
13.25302351764724,41.44329833984375
12.867951296204188,42.495323181152344
17.05125070253833,32.8735237121582
10.897622398932299,50.21520233154297
13.30394073203472,41.285362243652344
20.850268886126035,30.2542781829834
66.08586121812702,25.843952178955078
23.131796115407365,29.408124923706055
13.520545130967419,40.4324836730957
56.61256267956163,26.111888885498047
10.488399655665605,52.085384368896484
94.63654031390945,25.11094856262207
10.490654287699183,51.967071533203125
102.5844385796495,24.957225799560547
9.705975156592045,56.091915130615234
17.05156023296847,32.867919921875
13.802959515323867,40.0597038269043
44.54139588956436,26.765377044677734
11.515361215113419,47.764461517333984
54.69859978536807,26.236787796020508
56.60929776544493,26.1136474609375
42.852815594437395,26.830469131469727
82.5607814627011,25.37392807006836
11.726160204908258,46.56438446044922
10.692407642521124,51.11715316772461
59.0012159827141,26.022212982177734
60.934042352310904,25.94424819946289
71.90910284488906,25.63370704650879
72.99547483958682,25.585163116455078
11.194157644736613,48.72161102294922
10.76571254427232,50.61038589477539
11.19177678862767,48.853519439697266
11.454044423925861,48.02875518798828
8.372360006500259,70.1548843383789
103.85043538190592,24.933570861816406
8.739908631893671,63.14111328125
8.643978716392505,67.64229583740234
36.28572318220372,27.367706298828125
15.408825042800482,35.556278228759766
16.30210135627722,33.67466735839844
50.955494651261695,26.363567352294922
9.705975156592045,56.091915130615234
29.325799534512896,28.20321273803711
12.200719204884917,45.02708435058594
10.146925297197042,54.894569396972656
10.161099938841122,54.194454193115234
44.54139588956436,26.765377044677734
54.69480902973491,26.23892593383789
31.94363306452281,27.837825775146484
97.83642909288359,25.04464340209961
12.614249963468191,44.08272933959961
73.77115911649925,25.559667587280273
10.302142667042634,52.94758987426758
11.874584738770045,45.986732482910156
25.517626957865932,28.883150100708008
14.922126147509067,38.01612091064453
42.852815594437395,26.830469131469727
39.608563838797295,27.122787475585938
91.72863620780427,25.157211303710938
76.58137871976638,25.48294448852539
102.5844385796495,24.957225799560547
24.67152719000523,29.36719512939453
78.69466822719224,25.43966293334961
27.03974569529503,28.591720581054688
100.42963073150719,24.997196197509766
30.687926274929175,28.05881690979004
8.87416550888591,61.72592544555664
49.60196978664727,26.483863830566406
19.03923757355925,30.690208435058594
16.985845819659623,32.443172454833984
46.569950127827866,26.593111038208008
66.74906399516219,25.7587947845459
9.414902418694767,57.78007125854492
10.692407642521124,51.11715316772461
8.994155339497771,60.60669708251953
8.751817116713012,62.37074279785156
13.520545130967419,40.4324836730957
33.85415798753282,27.6661319732666
92.45308315961651,25.14384651184082
88.98250228081665,25.238040924072266
13.967264596557659,39.40082931518555
8.42373801481777,69.48226928710938
64.13733644736323,25.883533477783203
16.673999675196917,33.20038604736328
71.01130188164169,25.635221481323242
11.642399322120427,46.964866638183594
20.090892633795743,30.30486488342285
99.31815064309187,25.01947593688965
9.156414030200953,59.483001708984375
69.33630999300232,25.723278045654297
88.97839390342895,25.26399803161621
9.176199470816172,59.427574157714844
13.802959515323867,40.0597038269043
86.38668035099063,25.268985748291016
12.99687041021557,42.329803466796875
15.049944888031598,36.44239807128906
14.097195774934328,38.79220199584961
63.322208722665785,25.92230987548828
85.00442383811955,25.329668045043945
82.56080603475169,25.373859405517578
13.25302351764724,41.44329833984375
9.322095116202378,58.30961227416992
8.98872540964134,60.88718032836914
12.867951296204188,42.495323181152344
14.94172059296179,36.88620376586914
14.286424831924409,38.32530975341797
11.515361215113419,47.764461517333984
60.934049118676306,25.944177627563477
13.30394073203472,41.285362243652344
46.56993322867075,26.59317398071289
8.574056522818065,68.33395385742188
95.56800090948497,25.078876495361328
11.454044423925861,48.02875518798828
58.77082886709049,26.061655044555664
59.0012159827141,26.022212982177734
94.63654031390945,25.11094856262207
11.726160204908258,46.56438446044922
33.85404626448466,27.666608810424805
56.61256267956163,26.111888885498047
10.490654287699183,51.967071533203125
15.408808660990946,35.55640411376953
77.14726492506679,25.474712371826172
22.786229974618923,29.606704711914062
12.809209464320436,43.4154167175293
54.69859978536807,26.236787796020508
56.60929776544493,26.1136474609375
41.23845962098034,26.948976516723633
80.44318801684017,25.397069931030273
82.5607814627011,25.37392807006836
18.20014731259504,30.972042083740234
26.81470684551581,28.6270809173584
60.934042352310904,25.94424819946289
71.90910284488906,25.63370704650879
8.372360006500259,70.1548843383789
103.85043538190592,24.933570861816406
8.643978716392505,67.64229583740234
8.735096490568026,63.173797607421875
10.692407642521124,51.11715316772461
11.454044423925861,48.02875518798828
10.113815232331577,53.917701721191406
66.74906399516219,25.7587947845459
22.45319658383224,29.573148727416992
9.414902418694767,57.78007125854492
10.003799943438604,55.744937896728516
9.705975156592045,56.091915130615234
15.59743012168026,35.13074493408203
29.325799534512896,28.20321273803711
10.302142667042634,52.94758987426758
69.33630999300232,25.723278045654297
10.490654287699183,51.967071533203125
8.574056522818065,68.33395385742188
8.42373801481777,69.48226928710938
80.44318801684017,25.397069931030273
50.97860832622723,26.36114501953125
54.69480902973491,26.23892593383789
85.00442383811955,25.329668045043945
88.59529772248648,25.219444274902344
20.838528456437565,30.013460159301758
48.991852622155605,26.463132858276367
39.479398761165754,27.220123291015625
16.302100037681495,33.67467498779297
64.13733644736323,25.883533477783203
14.922126147509067,38.01612091064453
12.809209464320436,43.4154167175293
12.614249963468191,44.08272933959961
36.28572318220372,27.367706298828125
41.23845962098034,26.948976516723633
78.69466822719224,25.43966293334961
14.94172059296179,36.88620376586914
63.322208722665785,25.92230987548828
15.049944888031598,36.44239807128906
31.94363306452281,27.837825775146484
91.48282885960667,25.162677764892578
73.77115911649925,25.559667587280273
8.748583348698254,62.16463088989258
16.985845819659623,32.443172454833984
27.096281900274665,28.57682228088379
92.45308315961651,25.14384651184082
102.5844385796495,24.957225799560547
36.150493719013745,27.388626098632812
76.57989718172163,25.491029739379883
33.85415798753282,27.6661319732666
94.63654031390945,25.11094856262207
11.642399322120427,46.964866638183594
13.967264596557659,39.40082931518555
46.569950127827866,26.593111038208008
24.67152719000523,29.36719512939453
95.56800090948497,25.078876495361328
71.90910284488906,25.63370704650879
12.99687041021557,42.329803466796875
14.097195774934328,38.79220199584961
58.77082886709049,26.061655044555664
82.56080603475169,25.373859405517578
9.033005209062276,60.17021942138672
13.25302351764724,41.44329833984375
9.218847406227797,58.8711051940918
9.322095116202378,58.30961227416992
12.867951296204188,42.495323181152344
14.286424831924409,38.32530975341797
99.31815064309187,25.01947593688965
11.515361215113419,47.764461517333984
60.934049118676306,25.944177627563477
12.20575548099568,44.83481216430664
46.39005244619757,26.603614807128906
11.909078016005553,45.92732620239258
13.30394073203472,41.285362243652344
97.72771199385166,25.050525665283203
39.608563838797295,27.122787475585938
87.78232084565929,25.26434898376465
11.726160204908258,46.56438446044922
33.85404626448466,27.666608810424805
56.61256267956163,26.111888885498047
17.242682558516815,31.90338134765625
100.42963073150719,24.997196197509766
8.980349262959935,60.7877197265625
15.408808660990946,35.55640411376953
44.54139588956436,26.765377044677734
77.14726492506679,25.474712371826172
12.200719204884917,45.02708435058594
54.69859978536807,26.236787796020508
56.60929776544493,26.1136474609375
50.04745439662392,26.405851364135742
82.56055376991176,25.374591827392578
8.739908631893671,63.14111328125
60.39272419445851,25.962764739990234
8.908383971517052,61.624141693115234
73.5072215749813,25.569122314453125
13.51292982284178,40.45263671875
26.81470684551581,28.6270809173584
16.711506220426084,33.12535858154297
19.042438705604805,30.6387996673584
24.73100228141969,29.037109375
71.00809702027186,25.680713653564453
103.85043538190592,24.933570861816406
8.372360006500259,70.1548843383789
8.643978716392505,67.64229583740234
8.735096490568026,63.173797607421875
10.692407642521124,51.11715316772461
11.454044423925861,48.02875518798828
50.97860832622723,26.36114501953125
13.51292982284178,40.45263671875
69.33630999300232,25.723278045654297
9.218847406227797,58.8711051940918
15.59743012168026,35.13074493408203
58.77082886709049,26.061655044555664
85.00442383811955,25.329668045043945
9.033005209062276,60.17021942138672
91.48282885960667,25.162677764892578
54.69480902973491,26.23892593383789
10.029995971412434,54.35893249511719
10.490654287699183,51.967071533203125
88.59529772248648,25.219444274902344
97.72771199385166,25.050525665283203
9.652281374368467,57.48497772216797
87.78232084565929,25.26434898376465
16.246852085077926,34.00068283081055
63.42609433724107,25.861576080322266
41.23845962098034,26.948976516723633
44.54139588956436,26.765377044677734
9.705975156592045,56.091915130615234
11.909078016005553,45.92732620239258
12.614249963468191,44.08272933959961
19.042438705604805,30.6387996673584
82.42356215545972,25.354660034179688
66.74906399516219,25.7587947845459
14.94172059296179,36.88620376586914
38.18954731657843,27.30634117126465
31.59413916967364,27.882041931152344
26.81470684551581,28.6270809173584
15.408808660990946,35.55640411376953
15.049944888031598,36.44239807128906
92.45299910037522,25.143659591674805
100.42963073150719,24.997196197509766
10.113815232331577,53.917701721191406
94.63654031390945,25.11094856262207
95.56800090948497,25.078876495361328
29.325799534512896,28.20321273803711
24.73100228141969,29.037109375
76.57989718172163,25.491029739379883
20.77177189488097,30.11453628540039
60.934049118676306,25.944177627563477
10.003799943438604,55.744937896728516
74.11626273969557,25.553115844726562
34.157847745692706,27.589017868041992
24.329761023743607,29.416179656982422
46.569950127827866,26.593111038208008
99.31815064309187,25.01947593688965
71.00809702027186,25.680713653564453
71.90910284488906,25.63370704650879
48.92718988839059,26.46517562866211
13.967264596557659,39.40082931518555
63.322208722665785,25.92230987548828
66.74907131237289,25.758764266967773
83.89771808660369,25.353544235229492
13.25302351764724,41.44329833984375
12.99687041021557,42.329803466796875
36.150493719013745,27.388626098632812
8.748583348698254,62.16463088989258
8.535723765979094,68.60067749023438
31.94363306452281,27.837825775146484
22.382319091775315,29.81789779663086
10.302142667042634,52.94758987426758
29.1314819598764,28.23834991455078
27.461735793811673,28.504776000976562
12.867951296204188,42.495323181152344
14.286424831924409,38.32530975341797
17.242682558516815,31.90338134765625
60.39272419445851,25.962764739990234
12.20575548099568,44.83481216430664
14.92224166971193,38.01313781738281
46.39005244619757,26.603614807128906
16.711506220426084,33.12535858154297
13.269302037422564,41.21505355834961
33.753007222132396,27.686965942382812
56.62778355823521,26.110549926757812
10.304763646802911,52.805057525634766
102.44532340899481,24.95726776123047
20.838528456437565,30.013460159301758
8.965295493308105,60.67707061767578
22.6254786526549,29.522865295410156
50.04745439662392,26.405851364135742
12.177893908030953,45.05864715576172
44.542329371844865,26.760915756225586
8.42373801481777,69.48226928710938
54.69859978536807,26.236787796020508
56.60929776544493,26.1136474609375
8.574056522818065,68.33395385742188
9.322095116202378,58.30961227416992
11.642399322120427,46.964866638183594
8.745450897395813,63.08884811401367
80.44318801684017,25.397069931030273
8.960496319579514,61.19353485107422
36.34182281821121,27.36363983154297
103.85043538190592,24.933570861816406
8.369104253470832,70.21739196777344
8.735096490568026,63.173797607421875
8.644506840550397,67.60265350341797
11.132501902279417,49.21964645385742
80.44318801684017,25.397069931030273
11.454044423925861,48.02875518798828
13.967264596557659,39.40082931518555
16.711506220426084,33.12535858154297
9.652281374368467,57.48497772216797
11.642399322120427,46.964866638183594
76.57989718172163,25.491029739379883
38.18954731657843,27.30634117126465
10.783002861638314,50.98244094848633
9.218847406227797,58.8711051940918
41.23845962098034,26.948976516723633
85.00442383811955,25.329668045043945
9.033005209062276,60.17021942138672
9.705975156592045,56.091915130615234
91.48282885960667,25.162677764892578
10.003799943438604,55.744937896728516
52.90200063488803,26.2701473236084
10.029995971412434,54.35893249511719
10.490654287699183,51.967071533203125
88.59529772248648,25.219444274902344
14.286424831924409,38.32530975341797
48.92718988839059,26.46517562866211
87.78232084565929,25.26434898376465
63.42609433724107,25.861576080322266
69.33630999300232,25.723278045654297
41.497660683586865,26.92578887939453
14.92224166971193,38.01313781738281
12.622117779496168,43.794490814208984
102.44532340899481,24.95726776123047
82.42356215545972,25.354660034179688
66.74906399516219,25.7587947845459
71.01174185061755,25.63063621520996
12.867951296204188,42.495323181152344
8.418360620720662,69.18635559082031
13.51292982284178,40.45263671875
44.54139554699033,26.765382766723633
9.322095116202378,58.30961227416992
14.94172059296179,36.88620376586914
100.42963073150719,24.997196197509766
95.56800090948497,25.078876495361328
50.97860832622723,26.36114501953125
17.150482122668834,31.95150375366211
16.110659840952245,34.098670959472656
15.408808660990946,35.55640411376953
25.558445964703864,28.86392593383789
31.101940008252868,27.94681739807129
73.7386238408265,25.584745407104492
46.569950127827866,26.593111038208008
22.382319091775315,29.81789779663086
19.824168855977923,30.344520568847656
97.72771199385166,25.050525665283203
33.753007222132396,27.686965942382812
24.329761023743607,29.416179656982422
15.59743012168026,35.13074493408203
63.322208722665785,25.92230987548828
66.8499835408663,25.752309799194336
26.814085442333255,28.624967575073242
83.89771808660369,25.353544235229492
36.150493719013745,27.388626098632812
13.25302351764724,41.44329833984375
8.960496319579514,61.19353485107422
12.614249963468191,44.08272933959961
12.99687041021557,42.329803466796875
76.12326835720434,25.50231170654297
29.325799534512896,28.20321273803711
31.94363306452281,27.837825775146484
60.934049118676306,25.944177627563477
12.20575548099568,44.83481216430664
74.11626273969557,25.553115844726562
10.113815232331577,53.917701721191406
11.909078016005553,45.92732620239258
34.158763698925696,27.57595443725586
24.73100228141969,29.037109375
46.39005244619757,26.603614807128906
15.049944888031598,36.44239807128906
92.45299910037522,25.143659591674805
16.249898164574216,33.94255828857422
50.04745439662392,26.405851364135742
8.771514934598239,61.827545166015625
10.304763646802911,52.805057525634766
93.75392213532606,25.1258602142334
57.734153092207556,26.09449577331543
20.838528456437565,30.013460159301758
10.295730804039259,53.31654357910156
8.965295493308105,60.67707061767578
8.372360006500259,70.1548843383789
44.542329371844865,26.760915756225586
56.21277398858721,26.124610900878906
8.574056522818065,68.33395385742188
99.31244944962667,25.013364791870117
8.745450897395813,63.08884811401367
11.967138610185748,45.705562591552734
12.177893908030953,45.05864715576172
10.692375592371867,51.118778228759766
37.57747498626063,27.361032485961914
8.188143283026522,74.31226348876953
103.85043538190592,24.933570861816406
8.644506840550397,67.60265350341797
8.735096490568026,63.173797607421875
8.369104253470832,70.21739196777344
60.934049118676306,25.944177627563477
29.325799534512896,28.20321273803711
85.00442383811955,25.329668045043945
56.21277398858721,26.124610900878906
57.734153092207556,26.09449577331543
16.711506220426084,33.12535858154297
9.585388955547621,56.78010177612305
13.51292982284178,40.45263671875
69.33630999300232,25.723278045654297
9.322095116202378,58.30961227416992
13.25302351764724,41.44329833984375
80.20810351032559,25.413616180419922
91.48282885960667,25.162677764892578
76.58098432571065,25.487751007080078
17.150482122668834,31.95150375366211
39.368420324360585,27.118043899536133
8.418360620720662,69.18635559082031
10.846129012567518,50.406898498535156
10.003799943438604,55.744937896728516
10.029995971412434,54.35893249511719
52.90274185027706,26.267545700073242
14.286424831924409,38.32530975341797
66.74906399516219,25.7587947845459
15.59743012168026,35.13074493408203
87.78232084565929,25.26434898376465
63.42609433724107,25.861576080322266
20.838528456437565,30.013460159301758
14.92224166971193,38.01313781738281
44.54139554699033,26.765382766723633
41.49778478268555,26.9251708984375
26.815141466441997,28.623760223388672
24.329761023743607,29.416179656982422
8.574056522818065,68.33395385742188
97.72771199385166,25.050525665283203
88.59529772248648,25.219444274902344
93.75392213532606,25.1258602142334
14.94172059296179,36.88620376586914
31.94363306452281,27.837825775146484
50.97860832622723,26.36114501953125
19.514517621728643,30.52227210998535
8.771514934598239,61.827545166015625
10.490654287699183,51.967071533203125
16.105870862822908,34.09563446044922
73.7378826802219,25.587020874023438
17.981334071622975,31.064088821411133
71.01174185061755,25.63063621520996
46.569950127827866,26.593111038208008
11.909078016005553,45.92732620239258
22.608373535692948,29.64935874938965
33.753007222132396,27.686965942382812
9.033005209062276,60.17021942138672
66.74948700570015,25.751834869384766
63.322208722665785,25.92230987548828
8.745450897395813,63.08884811401367
82.42391518637044,25.34986686706543
48.92718988839059,26.46517562866211
11.132047544839118,49.240501403808594
34.158763698925696,27.57595443725586
76.12326835720434,25.50231170654297
13.967264596557659,39.40082931518555
74.11626273969557,25.553115844726562
41.23845962098034,26.948976516723633
22.382319091775315,29.81789779663086
9.702976692725715,56.08313751220703
12.99687041021557,42.329803466796875
13.976439785545194,39.372474670410156
11.28392005856804,48.279930114746094
102.44532340899481,24.95726776123047
36.00136603116665,27.51300621032715
92.45299910037522,25.143659591674805
10.295730804039259,53.31654357910156
9.136027665422745,59.38197326660156
24.73100228141969,29.037109375
11.642399322120427,46.964866638183594
31.094272433510824,27.969104766845703
100.42963073150719,24.997196197509766
38.18954731657843,27.30634117126465
12.20575548099568,44.83481216430664
50.04745439662392,26.405851364135742
11.64170179915579,46.96810531616211
11.454044423925861,48.02875518798828
15.049944888031598,36.44239807128906
95.56800090948497,25.078876495361328
10.692375592371867,51.118778228759766
37.57747498626063,27.361032485961914
44.7200270528588,26.706298828125
52.90200063488803,26.2701473236084
16.249898164574216,33.94255828857422
15.265496430279754,35.90138244628906
82.42356215545972,25.354660034179688
46.39005244619757,26.603614807128906
80.44324152888393,25.396339416503906
8.372360006500259,70.1548843383789
11.132501902279417,49.21964645385742
11.967138610185748,45.705562591552734
8.188143283026522,74.31226348876953
103.85043538190592,24.933570861816406
8.644506840550397,67.60265350341797
8.735096490568026,63.173797607421875
8.30295764664668,72.98019409179688
26.815141466441997,28.623760223388672
8.771514934598239,61.827545166015625
60.934049118676306,25.944177627563477
12.888074218047123,42.40269470214844
84.76179669845115,25.29828643798828
8.369104253470832,70.21739196777344
12.20575548099568,44.83481216430664
9.033005209062276,60.17021942138672
69.24882375320884,25.712461471557617
100.42963073150719,24.997196197509766
76.58098432571065,25.487751007080078
20.838528456437565,30.013460159301758
9.322095116202378,58.30961227416992
95.56800090948497,25.078876495361328
10.846129012567518,50.406898498535156
91.48282885960667,25.162677764892578
56.21277398858721,26.124610900878906
88.59529772248648,25.219444274902344
80.20810351032559,25.413616180419922
10.490654287699183,51.967071533203125
39.368420324360585,27.118043899536133
44.54139554699033,26.765382766723633
52.98358349584571,26.26460075378418
64.67002711449433,25.823884963989258
57.74479776372976,26.059717178344727
10.692375592371867,51.118778228759766
41.520375083381154,26.92351531982422
31.094272433510824,27.969104766845703
29.31527180373477,28.25021743774414
23.555886808403166,29.29193878173828
17.981334071622975,31.064088821411133
9.58331890017965,56.91191482543945
31.94363306452281,27.837825775146484
14.94172059296179,36.88620376586914
50.97860832622723,26.36114501953125
15.265496430279754,35.90138244628906
87.78232084565929,25.26434898376465
93.75392213532606,25.1258602142334
10.003799943438604,55.744937896728516
8.574056522818065,68.33395385742188
11.454044423925861,48.02875518798828
24.73100228141969,29.037109375
71.01174185061755,25.63063621520996
73.7378826802219,25.587020874023438
97.72771199385166,25.050525665283203
46.569950127827866,26.593111038208008
11.909078016005553,45.92732620239258
17.150482122668834,31.95150375366211
33.740627771652996,27.685853958129883
16.711954260544626,33.12228775024414
10.028003916289677,54.390968322753906
10.30432098285321,52.86005401611328
8.231918103969658,74.09342956542969
63.322208722665785,25.92230987548828
8.745450897395813,63.08884811401367
11.28392005856804,48.279930114746094
48.90274854177954,26.466468811035156
34.158763698925696,27.57595443725586
76.12326835720434,25.50231170654297
66.74948700570015,25.751834869384766
37.57747498626063,27.361032485961914
11.132047544839118,49.240501403808594
17.453939395396258,31.318159103393555
15.754580726512172,35.05786895751953
13.661973353382065,39.93925476074219
74.11626273969557,25.553115844726562
19.514517621728643,30.52227210998535
82.43576018795616,25.34968376159668
19.439352676907827,30.645172119140625
16.249898164574216,33.94255828857422
10.295730804039259,53.31654357910156
10.029995971412434,54.35893249511719
29.325799534512896,28.20321273803711
80.44324152888393,25.396339416503906
11.642399322120427,46.964866638183594
9.284839827876159,58.914695739746094
16.105870862822908,34.09563446044922
38.18954731657843,27.30634117126465
11.64170179915579,46.96810531616211
15.049944888031598,36.44239807128906
66.74906399516219,25.7587947845459
97.7272362344931,25.051795959472656
14.925079160447055,37.989219665527344
41.227244075966375,26.99074363708496
8.418360620720662,69.18635559082031
22.060794635481727,29.666969299316406
14.07541448668251,39.13262939453125
13.499978242639445,40.62260055541992
44.7200270528588,26.706298828125
15.59743012168026,35.13074493408203
52.898179794602214,26.272151947021484
101.84193494792281,24.967679977416992
82.42356215545972,25.354660034179688
46.39005244619757,26.603614807128906
16.690006595050193,33.140750885009766
103.85043538190592,24.933570861816406
8.188143283026522,74.31226348876953
8.644506840550397,67.60265350341797
8.734996066131629,62.466522216796875
8.252324064976113,72.83538818359375
8.369104253470832,70.21739196777344
12.20575548099568,44.83481216430664
12.888020315729927,42.40446853637695
14.925079160447055,37.989219665527344
13.499978242639445,40.62260055541992
71.01174185061755,25.63063621520996
37.57747498626063,27.361032485961914
34.158763698925696,27.57595443725586
97.5519109265894,25.04867935180664
48.90274854177954,26.466468811035156
91.48282885960667,25.162677764892578
76.58098432571065,25.487751007080078
22.060794635481727,29.666969299316406
12.888074218047123,42.40269470214844
80.20810351032559,25.413616180419922
63.322208722665785,25.92230987548828
9.284839827876159,58.914695739746094
8.418360620720662,69.18635559082031
23.555886808403166,29.29193878173828
41.520375083381154,26.92351531982422
87.78232084565929,25.26434898376465
52.98358349584571,26.26460075378418
101.84193494792281,24.967679977416992
56.21277398858721,26.124610900878906
57.74479776372976,26.059717178344727
60.93403834543415,25.944210052490234
44.530448840835106,26.76799964904785
29.31527180373477,28.25021743774414
8.574056522818065,68.33395385742188
64.67002711449433,25.823884963989258
73.7378826802219,25.587020874023438
26.815151792796158,28.623748779296875
10.295730804039259,53.31654357910156
84.7783512759136,25.296009063720703
9.58331890017965,56.91191482543945
14.075833976569342,39.12889862060547
89.40688433741317,25.20307159423828
69.24882375320884,25.712461471557617
99.89382460279101,25.034257888793945
9.355663518313163,58.030982971191406
8.231918103969658,74.09342956542969
10.003799943438604,55.744937896728516
25.91925579513051,28.82533073425293
14.94172059296179,36.88620376586914
17.150482122668834,31.95150375366211
46.569950127827866,26.593111038208008
16.711954260544626,33.12228775024414
33.740627771652996,27.685853958129883
10.028003916289677,54.390968322753906
9.039596651285777,60.161529541015625
11.28392005856804,48.279930114746094
16.105870862822908,34.09563446044922
11.909078016005553,45.92732620239258
76.12326835720434,25.50231170654297
68.19092201622713,25.71765899658203
74.11626273969557,25.553115844726562
10.915727924284205,50.09311294555664
15.754580726512172,35.05786895751953
8.988699097119351,60.452972412109375
82.43576018795616,25.34968376159668
84.76179669845115,25.29828643798828
60.934049118676306,25.944177627563477
10.30432098285321,52.86005401611328
10.029995971412434,54.35893249511719
93.51730464649363,25.127403259277344
13.661973353382065,39.93925476074219
10.490654287699183,51.967071533203125
50.50422057883566,26.37649154663086
11.646741094124092,46.75760269165039
8.848370363447994,61.344032287597656
11.463128817911336,47.91895294189453
19.15102145999933,30.62689971923828
10.846129012567518,50.406898498535156
66.33042510255501,25.779348373413086
20.778654690079232,30.15914535522461
44.7200270528588,26.706298828125
93.75392213532606,25.1258602142334
41.03312486299897,27.063995361328125
51.49439635734184,26.334016799926758
31.9436438394352,27.837779998779297
46.39005244619757,26.603614807128906
81.49297786058516,25.380355834960938
39.368420324360585,27.118043899536133
95.56800090948497,25.078876495361328
11.64170179915579,46.96810531616211
18.1242369885541,30.951494216918945
11.13209401819687,49.23836135864258
16.322514319566952,33.83884811401367
14.07541448668251,39.13262939453125
20.838528456437565,30.013460159301758
19.52778513319565,30.500652313232422
12.001846195262475,45.59614944458008
10.487114574817076,52.19392776489258
95.56796410655447,25.078887939453125
8.771514934598239,61.827545166015625
8.188143283026522,74.31226348876953
103.85043538190592,24.933570861816406
8.693043754259653,67.1592788696289
8.72692519108362,62.61046600341797
12.20575548099568,44.83481216430664
29.31527180373477,28.25021743774414
37.57747498626063,27.361032485961914
31.9436438394352,27.837779998779297
12.85246257890102,42.48707580566406
10.003799943438604,55.744937896728516
14.925079160447055,37.989219665527344
8.33932640736244,72.62933349609375
23.555886808403166,29.29193878173828
56.21277398858721,26.124610900878906
8.369104253470832,70.21739196777344
14.074491865277265,39.126922607421875
16.711954260544626,33.12228775024414
34.158763698925696,27.57595443725586
17.150482122668834,31.95150375366211
14.949580366737372,36.703338623046875
48.90274854177954,26.466468811035156
9.58331890017965,56.91191482543945
13.499978242639445,40.62260055541992
12.888074218047123,42.40269470214844
10.846129012567518,50.406898498535156
15.754580726512172,35.05786895751953
25.91925579513051,28.82533073425293
57.74474755683527,26.059696197509766
87.78232084565929,25.26434898376465
52.98358349584571,26.26460075378418
10.490654287699183,51.967071533203125
78.50752867732194,25.43657875061035
66.33042510255501,25.779348373413086
11.13209401819687,49.23836135864258
9.284839827876159,58.914695739746094
82.43576018795616,25.34968376159668
59.89259642555807,25.98368263244629
13.661973353382065,39.93925476074219
26.815151792796158,28.623748779296875
73.7378826802219,25.587020874023438
10.295730804039259,53.31654357910156
84.7783512759136,25.296009063720703
64.67002711449433,25.823884963989258
68.19092201622713,25.71765899658203
8.574056522818065,68.33395385742188
8.252324064976113,72.83538818359375
16.105870862822908,34.09563446044922
11.28392005856804,48.279930114746094
71.01174185061755,25.63063621520996
43.21418271208338,26.803722381591797
50.50422057883566,26.37649154663086
69.24882375320884,25.712461471557617
89.40688433741317,25.20307159423828
33.740627771652996,27.685853958129883
10.028003916289677,54.390968322753906
9.098940086822665,59.78459930419922
46.569950127827866,26.593111038208008
14.94172059296179,36.88620376586914
16.322514319566952,33.83884811401367
8.232298658095019,74.07968139648438
84.76179669845115,25.29828643798828
61.14699420025462,25.933748245239258
99.78220424033532,25.00476837158203
12.001846195262475,45.59614944458008
63.322208722665785,25.92230987548828
9.494157856625604,57.67202377319336
8.644506840550397,67.60265350341797
10.30432098285321,52.86005401611328
10.029995971412434,54.35893249511719
93.51730464649363,25.127403259277344
81.49297786058516,25.380355834960938
97.55196881136732,25.04789161682129
11.646741094124092,46.75760269165039
39.31966435790311,27.21086311340332
22.283172876882265,29.61905288696289
15.754907714105066,35.051048278808594
8.848370363447994,61.344032287597656
18.1242369885541,30.951494216918945
44.7200270528588,26.706298828125
91.48282885960667,25.162677764892578
74.34189745363553,25.544458389282227
91.48362788182226,25.160465240478516
103.61599342567665,24.960126876831055
46.39005244619757,26.603614807128906
8.37100312093307,70.04270935058594
96.22686874038166,25.0749568939209
76.58697408579069,25.480918884277344
11.541551552806904,47.392269134521484
101.06959432703573,24.98111915588379
17.643308533181223,31.34389305114746
19.15102145999933,30.62689971923828
11.463128817911336,47.91895294189453
8.418360620720662,69.18635559082031
76.12326835720434,25.50231170654297
41.910311619086535,26.892696380615234
10.487114574817076,52.19392776489258
20.391180199330094,30.16243553161621
51.49439635734184,26.334016799926758
93.94043339122787,25.119346618652344
11.018314307853876,50.00552749633789
8.188143283026522,74.31226348876953
103.85043538190592,24.933570861816406
8.72692519108362,62.61046600341797
8.693043754259653,67.1592788696289
29.31527180373477,28.25021743774414
12.200744269071901,44.711669921875
39.31966435790311,27.21086311340332
78.50752867732194,25.43657875061035
8.369104253470832,70.21739196777344
12.848298329699553,42.796653747558594
8.33932640736244,72.62933349609375
41.910311619086535,26.892696380615234
23.555886808403166,29.29193878173828
26.815151792796158,28.623748779296875
9.284839827876159,58.914695739746094
14.768165074711881,37.964744567871094
34.158763698925696,27.57595443725586
9.494157856625604,57.67202377319336
8.848370363447994,61.344032287597656
81.49297786058516,25.380355834960938
10.846129012567518,50.406898498535156
12.919006352569065,42.30248260498047
57.74474755683527,26.059696197509766
89.40688433741317,25.20307159423828
37.5757426909491,27.386199951171875
10.490654287699183,51.967071533203125
13.480595431797472,40.666019439697266
96.22686874038166,25.0749568939209
63.322208722665785,25.92230987548828
97.55196881136732,25.04789161682129
99.78220424033532,25.00476837158203
12.001846195262475,45.59614944458008
56.207885796810494,26.15027618408203
52.98359344998751,26.264511108398438
31.94363503942328,27.837875366210938
66.33042510255501,25.779348373413086
59.89259642555807,25.98368263244629
9.03695540305952,60.070030212402344
25.479442598136586,28.88521957397461
84.77882183585443,25.294580459594727
87.78232031936653,25.26435661315918
68.19092201622713,25.71765899658203
10.003799943438604,55.744937896728516
14.148172219219926,38.77104187011719
8.202187616353958,73.98747253417969
16.105870862822908,34.09563446044922
15.66394985479605,35.687618255615234
50.50422057883566,26.37649154663086
71.01174185061755,25.63063621520996
93.94043339122787,25.119346618652344
73.73784733206016,25.587509155273438
20.747889068015994,30.062780380249023
10.028003916289677,54.390968322753906
51.49439635734184,26.334016799926758
16.785621116388384,32.902626037597656
14.94172059296179,36.88620376586914
9.971902050286214,55.918922424316406
11.758285964980233,46.31749725341797
101.86261409167402,24.967714309692383
15.654906161506604,36.503360748291016
8.252324064976113,72.83538818359375
8.75828681107831,62.06806564331055
48.72371838354925,26.57252311706543
74.34189745363553,25.544458389282227
93.51730464649363,25.127403259277344
61.14699420025462,25.933748245239258
76.58697408579069,25.480918884277344
9.098940086822665,59.78459930419922
8.418360620720662,69.18635559082031
18.1242369885541,30.951494216918945
84.76179669845115,25.29828643798828
82.4359737675667,25.349061965942383
22.181381795040053,29.644208908081055
76.12326835720434,25.50231170654297
10.30432098285321,52.86005401611328
9.583788440276805,56.87957763671875
8.644506840550397,67.60265350341797
33.740627771652996,27.685853958129883
69.24882375320884,25.712461471557617
16.322514319566952,33.83884811401367
15.754907714105066,35.051048278808594
17.126511462013077,31.978134155273438
11.646741094124092,46.75760269165039
46.57050582316585,26.588109970092773
48.90274854177954,26.466468811035156
91.48282885960667,25.162677764892578
101.06959432703573,24.98111915588379
19.257438785751965,30.54624366760254
91.48362788182226,25.160465240478516
31.9436438394352,27.837779998779297
46.39005244619757,26.603614807128906
22.283172876882265,29.61905288696289
103.61599342567665,24.960126876831055
8.37100312093307,70.04270935058594
37.57866295220938,27.336589813232422
10.146130838753447,53.624881744384766
13.92510468457578,39.55308151245117
11.463128817911336,47.91895294189453
20.391180199330094,30.16243553161621
19.15102145999933,30.62689971923828
8.188143283026522,74.31226348876953
103.86340233777668,24.93332862854004
8.723675643216772,62.86882400512695
10.846129012567518,50.406898498535156
8.693043754259653,67.1592788696289
11.463128817911336,47.91895294189453
41.910311619086535,26.892696380615234
13.480595431797472,40.666019439697266
10.490654287699183,51.967071533203125
39.31966435790311,27.21086311340332
8.33932640736244,72.62933349609375
56.207885796810494,26.15027618408203
8.369104253470832,70.21739196777344
44.791954496847715,26.697431564331055
12.848298329699553,42.796653747558594
26.815151792796158,28.623748779296875
16.785621116388384,32.902626037597656
12.271297543571512,44.63627243041992
13.92510468457578,39.55308151245117
9.494157856625604,57.67202377319336
9.813463172889955,55.63446044921875
35.99866583920132,27.48863410949707
12.919006352569065,42.30248260498047
97.55196881136732,25.04789161682129
10.30432098285321,52.86005401611328
15.754907714105066,35.051048278808594
73.73784733206016,25.587509155273438
52.98489347615468,26.255516052246094
17.126511462013077,31.978134155273438
82.4359737675667,25.349061965942383
29.324779659953762,28.207149505615234
11.646741094124092,46.75760269165039
8.644506840550397,67.60265350341797
96.22686874038166,25.0749568939209
31.94363503942328,27.837875366210938
8.432444743395855,68.81581115722656
28.864670190129925,28.27448844909668
10.146130838753447,53.624881744384766
87.15495586301327,25.244503021240234
81.24174771387644,25.380525588989258
16.322514319566952,33.83884811401367
69.24882375320884,25.712461471557617
8.202187616353958,73.98747253417969
16.105870862822908,34.09563446044922
78.50752867732194,25.43657875061035
15.66394985479605,35.687618255615234
71.01185082927896,25.62786102294922
15.181607805810302,36.2110710144043
9.583788440276805,56.87957763671875
8.252324064976113,72.83538818359375
25.469931614888598,28.931856155395508
51.49439635734184,26.334016799926758
10.028003916289677,54.390968322753906
9.284839827876159,58.914695739746094
14.768165074711881,37.964744567871094
9.665772211944423,56.327571868896484
23.555886808403166,29.29193878173828
101.86261409167402,24.967714309692383
48.72371838354925,26.57252311706543
74.34189745363553,25.544458389282227
93.51730464649363,25.127403259277344
14.94172059296179,36.88620376586914
76.58697408579069,25.480918884277344
8.974611039918999,60.610530853271484
84.77882183585443,25.294580459594727
33.740627771652996,27.685853958129883
84.76179669845115,25.29828643798828
20.391180199330094,30.16243553161621
63.322208722665785,25.92230987548828
46.57050582316585,26.588109970092773
59.89259642555807,25.98368263244629
94.33129539492774,25.10882568359375
76.12326835720434,25.50231170654297
87.78412362684227,25.23961067199707
99.7818936828708,25.00558853149414
57.74474755683527,26.059696197509766
61.14699420025462,25.933748245239258
14.746576711515331,38.15971374511719
48.90274854177954,26.466468811035156
91.48282885960667,25.162677764892578
89.40689528239044,25.20292091369629
101.06959432703573,24.98111915588379
12.200744269071901,44.711669921875
37.57866295220938,27.336589813232422
91.48362788182226,25.160465240478516
31.9436438394352,27.837779998779297
22.283172876882265,29.61905288696289
8.37100312093307,70.04270935058594
34.158763698925696,27.57595443725586
78.50743025083021,25.439350128173828
46.39005244619757,26.603614807128906
68.10544855289089,25.720165252685547
12.001846195262475,45.59614944458008
25.479442598136586,28.88521957397461
17.40980729254965,31.454734802246094
71.01174185061755,25.63063621520996
22.110193494126207,29.835580825805664
23.555879945464387,29.292041778564453
64.96733475252505,25.81571388244629
66.33043989021742,25.779342651367188
8.188143283026522,74.31226348876953
103.86340233777668,24.93332862854004
8.723675643216772,62.86882400512695
8.693043754259653,67.1592788696289
13.92510468457578,39.55308151245117
8.33932640736244,72.62933349609375
41.910311619086535,26.892696380615234
8.364855892225622,70.07035827636719
8.432444743395855,68.81581115722656
56.207885796810494,26.15027618408203
11.218996275470078,49.18021011352539
8.757095731443721,61.95455551147461
26.815151792796158,28.623748779296875
12.919006352569065,42.30248260498047
12.001846195262475,45.59614944458008
9.494157856625604,57.67202377319336
12.580216309919972,43.618350982666016
9.813463172889955,55.63446044921875
81.24174771387644,25.380525588989258
63.322208722665785,25.92230987548828
57.74474755683527,26.059696197509766
15.181607805810302,36.2110710144043
14.746576711515331,38.15971374511719
8.974611039918999,60.610530853271484
35.99866583920132,27.48863410949707
37.57866295220938,27.336589813232422
14.94172059296179,36.88620376586914
13.438654183824275,40.79929733276367
97.55196881136732,25.04789161682129
9.28124577354603,58.91057586669922
99.7818936828708,25.00558853149414
59.89259642555807,25.98368263244629
51.49439635734184,26.334016799926758
19.410007714882518,30.479822158813477
10.30432098285321,52.86005401611328
8.644506840550397,67.60265350341797
29.324779659953762,28.207149505615234
53.11973192941803,26.24942398071289
10.781585769216106,51.67241287231445
73.73784733206016,25.587509155273438
31.94363503942328,27.837875366210938
66.33043989021742,25.779342651367188
64.96733475252505,25.81571388244629
44.791887068513766,26.697683334350586
48.90274854177954,26.466468811035156
40.00953097694648,27.03031349182129
69.24882375320884,25.712461471557617
68.10544855289089,25.720165252685547
39.31966435790311,27.21086311340332
10.846129012567518,50.406898498535156
10.146130838753447,53.624881744384766
93.51730464649363,25.127403259277344
8.202187616353958,73.98747253417969
12.848298329699553,42.796653747558594
78.50752867732194,25.43657875061035
17.828128013444978,31.06500816345215
94.33129539492774,25.10882568359375
71.01185082927896,25.62786102294922
10.851145661341612,50.15993118286133
28.864670190129925,28.27448844909668
11.463118800367965,47.9190788269043
33.740627771652996,27.685853958129883
14.768165074711881,37.964744567871094
34.158763698925696,27.57595443725586
10.027997848561894,54.39132308959961
25.390677736116167,29.022090911865234
15.641781245979443,35.213829040527344
13.48060524992238,40.665733337402344
11.676206469603157,46.732479095458984
48.72371838354925,26.57252311706543
9.045771066637185,60.08839797973633
9.189147806519642,59.416717529296875
76.58697408579069,25.480918884277344
8.37100312093307,70.04270935058594
85.98107658315367,25.27202033996582
11.646741094124092,46.75760269165039
11.463128817911336,47.91895294189453
83.46891196847767,25.321577072143555
15.754907714105066,35.051048278808594
46.57050582316585,26.588109970092773
16.105870862822908,34.09563446044922
23.555886808403166,29.29193878173828
87.78412362684227,25.23961067199707
8.251827769895513,72.84608459472656
12.277146255589999,44.631656646728516
16.35843885826307,33.74834442138672
61.14699420025462,25.933748245239258
17.126511462013077,31.978134155273438
101.06959432703573,24.98111915588379
89.41051364219227,25.201759338378906
91.48282885960667,25.162677764892578
16.98084470625638,32.346946716308594
12.200744269071901,44.711669921875
91.48362788182226,25.160465240478516
31.983679573505327,27.832813262939453
102.62430914211271,24.959125518798828
16.777650454981746,32.90623092651367
78.50743025083021,25.439350128173828
74.70200170427906,25.53525161743164
46.39005244619757,26.603614807128906
103.86340233777668,24.93332862854004
8.188143283026522,74.31226348876953
23.555886808403166,29.29193878173828
8.714827126492592,63.0203742980957
8.693043754259653,67.1592788696289
19.410007714882518,30.479822158813477
97.55196881136732,25.04789161682129
8.33932640736244,72.62933349609375
41.910311619086535,26.892696380615234
10.781585769216106,51.67241287231445
81.24174771387644,25.380525588989258
11.411717933025635,47.83944320678711
11.218996275470078,49.18021011352539
8.364855892225622,70.07035827636719
44.791887068513766,26.697683334350586
83.46891196847767,25.321577072143555
53.11973192941803,26.24942398071289
25.390677736116167,29.022090911865234
85.98107658315367,25.27202033996582
12.919006352569065,42.30248260498047
10.30432098285321,52.86005401611328
56.207885796810494,26.15027618408203
9.530957520402055,57.340431213378906
8.432444743395855,68.81581115722656
94.33129539492774,25.10882568359375
12.580216309919972,43.618350982666016
76.58697408579069,25.480918884277344
37.446594583853795,27.324325561523438
9.813463172889955,55.63446044921875
73.73784733206016,25.587509155273438
89.41051364219227,25.201759338378906
13.438654183824275,40.79929733276367
99.7818936828708,25.00558853149414
87.78412362684227,25.23961067199707
71.01185082927896,25.62786102294922
61.14699420025462,25.933748245239258
30.626441224578475,28.01207160949707
13.92510468457578,39.55308151245117
10.146130838753447,53.624881744384766
48.90274854177954,26.466468811035156
10.027997848561894,54.39132308959961
13.993236359467316,39.21208953857422
51.49439635734184,26.334016799926758
74.70200170427906,25.53525161743164
68.10544855289089,25.720165252685547
10.846129012567518,50.406898498535156
16.35843885826307,33.74834442138672
93.517304219934,25.127403259277344
101.06959432703573,24.98111915588379
13.48060524992238,40.665733337402344
12.847870099258174,42.78965759277344
40.00953097694648,27.03031349182129
78.50752867732194,25.43657875061035
15.641781245979443,35.213829040527344
57.74474755683527,26.059696197509766
8.540693180069967,67.93994140625
14.709314758372606,38.32231903076172
26.815151792796158,28.623748779296875
10.851145661341612,50.15993118286133
28.864670190129925,28.27448844909668
27.24912025365821,28.546186447143555
33.740627771652996,27.685853958129883
14.768165074711881,37.964744567871094
35.76990772257542,27.40749740600586
16.105870862822908,34.09563446044922
8.251827769895513,72.84608459472656
48.72371838354925,26.57252311706543
11.947844789982794,45.82632827758789
66.33043989021742,25.779342651367188
9.189147806519642,59.416717529296875
16.777650454981746,32.90623092651367
8.37100312093307,70.04270935058594
12.277146255589999,44.631656646728516
8.846897436472572,61.300811767578125
12.001846195262475,45.59614944458008
11.646741094124092,46.75760269165039
46.57050582316585,26.588109970092773
15.182125539723662,36.21079635620117
59.74618948500572,25.98810577392578
9.98486731581367,55.208152770996094
29.324779659953762,28.207149505615234
14.94172059296179,36.88620376586914
8.23734531029736,73.9159164428711
63.322208722665785,25.92230987548828
15.760128023041853,34.78202819824219
102.62430914211271,24.959125518798828
91.48282885960667,25.162677764892578
12.200744269071901,44.711669921875
9.045771066637185,60.08839797973633
8.723675643216772,62.86882400512695
11.676206469603157,46.732479095458984
91.48362788182226,25.160465240478516
39.31966435790311,27.21086311340332
31.983679573505327,27.832813262939453
78.50743025083021,25.439350128173828
9.3700030857074,58.11093521118164
46.39005244619757,26.603614807128906
8.757095731443721,61.95455551147461
70.30125217978002,25.646808624267578
64.73459770032214,25.82337188720703
8.188143283026522,74.31226348876953
103.86341013650014,24.933311462402344
8.693043754259653,67.1592788696289
8.714827126492592,63.0203742980957
20.74537597451714,30.20014190673828
97.55196881136732,25.04789161682129
9.46691626536943,57.32936096191406
11.411717933025635,47.83944320678711
53.11973192941803,26.24942398071289
11.218996275470078,49.18021011352539
23.555886808403166,29.29193878173828
8.347234388898697,72.33438110351562
83.46891196847767,25.321577072143555
51.49439635734184,26.334016799926758
9.813463172889955,55.63446044921875
33.740627771652996,27.685853958129883
8.364855892225622,70.07035827636719
94.33129539492774,25.10882568359375
16.777650454981746,32.90623092651367
74.70200170427906,25.53525161743164
25.390677736116167,29.022090911865234
15.182125539723662,36.21079635620117
68.10544855289089,25.720165252685547
8.846897436472572,61.300811767578125
72.66583888614112,25.58625602722168
57.74474755683527,26.059696197509766
9.184908264998153,59.12446212768555
14.94172059296179,36.88620376586914
17.409810089469694,31.459836959838867
63.322208722665785,25.92230987548828
31.983679573505327,27.832813262939453
61.14699420025462,25.933748245239258
59.74618948500572,25.98810577392578
8.540693180069967,67.93994140625
13.207989465595118,42.137821197509766
35.76990772257542,27.40749740600586
15.641781245979443,35.213829040527344
64.73459770032214,25.82337188720703
56.207885796810494,26.15027618408203
12.580216309919972,43.618350982666016
10.146130838753447,53.624881744384766
10.027997848561894,54.39132308959961
14.709314758372606,38.32231903076172
13.993236359467316,39.21208953857422
8.757095731443721,61.95455551147461
13.438654183824275,40.79929733276367
37.446594583853795,27.324325561523438
87.78412362684227,25.23961067199707
14.768165074711881,37.964744567871094
8.23734531029736,73.9159164428711
39.31966435790311,27.21086311340332
9.045771066637185,60.08839797973633
48.903578728037424,26.463396072387695
81.16834046012026,25.40656852722168
43.81732839700789,26.88063621520996
13.48060524992238,40.665733337402344
70.30125217978002,25.646808624267578
26.815151792796158,28.623748779296875
10.447380739768244,52.707496643066406
12.847870099258174,42.78965759277344
41.910311619086535,26.892696380615234
78.50752867732194,25.43657875061035
15.760128023041853,34.78202819824219
9.98486731581367,55.208152770996094
85.98107658315367,25.27202033996582
16.105870862822908,34.09563446044922
13.864718391732412,39.5687141418457
48.72371838354925,26.57252311706543
11.947844789982794,45.82632827758789
10.782350771822353,50.93098449707031
81.24174771387644,25.380525588989258
12.001846195262475,45.59614944458008
11.646741094124092,46.75760269165039
46.57050582316585,26.588109970092773
23.898287744566225,29.217849731445312
10.778692110262066,51.6752815246582
99.7818936828708,25.00558853149414
16.35843885826307,33.74834442138672
10.851145661341612,50.15993118286133
29.324779659953762,28.207149505615234
12.399400962838152,44.247344970703125
89.41051364219227,25.201759338378906
44.791887068513766,26.697683334350586
41.193115028233485,26.941207885742188
8.432444743395855,68.81581115722656
9.369801730208575,58.114585876464844
89.9511112123558,25.190956115722656
12.200744269071901,44.711669921875
27.804871909130807,28.44386863708496
8.251827769895513,72.84608459472656
11.676206469603157,46.732479095458984
8.429341284592878,68.99240112304688
93.51649269938476,25.129724502563477
91.48362788182226,25.160465240478516
8.373914453731674,69.869384765625
10.30432098285321,52.86005401611328
16.543622406755908,33.13972473144531
71.01185082927896,25.62786102294922
102.62430914211271,24.959125518798828
76.58697408579069,25.480918884277344
8.188143283026522,74.31226348876953
103.86341013650014,24.933311462402344
8.714827126492592,63.0203742980957
8.693043754259653,67.1592788696289
20.671002776445594,30.12828826904297
29.324779659953762,28.207149505615234
8.347234388898697,72.33438110351562
23.555886808403166,29.29193878173828
56.207885796810494,26.15027618408203
83.46891196847767,25.321577072143555
78.50752867732194,25.43657875061035
85.98107658315367,25.27202033996582
8.360188606525485,70.17406463623047
46.57050582316585,26.588109970092773
9.184908264998153,59.12446212768555
19.367705208516263,30.64929962158203
76.58697408579069,25.480918884277344
35.76990772257542,27.40749740600586
63.322208722665785,25.92230987548828
61.14699420025462,25.933748245239258
91.48362788182226,25.160465240478516
65.92009940386473,25.777673721313477
87.78412362684227,25.23961067199707
99.7818936828708,25.00558853149414
9.809232915512434,55.908843994140625
9.369801730208575,58.114585876464844
9.045771066637185,60.08839797973633
72.66583888614112,25.58625602722168
31.983248201758176,27.83469009399414
8.540693180069967,67.93994140625
10.851145661341612,50.15993118286133
95.67493596430852,25.083784103393555
44.791887068513766,26.697683334350586
27.804871909130807,28.44386863708496
53.11965273026228,26.248811721801758
13.207989465595118,42.137821197509766
43.81732839700789,26.88063621520996
10.146130838753447,53.624881744384766
10.027997848561894,54.39132308959961
25.390677736116167,29.022090911865234
41.193115028233485,26.941207885742188
13.864718391732412,39.5687141418457
8.251827769895513,72.84608459472656
9.49161125591571,57.29237747192383
70.30114714151965,25.64568328857422
12.847870099258174,42.78965759277344
16.667819461069524,32.82538604736328
12.200744269071901,44.711669921875
102.62430914211271,24.959125518798828
93.51649269938476,25.129724502563477
100.97000493704176,24.98314666748047
8.23734531029736,73.9159164428711
64.73459770032214,25.82337188720703
81.16834046012026,25.40656852722168
48.92487196332362,26.460935592651367
13.438654183824275,40.79929733276367
51.49439635734184,26.334016799926758
13.48060524992238,40.665733337402344
17.319142966270128,31.97267723083496
41.910311619086535,26.892696380615234
59.74618948500572,25.98810577392578
15.760128023041853,34.78202819824219
9.98486731581367,55.208152770996094
10.778692110262066,51.6752815246582
13.993236359467316,39.21208953857422
48.72371838354925,26.57252311706543
34.13279377724406,27.6422176361084
11.925413020737334,45.825557708740234
33.740627771652996,27.685853958129883
12.399400962838152,44.247344970703125
71.01185082927896,25.62786102294922
81.24174771387644,25.380525588989258
11.390795664758818,48.151580810546875
11.218996275470078,49.18021011352539
14.709314758372606,38.32231903076172
12.001846195262475,45.59614944458008
18.175527557358006,30.92225456237793
39.32003141406288,27.209836959838867
68.11126876830178,25.7167911529541
10.483589187186272,52.115718841552734
97.55196881136732,25.04789161682129
68.10544855289089,25.720165252685547
8.911859504022235,60.76836395263672
8.757095731443721,61.95455551147461
89.41051364219227,25.201759338378906
14.808419796775127,37.045448303222656
94.33129539492774,25.10882568359375
15.505254906661118,35.945457458496094
26.39300993571384,28.841934204101562
89.9511112123558,25.190956115722656
8.373914453731674,69.869384765625
8.432444743395855,68.81581115722656
58.673049390422364,26.028112411499023
74.24146897678058,25.544401168823242
11.58461010369224,47.09867477416992
8.429341284592878,68.99240112304688
16.543622406755908,33.13972473144531
38.24746556081952,27.301334381103516
11.676206469603157,46.732479095458984
10.30432098285321,52.86005401611328
8.188143283026522,74.31226348876953
103.86341013650014,24.933311462402344
8.674839085250724,63.846221923828125
8.56325946691177,67.77401733398438
31.983248201758176,27.83469009399414
14.808419796775127,37.045448303222656
15.505254906661118,35.945457458496094
12.847870099258174,42.78965759277344
8.360188606525485,70.17406463623047
16.543622406755908,33.13972473144531
8.347234388898697,72.33438110351562
14.709314758372606,38.32231903076172
9.809232915512434,55.908843994140625
44.791887068513766,26.697683334350586
12.399400962838152,44.247344970703125
10.778692110262066,51.6752815246582
48.92487196332362,26.460935592651367
15.760128023041853,34.78202819824219
63.322208722665785,25.92230987548828
58.673049390422364,26.028112411499023
38.24746556081952,27.301334381103516
61.14699420025462,25.933748245239258
9.184908264998153,59.12446212768555
87.78412362684227,25.23961067199707
99.7818936828708,25.00558853149414
9.039538237625239,60.0059814453125
26.39300993571384,28.841934204101562
29.32623176784854,28.197935104370117
46.57050582316585,26.588109970092773
17.319142966270128,31.97267723083496
56.207885796810494,26.15027618408203
53.1752255458894,26.246307373046875
10.30432098285321,52.86005401611328
42.560869343850605,26.845937728881836
97.55196881136732,25.04789161682129
10.146130838753447,53.624881744384766
41.193115028233485,26.941207885742188
18.175527557358006,30.92225456237793
9.98486731581367,55.208152770996094
10.851145661341612,50.15993118286133
13.438654183824275,40.79929733276367
13.864718391732412,39.5687141418457
21.966471397105025,29.709888458251953
11.58461010369224,47.09867477416992
11.154521572470898,49.05513381958008
12.200744269071901,44.711669921875
9.49161125591571,57.29237747192383
93.51649269938476,25.129724502563477
100.97000493704176,24.98314666748047
8.23734531029736,73.9159164428711
81.16834046012026,25.40656852722168
13.208623768467287,42.137351989746094
51.43967705040955,26.33663558959961
11.676206469603157,46.732479095458984
10.483589187186272,52.115718841552734
78.50772152551342,25.433969497680664
56.21013279400072,26.11908721923828
35.949505370209906,27.39188003540039
83.46891196847767,25.321577072143555
8.251827769895513,72.84608459472656
59.74618948500572,25.98810577392578
85.98107658315367,25.27202033996582
47.79711083548088,26.518537521362305
34.13279377724406,27.6422176361084
74.24146897678058,25.544401168823242
11.925413020737334,45.825557708740234
33.740627771652996,27.685853958129883
13.499297713341184,40.55653381347656
15.759792880947257,34.78887176513672
71.01185082927896,25.62786102294922
76.58472519498011,25.511890411376953
14.180510587474048,39.097625732421875
12.001846195262475,45.59614944458008
39.32003141406288,27.209836959838867
95.67493596430852,25.083784103393555
22.680608521239506,29.506332397460938
81.24174771387644,25.380525588989258
8.373914453731674,69.869384765625
25.26792089116331,29.0472354888916
83.41174021149386,25.330791473388672
11.053903186148217,49.541873931884766
68.1118656027379,25.708675384521484
70.29969499767144,25.652971267700195
68.10544855289089,25.720165252685547
20.76244265433917,30.09229278564453
16.669220801895214,32.81568908691406
65.92009975436605,25.777667999267578
8.911859504022235,60.76836395263672
89.41051364219227,25.201759338378906
94.33129539492774,25.10882568359375
11.390795664758818,48.151580810546875
20.466387154770768,30.126867294311523
23.555886808403166,29.29193878173828
27.721234383335723,28.469188690185547
89.9511112123558,25.190956115722656
8.432444743395855,68.81581115722656
8.540693180069967,67.93994140625
9.346651411841297,58.255943298339844
27.804871909130807,28.44386863708496
19.41517227744405,30.536075592041016
103.86342251831788,24.933277130126953
8.188143283026522,74.31226348876953
8.674839085250724,63.846221923828125
8.566221712015972,67.7107162475586
74.24146897678058,25.544401168823242
8.347234388898697,72.33438110351562
65.92009975436605,25.777667999267578
9.49161125591571,57.29237747192383
63.322208722665785,25.92230987548828
9.98486731581367,55.208152770996094
76.58472519498011,25.511890411376953
85.98107658315367,25.27202033996582
13.208623768467287,42.137351989746094
44.791887068513766,26.697683334350586
89.9511112123558,25.190956115722656
100.97000493704176,24.98314666748047
8.360188606525485,70.17406463623047
42.560869343850605,26.845937728881836
8.754430638515764,61.810123443603516
11.390795664758818,48.151580810546875
14.709314758372606,38.32231903076172
48.92487196332362,26.460935592651367
41.193115028233485,26.941207885742188
16.10073356125384,34.65216827392578
8.432444743395855,68.81581115722656
9.346651411841297,58.255943298339844
58.673049390422364,26.028112411499023
8.911859504022235,60.76836395263672
93.51649269938476,25.129724502563477
39.32003141406288,27.209836959838867
71.01185082927896,25.62786102294922
12.399400962838152,44.247344970703125
9.184908264998153,59.12446212768555
13.864718391732412,39.5687141418457
23.555886808403166,29.29193878173828
16.543622406755908,33.13972473144531
31.971652871508994,27.890789031982422
13.438654183824275,40.79929733276367
95.67493596430852,25.083784103393555
53.1752255458894,26.246307373046875
29.326234150280097,28.19790267944336
10.145068521474455,53.6412467956543
54.66679218535018,26.18577003479004
12.745110093380243,43.118927001953125
8.251827769895513,72.84608459472656
15.505254906661118,35.945457458496094
11.58461010369224,47.09867477416992
19.41517227744405,30.536075592041016
25.26792089116331,29.0472354888916
51.43967705040955,26.33663558959961
9.802466290442698,55.946746826171875
103.86341013650014,24.933311462402344
10.79830716880626,51.03361511230469
70.29969499767144,25.652971267700195
13.499297713341184,40.55653381347656
33.75236485544686,27.63103675842285
79.95263691144591,25.408649444580078
8.373914453731674,69.869384765625
56.21013279400072,26.11908721923828
83.46891196847767,25.321577072143555
10.483589187186272,52.115718841552734
35.94900512071025,27.39394187927246
59.74618948500572,25.98810577392578
14.802621611040122,37.092838287353516
38.24746556081952,27.301334381103516
15.759792880947257,34.78887176513672
8.23734531029736,73.9159164428711
35.949505370209906,27.39188003540039
11.964392528200122,45.5912971496582
22.680608521239506,29.506332397460938
81.24174771387644,25.380525588989258
17.319142966270128,31.97267723083496
83.41174021149386,25.330791473388672
68.10544855289089,25.720165252685547
68.1118656027379,25.708675384521484
97.55196881136732,25.04789161682129
99.78188535950693,25.005590438842773
16.96078649287968,32.4755859375
89.41051364219227,25.201759338378906
15.053548894058212,36.61442565917969
20.466387154770768,30.126867294311523
61.420682605256914,25.931421279907227
8.758988262646524,61.7891845703125
8.540693180069967,67.93994140625
20.76244265433917,30.09229278564453
27.804871909130807,28.44386863708496
78.50771835838147,25.434011459350586
26.467131052321452,28.695209503173828
32.10502245287624,27.819408416748047
14.207104016387657,38.85211944580078
12.200744269071901,44.711669921875
33.740627771652996,27.685853958129883
11.853408010563097,46.511775970458984
29.32623176784854,28.197935104370117
46.56809394619839,26.619190216064453
11.217682633363854,48.99763870239258
97.5519564280371,25.04792594909668
21.83697565941074,29.733539581298828
51.65864596686866,26.324026107788086
11.925413020737334,45.825557708740234
8.188143283026522,74.31226348876953
103.86342251831788,24.933277130126953
8.652020494818386,64.32215881347656
8.566221712015972,67.7107162475586
10.79830716880626,51.03361511230469
85.98107658315367,25.27202033996582
93.51628049065533,25.128774642944336
74.24146897678058,25.544401168823242
11.217682633363854,48.99763870239258
8.347234388898697,72.33438110351562
9.49161125591571,57.29237747192383
9.802466290442698,55.946746826171875
76.58472519498011,25.511890411376953
19.41517227744405,30.536075592041016
46.56809394619839,26.619190216064453
89.9511112123558,25.190956115722656
8.360188090579603,70.17411041259766
89.41051364219227,25.201759338378906
8.674839085250724,63.846221923828125
8.754430638515764,61.810123443603516
25.26792089116331,29.0472354888916
13.864718391732412,39.5687141418457
16.10073356125384,34.65216827392578
27.804871909130807,28.44386863708496
15.505254906661118,35.945457458496094
38.24746556081952,27.301334381103516
61.420682605256914,25.931421279907227
9.346651411841297,58.255943298339844
81.24174771387644,25.380525588989258
78.50771835838147,25.434011459350586
99.78188535950693,25.005590438842773
31.971652871508994,27.890789031982422
23.555886808403166,29.29193878173828
12.399400962838152,44.247344970703125
71.01185186174887,25.627845764160156
16.543622406755908,33.13972473144531
10.474558273058623,52.249053955078125
54.66679218535018,26.18577003479004
14.802621611040122,37.092838287353516
53.1752255458894,26.246307373046875
14.207104016387657,38.85211944580078
29.326234150280097,28.19790267944336
10.06326814926899,54.94725036621094
17.903260243273635,31.107423782348633
15.759792880947257,34.78887176513672
12.200744269071901,44.711669921875
10.145068521474455,53.6412467956543
59.74618948500572,25.98810577392578
8.23734531029736,73.9159164428711
48.92487196332362,26.460935592651367
9.125843845677934,60.21519088745117
21.83697565941074,29.733539581298828
64.55896100188747,25.818462371826172
11.58461010369224,47.09867477416992
13.499297713341184,40.55653381347656
11.73511348994237,46.49875259399414
13.330419740534714,40.93646240234375
33.75236485544686,27.63103675842285
51.43967705040955,26.33663558959961
8.373914453731674,69.869384765625
83.46891196847767,25.321577072143555
10.483589187186272,52.115718841552734
48.86173910798647,26.498388290405273
35.94900512071025,27.39394187927246
58.673049390422364,26.028112411499023
56.210876143617526,26.11653709411621
10.144965706664443,53.641357421875
12.72919836542918,43.19371795654297
12.745110093380243,43.118927001953125
44.698355266363144,26.733583450317383
14.772264351435851,38.16142272949219
17.225074311954494,31.724563598632812
35.94967607746037,27.389467239379883
13.20890343372778,42.12882614135742
11.964392528200122,45.5912971496582
8.251827769895513,72.84608459472656
8.432444743395855,68.81581115722656
13.208623768467287,42.137351989746094
9.184908264998153,59.12446212768555
42.560869343850605,26.845937728881836
68.10544855289089,25.720165252685547
68.1118656027379,25.708675384521484
97.55196881136732,25.04789161682129
65.92009975436605,25.777667999267578
70.29968088144877,25.65297508239746
83.41137272893117,25.335790634155273
102.26918620045959,24.962480545043945
95.67493596430852,25.083784103393555
39.44622994101793,27.084461212158203
11.417149003374984,47.80149841308594
20.466387154770768,30.126867294311523
9.98486731581367,55.208152770996094
32.10502245287624,27.819408416748047
20.76244265433917,30.09229278564453
44.791887068513766,26.697683334350586
41.193115028233485,26.941207885742188
33.740627771652996,27.685853958129883
29.32623176784854,28.197935104370117
11.925413020737334,45.825557708740234
100.97000493704176,24.98314666748047
8.188143283026522,74.31226348876953
103.86342251831788,24.933277130126953
8.652020494818386,64.32215881347656
8.567433578399756,67.70840454101562
74.24146897678058,25.544401168823242
9.125843845677934,60.21519088745117
81.24174771387644,25.380525588989258
8.347234388898697,72.33438110351562
23.555886808403166,29.29193878173828
9.802466290442698,55.946746826171875
93.51628049065533,25.128774642944336
8.432444743395855,68.81581115722656
11.118730746290685,49.612545013427734
97.55196881136732,25.04789161682129
15.505254906661118,35.945457458496094
8.354907446865372,70.29151153564453
95.67493596430852,25.083784103393555
38.24746556081952,27.301334381103516
11.417149003374984,47.80149841308594
14.772264351435851,38.16142272949219
16.006087726332662,34.1695671081543
9.184908264998153,59.12446212768555
42.560869343850605,26.845937728881836
65.92009975436605,25.777667999267578
91.41999473946147,25.159318923950195
64.55896100188747,25.818462371826172
39.44622994101793,27.084461212158203
8.748995409469895,62.10749053955078
25.34799129565397,28.912647247314453
41.193115028233485,26.941207885742188
13.864718391732412,39.5687141418457
87.21543982514885,25.247676849365234
99.78188535950693,25.005590438842773
12.399400962838152,44.247344970703125
8.787513602999994,61.75305938720703
8.704315464483118,63.65845489501953
71.01185186174887,25.627845764160156
16.913484012831614,32.8870964050293
16.543622406755908,33.13972473144531
27.78643837121686,28.499099731445312
62.479230800883286,25.888471603393555
54.66679218535018,26.18577003479004
29.994790800670124,28.101123809814453
8.251827769895513,72.84608459472656
9.49161125591571,57.29237747192383
10.79830716880626,51.03361511230469
12.200744269071901,44.711669921875
10.474558273058623,52.249053955078125
10.145068521474455,53.6412467956543
70.29968088144877,25.65297508239746
59.74618948500572,25.98810577392578
61.420682605256914,25.931421279907227
14.864361236605983,36.94797134399414
78.50771835838147,25.434011459350586
21.83697565941074,29.733539581298828
8.23734531029736,73.9159164428711
17.225074311954494,31.724563598632812
33.75236485544686,27.63103675842285
50.995131155510094,26.354751586914062
56.210876143617526,26.11653709411621
102.26918620045959,24.962480545043945
58.673049390422364,26.028112411499023
8.373914453731674,69.869384765625
35.94900512071025,27.39394187927246
31.971652871508994,27.890789031982422
57.21501281045602,26.084247589111328
18.465913584173727,30.82012176513672
10.083742618615432,53.976287841796875
48.86173910798647,26.498388290405273
100.97000493704176,24.98314666748047
12.72919836542918,43.19371795654297
46.5706657797153,26.58333396911621
11.217682633363854,48.99763870239258
44.698355266363144,26.733583450317383
15.595455320849732,35.15278244018555
35.94967607746037,27.389467239379883
14.802621611040122,37.092838287353516
11.964392528200122,45.5912971496582
13.2109650597151,41.4446907043457
48.92487196332362,26.460935592651367
51.43967705040955,26.33663558959961
12.907394032182616,43.07102966308594
11.58461010369224,47.09867477416992
83.41137272893117,25.335790634155273
68.10544855289089,25.720165252685547
68.1118656027379,25.708675384521484
14.207104016387657,38.85211944580078
15.759792880947257,34.78887176513672
76.40802875726119,25.49271583557129
89.40378373550944,25.20391845703125
8.566221712015972,67.7107162475586
13.501982392310163,40.54171371459961
76.29729112010288,25.518657684326172
78.50505991579148,25.470354080200195
20.466387154770768,30.126867294311523
9.98486731581367,55.208152770996094
25.26522969743205,29.16012191772461
32.10502245287624,27.819408416748047
84.31439120773153,25.310962677001953
13.208623768467287,42.137351989746094
8.188143283026522,74.31226348876953
103.86353904106183,24.931690216064453
8.650327264485808,64.45782470703125
8.578007942586424,67.65484619140625
10.79830716880626,51.03361511230469
29.994790800670124,28.101123809814453
87.21543982514885,25.247676849365234
54.66679218535018,26.18577003479004
20.466387154770768,30.126867294311523
8.354907446865372,70.29151153564453
33.75236485544686,27.63103675842285
46.5706657797153,26.58333396911621
8.347234388898697,72.33438110351562
89.40378373550944,25.20391845703125
13.501982392310163,40.54171371459961
91.41999473946147,25.159318923950195
97.55196881136732,25.04789161682129
9.98486731581367,55.208152770996094
11.417149003374984,47.80149841308594
9.184908264998153,59.12446212768555
51.43967705040955,26.33663558959961
16.006087726332662,34.1695671081543
13.864718391732412,39.5687141418457
84.31439120773153,25.310962677001953
42.56058936852195,26.844945907592773
9.347115270046906,58.23705291748047
25.34799129565397,28.912647247314453
11.217682633363854,48.99763870239258
8.704315464483118,63.65845489501953
38.24746556081952,27.301334381103516
15.505254906661118,35.945457458496094
80.97731426839061,25.379741668701172
39.43415778202032,27.082380294799805
41.193115028233485,26.941207885742188
14.207104016387657,38.85211944580078
11.964392528200122,45.5912971496582
9.125843845677934,60.21519088745117
71.79420111617802,25.604190826416016
13.2109650597151,41.4446907043457
18.855020780306734,30.72798728942871
65.92009975436605,25.777667999267578
13.208623768467287,42.137351989746094
27.78643837121686,28.499099731445312
74.24146897678058,25.544401168823242
11.9083668987526,46.54996109008789
93.51628049065533,25.128774642944336
10.083742618615432,53.976287841796875
11.000237832368708,49.63028335571289
8.742606833070713,62.42275619506836
10.146867963867097,53.63188552856445
10.474558273058623,52.249053955078125
16.913484012831614,32.8870964050293
27.78841191828601,28.476552963256836
11.58081518845031,47.081581115722656
9.638616270052323,56.493045806884766
16.543622406755908,33.13972473144531
62.479230800883286,25.888471603393555
10.476841833533259,52.245296478271484
35.94900512071025,27.39394187927246
78.50771835838147,25.434011459350586
57.21501281045602,26.084247589111328
48.86173910798647,26.498388290405273
14.910142088692776,36.734375
17.196435596695352,31.789756774902344
24.90264831240856,28.995662689208984
82.0844723510579,25.35793685913086
21.83697565941074,29.733539581298828
31.971652871508994,27.890789031982422
36.22966521065724,27.365489959716797
22.084097549629544,29.667387008666992
100.97000493704176,24.98314666748047
48.92487196332362,26.460935592651367
95.67493596430852,25.083784103393555
12.53014128760256,43.67426300048828
44.698355266363144,26.733583450317383
12.399400962838152,44.247344970703125
14.802621611040122,37.092838287353516
68.1118656027379,25.708675384521484
83.41137272893117,25.335790634155273
15.759792880947257,34.78887176513672
99.78149821490032,25.01087188720703
8.566221712015972,67.7107162475586
70.29968088144877,25.65297508239746
67.71808339175082,25.728242874145508
50.995131155510094,26.354751586914062
8.432444743395855,68.81581115722656
23.55211713392444,29.349327087402344
32.10502245287624,27.819408416748047
44.69885221503214,26.731781005859375
76.66532056980013,25.492408752441406
59.74618948500572,25.98810577392578
12.909861225066875,42.98867416381836
74.92682063843307,25.528095245361328
14.77232911918747,38.1075325012207
8.389908202540187,69.75479125976562
8.24203850630061,73.8028335571289
23.555886808403166,29.29193878173828
8.251827769895513,72.84608459472656
9.489529380229907,57.296607971191406
78.50505991579148,25.470354080200195
8.187999198802949,74.32720184326172
103.86353904106183,24.931690216064453
8.580605862477753,67.61331939697266
8.641525617633523,64.47203063964844
59.74618948500572,25.98810577392578
65.92009975436605,25.777667999267578
57.214594285631094,26.079299926757812
9.125843845677934,60.21519088745117
11.964392528200122,45.5912971496582
8.807606773305347,61.54953384399414
9.638616270052323,56.493045806884766
11.000237832368708,49.63028335571289
12.399400962838152,44.247344970703125
100.97000493704176,24.98314666748047
8.432444743395855,68.81581115722656
9.184908264998153,59.12446212768555
8.704315464483118,63.65845489501953
14.77232911918747,38.1075325012207
84.31439120773153,25.310962677001953
8.350267117632432,70.7299575805664
11.217682633363854,48.99763870239258
93.51628049065533,25.128774642944336
10.79830716880626,51.03361511230469
9.347115270046906,58.23705291748047
10.146867963867097,53.63188552856445
76.66532056980013,25.492408752441406
9.489529380229907,57.296607971191406
62.479230800883286,25.888471603393555
99.78149821490032,25.01087188720703
51.65706165602586,26.326038360595703
14.207104016387657,38.85211944580078
42.56058936852195,26.844945907592773
9.98486731581367,55.208152770996094
38.24746556081952,27.301334381103516
46.5706657797153,26.58333396911621
13.208623768467287,42.137351989746094
54.66676019570579,26.185787200927734
11.9083668987526,46.54996109008789
13.501982392310163,40.54171371459961
8.347234388898697,72.33438110351562
87.21543982514885,25.247676849365234
16.799534761879098,32.78596878051758
10.474558273058623,52.249053955078125
70.29968088144877,25.65297508239746
103.86320608414842,24.936233520507812
8.389908202540187,69.75479125976562
27.788929916462877,28.46599006652832
62.478959731956465,25.89215850830078
11.58081518845031,47.081581115722656
29.994790800670124,28.101123809814453
8.24203850630061,73.8028335571289
8.251827769895513,72.84608459472656
25.790745844666816,28.814584732055664
14.802621611040122,37.092838287353516
16.543622406755908,33.13972473144531
54.66679218535018,26.18577003479004
50.995131155510094,26.354751586914062
20.371264781535597,30.156496047973633
18.855020780306734,30.72798728942871
34.1491426981762,27.603954315185547
31.971652871508994,27.890789031982422
78.50771835838147,25.434011459350586
12.53014128760256,43.67426300048828
27.42887560705904,28.519216537475586
71.79420111617802,25.604190826416016
80.97731426839061,25.379741668701172
72.76734669326568,25.582874298095703
16.006087726332662,34.1695671081543
24.90264831240856,28.995662689208984
74.92682063843307,25.528095245361328
11.417149003374984,47.80149841308594
82.0844723510579,25.35793685913086
9.990164951481711,54.89216613769531
13.864718391732412,39.5687141418457
47.66586403596356,26.52910614013672
8.742606833070713,62.42275619506836
15.652429138903202,35.86592102050781
48.92487196332362,26.460935592651367
8.566221712015972,67.7107162475586
95.67493596430852,25.083784103393555
29.99487469325828,28.100479125976562
15.505254906661118,35.945457458496094
17.196435596695352,31.789756774902344
10.793672235322125,51.522220611572266
44.698355266363144,26.733583450317383
33.75236485544686,27.63103675842285
83.41137272893117,25.335790634155273
97.5522398885933,25.044200897216797
68.95224406101728,25.692611694335938
89.40378373550944,25.20391845703125
12.909861225066875,42.98867416381836
87.2154649324279,25.24760627746582
74.24146897678058,25.544401168823242
95.24189767857906,25.08958625793457
35.94900512071025,27.39394187927246
15.748171344745495,34.81438064575195
44.69885221503214,26.731781005859375
91.41999473946147,25.159318923950195
36.22966521065724,27.365489959716797
21.570976351658917,29.80763053894043
8.187999198802949,74.32720184326172
103.86353904106183,24.931690216064453
21.570976351658917,29.80763053894043
8.641525617633523,64.47203063964844
8.580606296059548,67.61328125
39.44579296496747,27.120994567871094
57.214594285631094,26.079299926757812
8.350267117632432,70.7299575805664
14.802621611040122,37.092838287353516
24.829994248912676,29.08821678161621
10.474558273058623,52.249053955078125
31.971652871508994,27.890789031982422
68.95224406101728,25.692611694335938
9.638616270052323,56.493045806884766
78.50771835838147,25.434011459350586
11.417149003374984,47.80149841308594
8.704315464483118,63.65845489501953
11.000237832368708,49.63028335571289
16.006087726332662,34.1695671081543
51.65706165602586,26.326038360595703
13.864718391732412,39.5687141418457
84.31439120773153,25.310962677001953
11.217682633363854,48.99763870239258
42.56058936852195,26.844945907592773
9.092421780284434,60.85429382324219
8.389908202540187,69.75479125976562
76.66532056980013,25.492408752441406
80.97731426839061,25.379741668701172
38.24746556081952,27.301334381103516
9.489529380229907,57.296607971191406
63.1030576847511,25.868608474731445
15.748171344745495,34.81438064575195
12.909861225066875,42.98867416381836
16.543622406755908,33.13972473144531
9.98486731581367,55.208152770996094
9.10194741137438,59.731712341308594
8.347234388898697,72.33438110351562
13.367818369916188,40.84562301635742
27.788929916462877,28.46599006652832
46.5706657797153,26.58333396911621
54.66676019570579,26.185787200927734
9.990164951481711,54.89216613769531
65.92012482845344,25.777345657348633
9.184908264998153,59.12446212768555
99.78149821490032,25.01087188720703
11.874650790008667,45.93862533569336
8.742606833070713,62.42275619506836
12.040196936769785,45.2636604309082
87.21489258317646,25.249229431152344
70.29968088144877,25.65297508239746
14.207104016387657,38.85211944580078
10.14726912620365,53.63144302368164
65.92009975436605,25.777667999267578
103.86320608414842,24.936233520507812
100.97000493704176,24.98314666748047
50.995131155510094,26.354751586914062
15.504708692895601,35.94573211669922
10.899690136078377,50.92048263549805
62.19936711756235,25.901634216308594
29.994790800670124,28.101123809814453
59.74618948500572,25.98810577392578
91.41999473946147,25.159318923950195
8.807606773305347,61.54953384399414
54.85051851269633,26.17509651184082
89.40378373550944,25.20391845703125
33.75236485544686,27.63103675842285
14.77232911918747,38.1075325012207
19.246452156019558,30.53622817993164
59.55467438686722,25.997983932495117
10.793672235322125,51.522220611572266
13.208623768467287,42.137351989746094
27.42887560705904,28.519216537475586
34.1491426981762,27.603954315185547
71.79420111617802,25.604190826416016
10.146867963867097,53.63188552856445
47.66586403596356,26.52910614013672
35.94900512071025,27.39394187927246
82.0844723510579,25.35793685913086
18.736154705988852,30.713685989379883
11.589295599370226,47.047420501708984
36.22966521065724,27.365489959716797
8.566221712015972,67.7107162475586
15.652429138903202,35.86592102050781
95.67493596430852,25.083784103393555
29.99487469325828,28.100479125976562
97.5522398885933,25.044200897216797
12.399400962838152,44.247344970703125
42.76381308989665,26.832576751708984
16.815865765603252,32.674659729003906
83.41137272893117,25.335790634155273
97.95487894612687,25.039627075195312
48.92662154659672,26.460586547851562
8.433018476006295,68.81378173828125
88.16627270350818,25.2364501953125
72.76734669326568,25.582874298095703
13.501982392310163,40.54171371459961
95.24189767857906,25.08958625793457
25.7920822759824,28.808063507080078
17.954443632438362,31.16976547241211
44.69885221503214,26.731781005859375
8.187999198802949,74.32720184326172
103.86353993930148,24.931684494018555
21.570976351658917,29.80763053894043
8.580606296059548,67.61328125
8.641525617633523,64.47203063964844
91.41999473946147,25.159318923950195
39.236463646354004,27.09977149963379
24.829994248912676,29.08821678161621
12.846764912572135,42.450374603271484
9.184908264998153,59.12446212768555
12.399400962838152,44.247344970703125
31.971652871508994,27.890789031982422
19.246452156019558,30.53622817993164
9.638616270052323,56.493045806884766
72.76734669326568,25.582874298095703
95.24189767857906,25.08958625793457
44.69885221503214,26.731781005859375
76.66532056980013,25.492408752441406
11.589295599370226,47.047420501708984
8.704315464483118,63.65845489501953
42.56058936852195,26.844945907592773
14.77232911918747,38.1075325012207
11.874650790008667,45.93862533569336
8.742606833070713,62.42275619506836
9.487766390547158,57.41081237792969
8.389908202540187,69.75479125976562
15.748171344745495,34.81438064575195
13.208623768467287,42.137351989746094
8.207246819115406,73.98970031738281
9.010953829857566,60.21595764160156
38.24746556081952,27.301334381103516
8.347234388898697,72.33438110351562
9.98486731581367,55.208152770996094
89.40378373550944,25.20391845703125
46.5706657797153,26.58333396911621
8.345185641457489,72.53547668457031
9.990164951481711,54.89216613769531
13.367818369916188,40.84562301635742
65.92012482845344,25.777345657348633
68.95224406101728,25.692611694335938
48.92662154659672,26.460586547851562
10.899690136078377,50.92048263549805
8.350082518725904,70.7303466796875
10.403499184115901,52.38277816772461
63.60334333470905,25.85365104675293
103.86320608414842,24.936233520507812
100.97000493704176,24.98314666748047
99.78149821490032,25.01087188720703
15.504708692895601,35.94573211669922
27.788929916462877,28.46599006652832
14.85041427494699,36.97554016113281
29.757918376890732,28.209251403808594
12.040196936769785,45.2636604309082
11.217682633363854,48.99763870239258
59.74618948500572,25.98810577392578
8.828625248265688,61.413597106933594
54.85051851269633,26.17509651184082
16.815865765603252,32.674659729003906
33.75236485544686,27.63103675842285
78.50771835838147,25.434011459350586
10.14726912620365,53.63144302368164
34.1491426981762,27.603954315185547
13.864718391732412,39.5687141418457
62.19936711756235,25.901634216308594
17.310089946826956,32.06565856933594
10.995551909800355,49.94551086425781
10.146867963867097,53.63188552856445
47.66586403596356,26.52910614013672
80.97729121488157,25.379751205444336
57.214594285631094,26.079299926757812
35.94900512071025,27.39394187927246
16.519103860652052,33.26564025878906
82.0844723510579,25.35793685913086
85.43361890944041,25.283226013183594
11.41195569378636,47.806175231933594
58.83202363776923,26.028587341308594
36.22966521065724,27.365489959716797
65.92009975436605,25.777667999267578
51.65706165602586,26.326038360595703
15.652429138903202,35.86592102050781
53.25895714161999,26.252582550048828
8.433018476006295,68.81378173828125
29.99487469325828,28.100479125976562
42.76381308989665,26.832576751708984
97.5522398885933,25.044200897216797
12.305942589190165,44.6888542175293
97.95487894612687,25.039627075195312
9.10194741137438,59.731712341308594
50.54587617540348,26.37525749206543
88.16627270350818,25.2364501953125
8.46520401726318,68.55819702148438
16.006093321485867,34.169456481933594
13.82135486352738,40.33039093017578
71.79420111617802,25.604190826416016
26.20801349601883,28.74603271484375
83.41137272893117,25.335790634155273
84.17740721927893,25.307994842529297
18.736154705988852,30.713685989379883
14.207104016387657,38.85211944580078
14.798696197862158,37.12492370605469
8.139296805927879,75.43834686279297
103.86353993930148,24.931684494018555
8.580606296059548,67.61328125
8.641525617633523,64.47203063964844
68.95224406101728,25.692611694335938
76.66532056980013,25.492408752441406
9.487766390547158,57.41081237792969
8.350082518725904,70.7303466796875
10.858799685047371,50.272125244140625
9.184908264998153,59.12446212768555
23.168135972322347,29.466154098510742
78.50771835838147,25.434011459350586
10.447740078744957,52.20928955078125
24.829994248912676,29.08821678161621
54.85051851269633,26.17509651184082
57.214594285631094,26.079299926757812
26.20801349601883,28.74603271484375
62.19936711756235,25.901634216308594
72.76775331981393,25.577367782592773
71.79420111617802,25.604190826416016
100.97000493704176,24.98314666748047
11.41195569378636,47.806175231933594
91.41999473946147,25.159318923950195
8.704315464483118,63.65845489501953
95.24189767857906,25.08958625793457
12.724172670795422,43.72880935668945
11.589295599370226,47.047420501708984
80.97729121488157,25.379751205444336
8.389908202540187,69.75479125976562
16.006093321485867,34.169456481933594
20.668497560305298,30.071062088012695
21.570976351658917,29.80763053894043
40.94641989036393,26.95709991455078
38.24746556081952,27.301334381103516
12.846764912572135,42.450374603271484
53.25895714161999,26.252582550048828
89.40378373550944,25.20391845703125
14.207104016387657,38.85211944580078
65.92012482845344,25.777345657348633
13.864718391732412,39.5687141418457
8.241371129326597,73.20848083496094
99.78149821490032,25.01087188720703
15.748171344745495,34.81438064575195
8.348208301137012,72.31234741210938
9.990164951481711,54.89216613769531
10.403499184115901,52.38277816772461
103.7181504185167,24.978199005126953
50.54587617540348,26.37525749206543
88.16627270350818,25.2364501953125
85.43361890944041,25.283226013183594
8.187999198802949,74.32720184326172
97.5522398885933,25.044200897216797
9.723588239424174,56.14508056640625
10.995551909800355,49.94551086425781
19.246452156019558,30.53622817993164
58.83202363776923,26.028587341308594
8.742606833070713,62.42275619506836
13.208623768467287,42.137351989746094
34.1491426981762,27.603954315185547
9.638616270052323,56.493045806884766
10.14726912620365,53.63144302368164
59.74618948500572,25.98810577392578
29.757918376890732,28.209251403808594
47.66586403596356,26.52910614013672
10.146867963867097,53.63188552856445
35.94900512071025,27.39394187927246
82.0844723510579,25.35793685913086
16.519103860652052,33.26564025878906
31.971652871508994,27.890789031982422
9.005603304935251,60.188140869140625
13.82135486352738,40.33039093017578
36.22966521065724,27.365489959716797
63.60350522197851,25.851402282714844
65.92009975436605,25.777667999267578
27.790832514181858,28.463380813598633
11.218560813319034,48.958248138427734
8.46520401726318,68.55819702148438
95.24196363322503,25.08869171142578
33.75236485544686,27.63103675842285
13.253148870663903,41.266868591308594
11.872600334408961,46.04159927368164
29.99487469325828,28.100479125976562
8.433018476006295,68.81378173828125
42.76381308989665,26.832576751708984
97.95487894612687,25.039627075195312
14.77232911918747,38.1075325012207
14.798696197862158,37.12492370605469
9.10194741137438,59.731712341308594
83.41137272893117,25.335790634155273
44.69885221503214,26.731781005859375
8.207246819115406,73.98970031738281
46.57025648865065,26.588987350463867
9.98486731581367,55.208152770996094
32.15124018146805,27.813886642456055
44.69736895318817,26.7513370513916
8.909154512653021,60.94773864746094
27.788929916462877,28.46599006652832
84.17740721927893,25.307994842529297
91.39240183615419,25.162546157836914
12.305942589190165,44.6888542175293
103.86353993930148,24.931684494018555
8.139296805927879,75.43834686279297
8.641525617633523,64.47203063964844
14.798696197862158,37.12492370605469
8.580606296059548,67.61328125
50.54587617540348,26.37525749206543
38.24746556081952,27.301334381103516
12.305942589190165,44.6888542175293
15.748171344745495,34.81438064575195
11.872600334408961,46.04159927368164
76.66532056980013,25.492408752441406
8.348208301137012,72.31234741210938
12.721969359936393,43.65641784667969
17.20224985820376,32.38191604614258
16.519103860652052,33.26564025878906
72.76775331981393,25.577367782592773
47.66586403596356,26.52910614013672
42.76381308989665,26.832576751708984
13.253148870663903,41.266868591308594
57.214594285631094,26.079299926757812
54.85051851269633,26.17509651184082
63.60350522197851,25.851402282714844
94.18027833871224,25.139244079589844
10.718502688723035,50.809627532958984
8.704315464483118,63.65845489501953
11.218560813319034,48.958248138427734
14.77232911918747,38.1075325012207
13.82135486352738,40.33039093017578
14.207104016387657,38.85211944580078
21.570976351658917,29.80763053894043
62.19936711756235,25.901634216308594
89.40378373550944,25.20391845703125
12.846764912572135,42.450374603271484
40.94641989036393,26.95709991455078
46.57025648865065,26.588987350463867
8.241371129326597,73.20848083496094
88.16627270350818,25.2364501953125
53.25895714161999,26.252582550048828
66.16859245112734,25.769458770751953
13.864718391732412,39.5687141418457
17.774796364794476,31.157447814941406
24.829994248912676,29.08821678161621
99.78149821490032,25.01087188720703
70.95889827258286,25.631765365600586
8.350082518725904,70.7303466796875
103.71749202226155,24.934171676635742
68.95222734238236,25.692838668823242
10.449479856389074,52.1173210144043
17.49286152791181,31.276836395263672
10.99488673630485,49.654850006103516
100.97000493704176,24.98314666748047
91.41999473946147,25.159318923950195
86.27323949415367,25.265522003173828
29.99487469325828,28.100479125976562
8.187999198802949,74.32720184326172
97.47734545605464,25.043745040893555
11.589295599370226,47.047420501708984
31.971652871508994,27.890789031982422
19.246452156019558,30.53622817993164
9.638616270052323,56.493045806884766
9.98486731581367,55.208152770996094
10.14726912620365,53.63144302368164
10.403499184115901,52.38277816772461
60.44039522269958,25.9676456451416
78.50771835838147,25.434011459350586
80.97729121488157,25.379751205444336
10.077811718159795,54.19308853149414
9.005603304935251,60.188140869140625
35.94900512071025,27.39394187927246
9.340655286244234,58.285133361816406
10.858799685047371,50.272125244140625
65.9200405275437,25.777708053588867
28.801848856110194,28.297260284423828
33.75236485544686,27.63103675842285
8.726705601812917,62.45730209350586
23.94214882425229,29.201427459716797
11.411515747903659,47.82535934448242
97.95487894612687,25.039627075195312
16.006093321485867,34.169456481933594
95.24710771978951,25.08802032470703
19.262083990677375,30.528560638427734
20.65237077021439,30.07810401916504
32.15124018146805,27.813886642456055
23.168135972322347,29.466154098510742
34.15324313494364,27.5867977142334
44.69885221503214,26.731781005859375
85.43361890944041,25.283226013183594
8.207246819115406,73.98970031738281
36.22966521065724,27.365489959716797
44.69736895318817,26.7513370513916
68.95227585599915,25.6925106048584
27.788929916462877,28.46599006652832
26.208014726601085,28.74602699279785
8.46520401726318,68.55819702148438
91.39240183615419,25.162546157836914
40.94645272322474,26.956642150878906
9.727855065614216,56.1387939453125
26.20801349601883,28.74603271484375
9.990164951481711,54.89216613769531
77.6000222432305,25.473051071166992
103.86353993930148,24.931684494018555
8.139296805927879,75.43834686279297
8.580606296059548,67.61328125
8.350082518725904,70.7303466796875
80.97729121488157,25.379751205444336
9.340655286244234,58.285133361816406
8.46520401726318,68.55819702148438
8.639886481949384,64.50631713867188
57.214594285631094,26.079299926757812
85.43361890944041,25.283226013183594
13.253148870663903,41.266868591308594
14.9305761118791,36.680633544921875
12.305942589190165,44.6888542175293
11.872600334408961,46.04159927368164
8.813351308429919,61.778350830078125
9.638616270052323,56.493045806884766
15.676448842179555,34.88788986206055
9.005603304935251,60.188140869140625
72.76805812398788,25.576425552368164
76.66501612863023,25.492525100708008
100.97000493704176,24.98314666748047
94.18027833871224,25.139244079589844
9.308972626036372,59.889244079589844
10.718502688723035,50.809627532958984
14.77232911918747,38.1075325012207
16.006093321485867,34.169456481933594
21.570976351658917,29.80763053894043
8.726705601812917,62.45730209350586
78.50771835838147,25.434011459350586
23.168135972322347,29.466154098510742
27.788929916462877,28.46599006652832
60.44028618345293,25.96912956237793
95.24710771978951,25.08802032470703
8.348208301137012,72.31234741210938
10.449479856389074,52.1173210144043
66.16859245112734,25.769458770751953
47.66603374995461,26.526762008666992
50.54587617540348,26.37525749206543
13.639256866439263,40.11650848388672
40.62002183501362,26.990297317504883
62.19936711756235,25.901634216308594
10.403499184115901,52.38277816772461
12.846764912572135,42.450374603271484
103.71749202226155,24.934171676635742
11.411515747903659,47.82535934448242
38.36184328459696,27.262487411499023
88.16627270350818,25.2364501953125
52.36521762982602,26.299049377441406
68.95222734238236,25.692838668823242
28.801848856110194,28.297260284423828
10.99488673630485,49.654850006103516
8.187999198802949,74.32720184326172
91.41999473946147,25.159318923950195
9.727855065614216,56.1387939453125
34.15324313494364,27.5867977142334
14.207104016387657,38.85211944580078
9.98486731581367,55.208152770996094
10.148827118203858,53.60423278808594
29.99487469325828,28.100479125976562
54.85051851269633,26.17509651184082
10.077811718159795,54.19308853149414
8.704315464483118,63.65845489501953
65.9200405275437,25.777708053588867
35.94900512071025,27.39394187927246
36.22966521065724,27.365489959716797
10.858799685047371,50.272125244140625
63.81370322218272,25.84516716003418
12.791613354847835,42.629150390625
30.77460250660242,27.988378524780273
12.517481707858881,43.80343246459961
16.519103860652052,33.26564025878906
97.95487894612687,25.039627075195312
11.28909818777492,48.461334228515625
38.24746556081952,27.301334381103516
97.43444046893345,25.045000076293945
11.589295599370226,47.047420501708984
19.80210779702452,30.35453224182129
16.80746453943588,32.7003173828125
11.66222312964376,46.768157958984375
8.207246819115406,73.98970031738281
17.20224985820376,32.38191604614258
89.35502581217307,25.197296142578125
18.915535776044624,30.716176986694336
46.03561858980409,26.62044906616211
91.39240183615419,25.162546157836914
70.95889827258286,25.631765365600586
68.95227585599915,25.6925106048584
44.69736895318817,26.7513370513916
26.208014726601085,28.74602699279785
42.765904549346075,26.831098556518555
42.76381308989665,26.832576751708984
40.94645272322474,26.956642150878906
24.829994248912676,29.08821678161621
26.20801349601883,28.74603271484375
9.990164951481711,54.89216613769531
12.722052147771315,43.653480529785156
17.994484516671175,31.00716209411621
50.545879571481855,26.375213623046875
77.50398747737931,25.469797134399414
86.31367391268347,25.26416778564453
8.139296805927879,75.43834686279297
103.87030262005247,24.92971420288086
8.639886481949384,64.50631713867188
80.97729121488157,25.379751205444336
8.580606296059548,67.61328125
8.348208301137012,72.31234741210938
34.15324313494364,27.5867977142334
57.214594285631094,26.079299926757812
15.669599362955115,34.88324737548828
14.207104016387657,38.85211944580078
14.9305761118791,36.680633544921875
12.300617019212027,44.40727233886719
8.350082518725904,70.7303466796875
85.42809648424662,25.285083770751953
47.66603374995461,26.526762008666992
30.77460250660242,27.988378524780273
8.388765987273159,69.84022521972656
14.77232911918747,38.1075325012207
72.82163526148896,25.575355529785156
76.66501612863023,25.492525100708008
24.829994248912676,29.08821678161621
9.638616270052323,56.493045806884766
93.85344760234149,25.113924026489258
63.81370322218272,25.84516716003418
8.207246819115406,73.98970031738281
8.704315464483118,63.65845489501953
9.12526724329699,59.66645050048828
11.28909818777492,48.461334228515625
10.99488673630485,49.654850006103516
10.148827118203858,53.60423278808594
9.485335278013554,58.10210418701172
44.69736895318817,26.7513370513916
13.639256866439263,40.11650848388672
95.24710771978951,25.08802032470703
62.19936711756235,25.901634216308594
16.519103860652052,33.26564025878906
54.85051851269633,26.17509651184082
100.97000493704176,24.98314666748047
11.876698901297452,46.0257568359375
27.788929916462877,28.46599006652832
60.44028618345293,25.96912956237793
46.03561858980409,26.62044906616211
8.813351308429919,61.778350830078125
89.35502581217307,25.197296142578125
10.449479856389074,52.1173210144043
13.253148870663903,41.266868591308594
12.517481707858881,43.80343246459961
8.988072671896067,60.414432525634766
88.16627270350818,25.2364501953125
40.62002183501362,26.990297317504883
100.29231357926577,24.99988555908203
10.403499184115901,52.38277816772461
8.46520401726318,68.55819702148438
103.71749202226155,24.934171676635742
50.09816554053872,26.512235641479492
11.411515747903659,47.82535934448242
10.718502688723035,50.809627532958984
38.36184328459696,27.262487411499023
97.95487894612687,25.039627075195312
67.34463081534071,25.73417091369629
70.95889827258286,25.631765365600586
14.79510246688397,37.014739990234375
9.336686364289536,58.309146881103516
86.31367391268347,25.26416778564453
19.95015896959194,30.294118881225586
17.20224985820376,32.38191604614258
53.92038225566927,26.22252655029297
12.982258794718035,42.00999069213867
78.50771835838147,25.434011459350586
21.570976351658917,29.80763053894043
91.41999473946147,25.159318923950195
12.704249528537192,42.920135498046875
65.9200405275437,25.777708053588867
35.94900512071025,27.39394187927246
36.22966521065724,27.365489959716797
17.4428072556596,31.414119720458984
23.168135972322347,29.466154098510742
16.006093321485867,34.169456481933594
23.22659176545076,29.38774871826172
18.915535776044624,30.716176986694336
38.24746556081952,27.301334381103516
8.724954476852274,62.484622955322266
97.3711022030202,25.0636043548584
11.589295599370226,47.047420501708984
21.57907806668702,29.798982620239258
8.142203872341705,75.37075805664062
40.94645272322474,26.956642150878906
91.39240183615419,25.162546157836914
9.727855065614216,56.1387939453125
26.208014726601085,28.74602699279785
42.765904549346075,26.831098556518555
8.187999198802949,74.32720184326172
42.513627390046366,26.85844612121582
26.142052306153445,28.823467254638672
9.822078835390329,55.46364212036133
9.990164951481711,54.89216613769531
52.36521762982602,26.299049377441406
10.858799685047371,50.272125244140625
50.545879571481855,26.375213623046875
72.76805812398788,25.576425552368164
8.139296805927879,75.43834686279297
103.87030262005247,24.92971420288086
30.77460250660242,27.988378524780273
80.97729121488157,25.379751205444336
34.15324313494364,27.5867977142334
8.311998225543867,73.20989990234375
27.788929916462877,28.46599006652832
76.66501612863023,25.492525100708008
8.636517113133165,64.5748291015625
8.597146715122436,67.581787109375
15.669599362955115,34.88324737548828
67.34463081534071,25.73417091369629
8.34604580670322,70.82125854492188
85.42809648424662,25.285083770751953
78.50771835838147,25.434011459350586
8.46520401726318,68.55819702148438
13.253148870663903,41.266868591308594
8.388765987273159,69.84022521972656
9.12526724329699,59.66645050048828
14.966439206187339,36.54361343383789
72.82163526148896,25.575355529785156
93.85344760234149,25.113924026489258
8.704315464483118,63.65845489501953
9.990164951481711,54.89216613769531
11.28909818777492,48.461334228515625
70.87846648461702,25.65320587158203
65.9200405275437,25.777708053588867
95.24710771978951,25.08802032470703
14.76838586906474,38.09161376953125
54.85051851269633,26.17509651184082
44.69736895318817,26.7513370513916
100.97000493704176,24.98314666748047
11.879276426068667,45.924041748046875
57.717433826442104,26.074922561645508
18.915535776044624,30.716176986694336
52.36521762982602,26.299049377441406
19.95015896959194,30.294118881225586
9.336686364289536,58.309146881103516
62.19936711756235,25.901634216308594
12.30053756657083,44.410194396972656
60.44028618345293,25.96912956237793
9.583303393869791,56.70027542114258
12.517481707858881,43.80343246459961
8.981318002809083,60.34455108642578
103.71749202226155,24.934171676635742
8.723608636160401,62.47154998779297
11.411515747903659,47.82535934448242
10.148827118203858,53.60423278808594
38.36184328459696,27.262487411499023
17.04310975880654,32.15039825439453
17.5118911454933,31.210508346557617
14.012548694333306,38.9654541015625
40.55869497026828,26.990976333618164
9.485534726484865,58.0984001159668
10.552239556113788,51.58872604370117
13.639256866439263,40.11650848388672
14.79510246688397,37.014739990234375
8.187999198802949,74.32720184326172
50.545879571481855,26.375213623046875
16.519118859037828,33.26536178588867
9.822078835390329,55.46364212036133
8.86713861512437,61.17134094238281
10.190190804558602,53.44261169433594
21.570976351658917,29.80763053894043
10.997495163545773,49.61923599243164
13.642390753737066,40.02761459350586
91.41999473946147,25.159318923950195
57.214594285631094,26.079299926757812
36.22966521065724,27.365489959716797
49.85541495673367,26.524566650390625
23.168135972322347,29.466154098510742
100.28693152480898,25.00035858154297
10.858799685047371,50.272125244140625
97.95494780911028,25.038755416870117
42.765904549346075,26.831098556518555
23.22659176545076,29.38774871826172
97.3711022030202,25.0636043548584
11.876698901297452,46.0257568359375
12.704249528537192,42.920135498046875
21.57907806668702,29.798982620239258
8.207246819115406,73.98970031738281
63.81491769033616,25.844614028930664
10.403499184115901,52.38277816772461
16.050961004543172,34.05961608886719
11.613880906752643,46.99589157104492
47.66603374995461,26.526762008666992
24.827001495250425,29.103199005126953
35.94900512071025,27.39394187927246
40.94645272322474,26.956642150878906
38.247092224629824,27.302873611450195
9.727855065614216,56.1387939453125
26.209362586493796,28.74552345275879
8.142203872341705,75.37075805664062
89.74739838751039,25.18943977355957
42.513627390046366,26.85844612121582
26.142052306153445,28.823467254638672
14.289740332827996,38.63117218017578
8.580606296059548,67.61328125
16.519103860652052,33.26564025878906
72.76805812398788,25.576425552368164
103.87030262005247,24.92971420288086
8.139296805927879,75.43834686279297
8.552772165766518,66.3482666015625
8.34604580670322,70.82125854492188
89.74739838751039,25.18943977355957
47.66603374995461,26.526762008666992
12.704249528537192,42.920135498046875
44.69736895318817,26.7513370513916
80.97729121488157,25.379751205444336
8.636517113133165,64.5748291015625
13.253148870663903,41.266868591308594
8.311998225543867,73.20989990234375
60.36077797739035,25.965900421142578
85.42809648424662,25.285083770751953
17.04310975880654,32.15039825439453
12.30053756657083,44.410194396972656
85.84328019695396,25.27299690246582
19.95015896959194,30.294118881225586
8.487490592403153,68.23104095458984
10.858799685047371,50.272125244140625
31.8131672822101,27.86857032775879
52.36521762982602,26.299049377441406
75.95346610196907,25.510128021240234
16.050961004543172,34.05961608886719
63.81491769033616,25.844614028930664
30.75576775957959,28.080965042114258
10.403499184115901,52.38277816772461
10.997495163545773,49.61923599243164
9.990164951481711,54.89216613769531
70.62030117200062,25.642309188842773
15.109820512852721,36.253395080566406
78.50771835838147,25.434011459350586
27.78918782149857,28.465707778930664
62.19936711756235,25.901634216308594
95.24710771978951,25.08802032470703
14.76838586906474,38.09161376953125
8.704315464483118,63.65845489501953
11.879276426068667,45.924041748046875
67.34463081534071,25.73417091369629
57.717433826442104,26.074922561645508
72.82163526148896,25.575355529785156
14.012548694333306,38.9654541015625
9.336686364289536,58.309146881103516
12.517481707858881,43.80343246459961
91.30111763898637,25.158061981201172
15.650971004583958,34.92449951171875
8.46520401726318,68.55819702148438
14.79510246688397,37.014739990234375
97.95494780911028,25.038755416870117
18.915535776044624,30.716176986694336
100.97000493704176,24.98314666748047
103.71749202226155,24.934171676635742
40.55869497026828,26.990976333618164
34.15282712367982,27.59272575378418
10.556539141691747,51.582733154296875
97.3711022030202,25.0636043548584
9.145919599086021,59.322566986083984
54.30184389047356,26.203603744506836
38.397292720070425,27.167978286743164
76.66501612863023,25.492525100708008
8.187999198802949,74.32720184326172
100.28693152480898,25.00035858154297
10.148827118203858,53.60423278808594
16.519118859037828,33.26536178588867
92.83909069987354,25.148237228393555
9.822078835390329,55.46364212036133
9.727855065614216,56.1387939453125
80.20130222809199,25.40678596496582
13.424100198529532,40.73096466064453
13.642390753737066,40.02761459350586
21.534715940438826,29.812255859375
93.85344760234149,25.113924026489258
10.190190804558602,53.44261169433594
11.28909818777492,48.461334228515625
8.389421495421942,69.82601928710938
36.22966521065724,27.365489959716797
23.168135972322347,29.466154098510742
14.289740332827996,38.63117218017578
42.765904549346075,26.831098556518555
23.22659176545076,29.38774871826172
38.247092224629824,27.302873611450195
26.209362586493796,28.74552345275879
50.545879571481855,26.375213623046875
11.876698901297452,46.0257568359375
8.981318002809083,60.34455108642578
8.717700338479615,62.749393463134766
17.498702769174983,31.29741859436035
21.57907806668702,29.798982620239258
65.86944616401047,25.778322219848633
56.09695757524433,26.17140769958496
40.94645272322474,26.956642150878906
24.827001495250425,29.103199005126953
49.85541495673367,26.524566650390625
34.69312869695087,27.52747344970703
8.142203872341705,75.37075805664062
11.613880906752643,46.99589157104492
27.788929916462877,28.46599006652832
9.12526724329699,59.66645050048828
42.513627390046366,26.85844612121582
18.233313903741585,30.979761123657227
8.139296805927879,75.43834686279297
103.87030814259909,24.929004669189453
8.549086349153022,66.31825256347656
9.727855065614216,56.1387939453125
11.28909818777492,48.461334228515625
8.34604580670322,70.82125854492188
8.311998225543867,73.20989990234375
11.613880906752643,46.99589157104492
30.75576775957959,28.080965042114258
15.650971004583958,34.92449951171875
15.109820512852721,36.253395080566406
80.97729121488157,25.379751205444336
85.4251637603913,25.325319290161133
9.338247055361064,58.204708099365234
8.487490592403153,68.23104095458984
26.209362586493796,28.74552345275879
24.827001495250425,29.103199005126953
8.768746618053855,61.789886474609375
89.71263826211631,25.193777084350586
85.87730077792268,25.26865005493164
10.403499184115901,52.38277816772461
14.79510246688397,37.014739990234375
13.253148870663903,41.266868591308594
65.86944616401047,25.778322219848633
27.78918782149857,28.465707778930664
12.704597681539514,42.90861511230469
62.19936711756235,25.901634216308594
8.389421495421942,69.82601928710938
56.09695757524433,26.17140769958496
8.187999198802949,74.32720184326172
36.22966521065724,27.365489959716797
67.57805128251024,25.727277755737305
8.631131057915528,64.68766784667969
45.68579163054852,26.6414737701416
44.69736895318817,26.7513370513916
14.012548694333306,38.9654541015625
70.62029799709738,25.642353057861328
49.85541495673367,26.524566650390625
73.43462661818931,25.56316566467285
8.46520401726318,68.55819702148438
100.28693152480898,25.00035858154297
8.704315464483118,63.65845489501953
12.272083220269979,44.64891052246094
52.36521762982602,26.299049377441406
97.95494780911028,25.038755416870117
10.997495163545773,49.61923599243164
18.915535776044624,30.716176986694336
8.940721274461831,60.62078094482422
10.148827118203858,53.60423278808594
32.51625532830406,27.78241539001465
60.34438921114345,26.020437240600586
10.858799685047371,50.272125244140625
103.41158279055938,24.93752098083496
11.943956050625971,45.836307525634766
10.649125024581393,51.224769592285156
57.717433826442104,26.074922561645508
9.145919599086021,59.322566986083984
76.66501612863023,25.492525100708008
92.83909069987354,25.148237228393555
9.822078835390329,55.46364212036133
75.94988768463364,25.558826446533203
9.990164951481711,54.89216613769531
13.424100198529532,40.73096466064453
16.534460683190026,33.159420013427734
10.190190804558602,53.44261169433594
21.534715940438826,29.812255859375
37.631583987664946,27.23267364501953
100.97001085757927,24.983068466186523
19.950161768811515,30.29407501220703
40.555886753510244,27.005775451660156
38.397292720070425,27.167978286743164
10.556539141691747,51.582733154296875
95.24710771978951,25.08802032470703
23.168135972322347,29.466154098510742
34.15282712367982,27.59272575378418
17.000325677089165,32.15823745727539
14.289740332827996,38.63117218017578
42.765904549346075,26.831098556518555
13.644279938244035,40.00992965698242
72.21709701416509,25.60774803161621
31.8131672822101,27.86857032775879
9.336686364289536,58.309146881103516
80.20130222809199,25.40678596496582
11.876698901297452,46.0257568359375
21.57907806668702,29.798982620239258
47.66807984251701,26.525562286376953
8.217079916663819,73.5174331665039
40.94645272322474,26.956642150878906
47.598153401173704,26.525968551635742
16.519118859037828,33.26536178588867
63.81491769033616,25.844614028930664
96.19955339690904,25.066640853881836
8.142203872341705,75.37075805664062
23.269664620119514,29.3743953704834
54.2836656006584,26.204387664794922
27.788929916462877,28.46599006652832
34.69312869695087,27.52747344970703
14.768406583946415,38.09143829345703
42.513627390046366,26.85844612121582
16.050961004543172,34.05961608886719
103.87030814259909,24.929004669189453
8.139296805927879,75.43834686279297
89.71263826211631,25.193777084350586
92.83909069987354,25.148237228393555
11.28909818777492,48.461334228515625
8.311998225543867,73.20989990234375
52.36521762982602,26.299049377441406
60.34438921114345,26.020437240600586
67.57805128251024,25.727277755737305
8.34604580670322,70.82125854492188
8.704315464483118,63.65845489501953
81.09604890975409,25.377071380615234
76.66501612863023,25.492525100708008
85.87730077792268,25.26865005493164
80.20130222809199,25.40678596496582
85.42475503285246,25.331012725830078
8.487490592403153,68.23104095458984
12.704597681539514,42.90861511230469
14.289740332827996,38.63117218017578
16.050961004543172,34.05961608886719
63.81491769033616,25.844614028930664
9.145919599086021,59.322566986083984
17.000325677089165,32.15823745727539
10.403499184115901,52.38277816772461
62.19936711756235,25.901634216308594
15.650971004583958,34.92449951171875
12.281402814599373,44.36747741699219
8.549086349153022,66.31825256347656
30.74235431376265,28.245290756225586
54.2836656006584,26.204387664794922
9.442567629511835,57.52607727050781
8.187808131595968,74.321533203125
14.734692919594309,37.221858978271484
55.74299190682032,26.134740829467773
36.22966521065724,27.365489959716797
27.78918782149857,28.465707778930664
75.94988768463364,25.558826446533203
45.68579163054852,26.6414737701416
10.997495163545773,49.61923599243164
11.613880906752643,46.99589157104492
44.69736895318817,26.7513370513916
9.990164951481711,54.89216613769531
70.27855783305714,25.651363372802734
8.558426418719531,66.30174255371094
8.621805191868804,64.7029037475586
12.272083220269979,44.64891052246094
15.328573644138185,35.683494567871094
11.943956050625971,45.836307525634766
103.41158279055938,24.93752098083496
10.148827118203858,53.60423278808594
72.21709701416509,25.60774803161621
8.73789586283844,62.33589172363281
49.88773758153869,26.519638061523438
9.723857782179959,56.370361328125
32.51625532830406,27.78241539001465
13.105863719343976,41.71575927734375
100.97001085757927,24.983068466186523
96.19955339690904,25.066640853881836
14.012432229142618,38.96404266357422
57.719402677943364,26.07032012939453
8.46520401726318,68.55819702148438
9.039673138497731,60.20347595214844
13.040862317379789,42.64480972290039
34.15282712367982,27.59272575378418
40.555886753510244,27.005775451660156
10.185337801802397,53.415069580078125
21.534715940438826,29.812255859375
18.915535776044624,30.716176986694336
37.631583987664946,27.23267364501953
73.43559594739807,25.562135696411133
95.1186338827402,25.090320587158203
19.950161768811515,30.29407501220703
34.69312869695087,27.52747344970703
23.168135972322347,29.466154098510742
8.417574103276365,69.62983703613281
38.65290143676937,27.146364212036133
10.556539141691747,51.582733154296875
97.96287608655176,25.03644371032715
100.28693152480898,25.00035858154297
8.816956077103306,61.568992614746094
16.55264964320818,33.07209014892578
13.722748369249611,39.77416229248047
10.858799685047371,50.272125244140625
11.876698901297452,46.0257568359375
31.8131672822101,27.86857032775879
9.336686364289536,58.309146881103516
21.57907806668702,29.798982620239258
47.66807984251701,26.525562286376953
40.94645272322474,26.956642150878906
8.217079916663819,73.5174331665039
49.85541495673367,26.524566650390625
47.598153401173704,26.525968551635742
14.79510246688397,37.014739990234375
17.37110675286207,31.45948600769043
16.519118859037828,33.26536178588867
13.253148870663903,41.266868591308594
65.869323604558,25.779560089111328
8.142203872341705,75.37075805664062
26.222608690066753,28.73004150390625
26.209362586493796,28.74552345275879
103.87030814259909,24.929004669189453
8.139296805927879,75.43834686279297
23.168135972322347,29.466154098510742
9.990164951481711,54.89216613769531
92.83909069987354,25.148237228393555
30.74235431376265,28.245290756225586
57.719402677943364,26.07032012939453
15.328573644138185,35.683494567871094
11.613880906752643,46.99589157104492
52.36521762982602,26.299049377441406
8.328556165012513,73.09374237060547
10.556539141691747,51.582733154296875
26.209362586493796,28.74552345275879
85.42475503285246,25.331012725830078
81.0961411292631,25.376802444458008
8.34604580670322,70.82125854492188
13.253148870663903,41.266868591308594
13.722748369249611,39.77416229248047
97.96287608655176,25.03644371032715
27.78918782149857,28.465707778930664
10.858799685047371,50.272125244140625
14.289740332827996,38.63117218017578
65.869323604558,25.779560089111328
88.8417947209042,25.209596633911133
10.9771930491232,49.60551834106445
10.403499184115901,52.38277816772461
73.43559594739807,25.562135696411133
9.018221966816332,60.094757080078125
77.70239794819553,25.467254638671875
55.74299190682032,26.134740829467773
8.49317169862473,68.20824432373047
8.549086174269402,66.31826782226562
14.734692919594309,37.221858978271484
14.79510246688397,37.014739990234375
63.81491769033616,25.844614028930664
36.22966521065724,27.365489959716797
11.943956050625971,45.836307525634766
43.30187380222987,26.794599533081055
75.94988768463364,25.558826446533203
38.65290143676937,27.146364212036133
72.21709701416509,25.60774803161621
89.71263826211631,25.193777084350586
100.97001085757927,24.983068466186523
12.621994015206717,43.161964416503906
60.34438921114345,26.020437240600586
40.94645272322474,26.956642150878906
8.557961932674894,66.12940979003906
85.87730077792268,25.26865005493164
12.270346224477352,44.407005310058594
11.333817279217064,48.265628814697266
9.724621111130975,56.357295989990234
8.821591764598914,61.53895568847656
103.41158279055938,24.93752098083496
11.28909818777492,48.461334228515625
49.89543479809988,26.40984535217285
8.187808131595968,74.321533203125
8.621805191868804,64.7029037475586
70.27829347117522,25.651472091674805
67.57805163173637,25.727272033691406
8.73789586283844,62.33589172363281
37.631583987664946,27.23267364501953
13.105863719343976,41.71575927734375
8.417574103276365,69.62983703613281
8.46520401726318,68.55819702148438
12.281402814599373,44.36747741699219
43.96109459985108,26.742984771728516
13.040862272586631,42.64480972290039
40.555886753510244,27.005775451660156
80.20130222809199,25.40678596496582
10.14822401525293,53.64130783081055
16.55264964320818,33.07209014892578
9.145919599086021,59.322566986083984
8.704315464483118,63.65845489501953
11.876698901297452,46.0257568359375
34.69312869695087,27.52747344970703
17.000325677089165,32.15823745727539
100.28693152480898,25.00035858154297
9.561400785397257,57.03919982910156
94.40478063380942,25.098785400390625
8.388594103661559,70.00066375732422
21.57907806668702,29.798982620239258
47.66807984251701,26.525562286376953
21.328232214528576,29.877365112304688
49.85541495673367,26.524566650390625
10.185772130724292,53.41459655761719
20.21089898256361,30.291929244995117
47.598153401173704,26.525968551635742
45.72525505563711,26.640844345092773
9.30282651173361,58.46837615966797
54.282588753048664,26.20500946044922
60.76348433579999,26.005367279052734
27.157540895851223,28.574966430664062
8.622499498446414,64.64659118652344
15.661959673677153,34.90008544921875
62.19936711756235,25.901634216308594
70.27855783305714,25.651363372802734
16.519118859037828,33.26536178588867
16.050315860004144,34.0610466003418
16.13603473134706,33.899070739746094
33.48808138650008,27.648784637451172
8.139296805927879,75.43834686279297
103.87030814259909,24.929004669189453
8.328556165012513,73.09374237060547
8.34604580670322,70.82125854492188
30.74235431376265,28.245290756225586
20.009146543048963,30.27299690246582
9.990164951481711,54.89216613769531
23.168135972322347,29.466154098510742
77.70239794819553,25.467254638671875
17.519530952705885,31.19448471069336
8.704315464483118,63.65845489501953
81.0961411292631,25.376802444458008
8.187808131595968,74.321533203125
85.42475503285246,25.331012725830078
26.209360433938848,28.745553970336914
8.49317169862473,68.20824432373047
9.724621111130975,56.357295989990234
33.48808138650008,27.648784637451172
8.73789586283844,62.33589172363281
45.72525505563711,26.640844345092773
8.549086174269402,66.31826782226562
65.869323604558,25.779560089111328
63.81491769033616,25.844614028930664
73.43559594739807,25.562135696411133
89.71263826211631,25.193777084350586
15.661959673677153,34.90008544921875
54.282588753048664,26.20500946044922
94.585012644603,25.098621368408203
85.87730077792268,25.26865005493164
55.74299190682032,26.134740829467773
8.821591764598914,61.53895568847656
80.20130222809199,25.40678596496582
97.96069421546686,25.042272567749023
43.30187380222987,26.794599533081055
28.86722516851821,28.286226272583008
62.19936711756235,25.901634216308594
38.65290143676937,27.146364212036133
72.21709701416509,25.60774803161621
13.589495916461665,40.15689468383789
92.56242779871576,25.156835556030273
12.621994015206717,43.161964416503906
60.34438921114345,26.020437240600586
40.94645272322474,26.956642150878906
8.557961932674894,66.12940979003906
100.28693152480898,25.00035858154297
17.000325677089165,32.15823745727539
88.84153564749464,25.213117599487305
9.459416117103563,57.93568801879883
8.951343270712849,60.57181930541992
11.28909818777492,48.461334228515625
8.621805191868804,64.7029037475586
14.833883985258813,36.92063522338867
67.61173188533316,25.726289749145508
15.294521299928686,35.76200866699219
10.556539141691747,51.582733154296875
100.97001085757927,24.983068466186523
49.89543479809988,26.40984535217285
8.417574103276365,69.62983703613281
70.27829347117522,25.651472091674805
12.123577706795945,45.04257583618164
10.858778206038536,50.27242660522461
8.46520401726318,68.55819702148438
13.92459152982904,39.20827102661133
57.72708452225946,26.065580368041992
43.96109459985108,26.742984771728516
12.887192454382184,42.53432846069336
52.3651204431344,26.299104690551758
13.253148870663903,41.266868591308594
40.555886753510244,27.005775451660156
12.281882215252617,44.3633918762207
14.289740332827996,38.63117218017578
10.403282821882513,52.360111236572266
13.105863719343976,41.71575927734375
75.94988768463364,25.558826446533203
10.11017093747595,53.944793701171875
103.01373240658934,24.943593978881836
10.977780148335649,49.604957580566406
11.61140663595397,47.12669372558594
49.827651772967066,26.449764251708984
11.378706277015239,48.17491912841797
97.96287608655176,25.03644371032715
47.66807984251701,26.525562286376953
16.050315860004144,34.0610466003418
8.388594103661559,70.00066375732422
23.162875822900077,29.54681968688965
10.394776012133223,52.866600036621094
16.55264964320818,33.07209014892578
8.175346442915366,75.34793853759766
47.598153401173704,26.525968551635742
16.13603473134706,33.899070739746094
13.722748369249611,39.77416229248047
27.157540895851223,28.574966430664062
9.30282651173361,58.46837615966797
11.830777272879086,46.10957717895508
57.67848735919137,26.091415405273438
52.36804272905327,26.289091110229492
60.76348433579999,26.005367279052734
20.676778882496468,30.065412521362305
21.57907806668702,29.798982620239258
17.21645716384659,31.787662506103516
8.139296805927879,75.43834686279297
103.87034651796631,24.928401947021484
33.48808138650008,27.648784637451172
14.833883985258813,36.92063522338867
8.34604580670322,70.82125854492188
38.652899966462584,27.146385192871094
85.87730077792268,25.26865005493164
9.30282651173361,58.46837615966797
14.289740332827996,38.63117218017578
8.951343270712849,60.57181930541992
83.25180662978116,25.32378387451172
70.27829347117522,25.651472091674805
15.294521299928686,35.76200866699219
67.61173188533316,25.726289749145508
11.830777272879086,46.10957717895508
9.459416117103563,57.93568801879883
8.49317169862473,68.20824432373047
8.328557874748421,73.0936279296875
25.448224441883273,28.883291244506836
77.3156243295526,25.47418212890625
10.858778206038536,50.27242660522461
45.72525505563711,26.640844345092773
73.59739763312902,25.55791664123535
88.84153564749464,25.213117599487305
63.81491769033616,25.844614028930664
30.847667214733402,28.127653121948242
10.977780148335649,49.604957580566406
11.61140663595397,47.12669372558594
10.11017093747595,53.944793701171875
8.549084446583741,66.318359375
55.74299190682032,26.134740829467773
94.5850137876342,25.098604202270508
97.96069421546686,25.042272567749023
21.57907806668702,29.798982620239258
13.253148870663903,41.266868591308594
43.30187380222987,26.794599533081055
80.20130222809199,25.40678596496582
23.233331941364597,29.450511932373047
13.589495916461665,40.15689468383789
72.21709701416509,25.60774803161621
27.157540895851223,28.574966430664062
9.724621111130975,56.357295989990234
11.28909818777492,48.461334228515625
100.28693152480898,25.00035858154297
12.123577706795945,45.04257583618164
60.34438921114345,26.020437240600586
12.621994015206717,43.161964416503906
9.990164951481711,54.89216613769531
9.724636336864862,56.35703659057617
92.56242779871576,25.156835556030273
103.01373240658934,24.943593978881836
89.71658022843967,25.191452026367188
8.73789586283844,62.33589172363281
8.557961932674894,66.12940979003906
16.55264964320818,33.07209014892578
100.97001085757927,24.983068466186523
10.556539141691747,51.582733154296875
8.614593338588719,64.83485412597656
13.92459152982904,39.20827102661133
43.96109459985108,26.742984771728516
57.72708452225946,26.065580368041992
12.887192454382184,42.53432846069336
50.71433868224246,26.369903564453125
40.94645272322474,26.956642150878906
40.555886753510244,27.005775451660156
77.7029674374792,25.459524154663086
12.599972764748058,43.9959716796875
10.403282821882513,52.360111236572266
8.704315464483118,63.65845489501953
8.195624801990244,74.15625762939453
49.827651772967066,26.449764251708984
18.567253160276845,30.777883529663086
97.96287608655176,25.03644371032715
19.9389791970779,30.400653839111328
16.13603473134706,33.899070739746094
47.66807984251701,26.525562286376953
8.383652106731285,69.7519760131836
10.375641801540223,53.06865310668945
8.621805191868804,64.7029037475586
8.187808131595968,74.321533203125
28.756336283586204,28.34221839904785
81.0961411292631,25.376802444458008
23.162875822900077,29.54681968688965
11.405639597067042,47.823577880859375
17.000325677089165,32.15823745727539
16.72577845436819,32.69363784790039
65.869323604558,25.779560089111328
38.65290143676937,27.146364212036133
8.175346442915366,75.34793853759766
8.328556165012513,73.09374237060547
13.722748369249611,39.77416229248047
57.67848735919137,26.091415405273438
52.36804272905327,26.289091110229492
47.598143248050434,26.526107788085938
60.58320876912459,25.956159591674805
54.282588753048664,26.20500946044922
8.703632941630886,63.672515869140625
8.42906125253425,68.97134399414062
15.661476577071047,34.90032196044922
16.050315860004144,34.0610466003418
103.87034651796631,24.928401947021484
8.139296805927879,75.43834686279297
8.34604580670322,70.82125854492188
38.613565044365174,27.227638244628906
33.48808138650008,27.648784637451172
94.5850137876342,25.098604202270508
85.87730077792268,25.26865005493164
14.289740332827996,38.63117218017578
13.246439610266362,41.17994689941406
8.49317169862473,68.20824432373047
92.56242779871576,25.156835556030273
19.9389791970779,30.400653839111328
28.756336283586204,28.34221839904785
12.887192454382184,42.53432846069336
11.830777272879086,46.10957717895508
9.261158383756829,59.24226760864258
8.328557874748421,73.0936279296875
77.3156243295526,25.47418212890625
9.990164951481711,54.89216613769531
8.549084446583741,66.318359375
15.661476577071047,34.90032196044922
14.833883985258813,36.92063522338867
52.36804272905327,26.289091110229492
73.69667615423712,25.555866241455078
10.977780148335649,49.604957580566406
12.579935959820231,43.4591178894043
30.847667214733402,28.127653121948242
54.282588753048664,26.20500946044922
8.951343270712849,60.57181930541992
18.567253160276845,30.777883529663086
55.74299190682032,26.134740829467773
8.383652106731285,69.7519760131836
9.459416117103563,57.93568801879883
72.21709701416509,25.60774803161621
97.96069421546686,25.042272567749023
12.126017671494546,44.941402435302734
31.58344688707346,27.884607315063477
60.58389363550626,25.955236434936523
63.814207410666484,25.845521926879883
67.61173188533316,25.726289749145508
65.869323604558,25.779560089111328
10.372391130020926,52.84467315673828
23.23537534791152,29.44712257385254
25.448224441883273,28.883291244506836
9.724621111130975,56.357295989990234
81.0961411292631,25.376802444458008
13.589495916461665,40.15689468383789
88.34936918589085,25.2239933013916
60.34438921114345,26.020437240600586
9.95430001474832,56.08002853393555
8.42906125253425,68.97134399414062
103.01373240658934,24.943593978881836
89.71673684399724,25.19101333618164
8.557961932674894,66.12940979003906
16.550626861946782,33.04509735107422
8.73789586283844,62.33589172363281
70.27438570820969,25.705366134643555
11.28909818777492,48.461334228515625
57.72708452225946,26.065580368041992
21.465289561253027,29.850778579711914
8.614593338588719,64.83485412597656
10.83763470131197,50.36025619506836
83.25180662978116,25.32378387451172
43.96109459985108,26.742984771728516
41.571912396746384,26.922849655151367
79.35151648297968,25.413076400756836
10.557705656382726,51.56214904785156
40.555886753510244,27.005775451660156
10.403282821882513,52.360111236572266
11.61140663595397,47.12669372558594
8.704315464483118,63.65845489501953
14.837824709363542,36.859500885009766
15.290290657673303,35.82089614868164
27.157540895851223,28.574966430664062
16.13603473134706,33.899070739746094
99.11294648950533,25.018918991088867
9.30282651173361,58.46837615966797
16.050315860004144,34.0610466003418
33.484320208097365,27.70319366455078
10.11017093747595,53.944793701171875
12.107249208048424,45.07933807373047
48.97723810635357,26.456504821777344
26.82359772333228,28.6146297454834
8.621805191868804,64.7029037475586
8.187808131595968,74.321533203125
100.97001085757927,24.983068466186523
83.2517972248646,25.32381248474121
63.81491769033616,25.844614028930664
38.70670208809218,27.140134811401367
47.598143248050434,26.526107788085938
77.7029674374792,25.459524154663086
16.72577845436819,32.69363784790039
70.27829347117522,25.651472091674805
15.294521299928686,35.76200866699219
11.405639597067042,47.823577880859375
45.72526446104682,26.64080810546875
8.739804950913234,62.1890983581543
17.711389459659973,31.145029067993164
8.703632941630886,63.672515869140625
21.88231285648412,29.735610961914062
103.87034651796631,24.928401947021484
8.139296805927879,75.43834686279297
14.289740332827996,38.63117218017578
8.328557874748421,73.0936279296875
8.34604580670322,70.82125854492188
38.613565044365174,27.227638244628906
33.48808138650008,27.648784637451172
13.589495916461665,40.15689468383789
12.579935959820231,43.4591178894043
48.97723810635357,26.456504821777344
23.23537534791152,29.44712257385254
25.448224441883273,28.883291244506836
92.56242779871576,25.156835556030273
12.887192454382184,42.53432846069336
57.72708452225946,26.065580368041992
8.187808131595968,74.321533203125
89.71673684399724,25.19101333618164
9.261158383756829,59.24226760864258
9.990164951481711,54.89216613769531
11.830777272879086,46.10957717895508
10.83763470131197,50.36025619506836
81.0961411292631,25.376802444458008
10.977780148335649,49.604957580566406
100.97001085757927,24.983068466186523
65.869323604558,25.779560089111328
16.72577845436819,32.69363784790039
88.34936918589085,25.2239933013916
10.557705656382726,51.56214904785156
15.661476577071047,34.90032196044922
52.36804272905327,26.289091110229492
9.681831435274944,56.169349670410156
14.833883985258813,36.92063522338867
11.28909818777492,48.461334228515625
8.549084446583741,66.318359375
74.55582491073122,25.534061431884766
28.756336283586204,28.34221839904785
8.545012314525813,68.11158752441406
72.21709701416509,25.60774803161621
9.461964620817188,57.88992691040039
12.126017671494546,44.941402435302734
97.24792626590265,25.048145294189453
54.282588753048664,26.20500946044922
10.11017093747595,53.944793701171875
62.352032517632985,25.901044845581055
77.3156243295526,25.47418212890625
40.555886753510244,27.005775451660156
41.571912396746384,26.922849655151367
17.437012470096715,31.40001106262207
99.11294648950533,25.018918991088867
13.222530549728232,41.250301361083984
45.72526446104682,26.64080810546875
8.557961932674894,66.12940979003906
16.550626861946782,33.04509735107422
11.405639597067042,47.823577880859375
8.9515052418126,60.56281661987305
70.27438570820969,25.705366134643555
94.5850137876342,25.098604202270508
8.614593338588719,64.83485412597656
43.42784700568006,26.792152404785156
9.95430001474832,56.08002853393555
85.44406044783707,25.277002334594727
60.34438921114345,26.020437240600586
67.61189041563284,25.724191665649414
9.30282651173361,58.46837615966797
47.598143248050434,26.526107788085938
103.01373240658934,24.943593978881836
43.96109459985108,26.742984771728516
85.87730077792268,25.26865005493164
8.733712201708808,62.47005844116211
21.88231285648412,29.735610961914062
12.107249208048424,45.07933807373047
30.847475332032516,28.1306209564209
13.246439610266362,41.17994689941406
16.13603473134706,33.899070739746094
14.907581618213364,36.7796630859375
16.050315860004144,34.0610466003418
38.70670208809218,27.140134811401367
10.366546322433441,53.30414962768555
15.290290657673303,35.82089614868164
8.704315464483118,63.65845489501953
20.722006500928988,30.068008422851562
26.82359772333228,28.6146297454834
83.25180662978116,25.32378387451172
79.35151648297968,25.413076400756836
83.2517972248646,25.32381248474121
32.726255976549325,27.87251091003418
63.81491769033616,25.844614028930664
11.635283782418893,47.038204193115234
94.57834034245232,25.100624084472656
70.27829347117522,25.651472091674805
55.74299190682032,26.134740829467773
15.294521299928686,35.76200866699219
46.55502967584735,26.5894718170166
18.81724566632578,30.685062408447266
52.5746718908634,26.276975631713867
8.37870172560269,69.76207733154297
27.80182298339553,28.496166229248047
8.629835638076342,64.61459350585938
19.81912359406213,30.337200164794922
97.96069421546686,25.042272567749023
103.87034651796631,24.928401947021484
8.088892212364454,76.7124252319336
8.545012314525813,68.11158752441406
8.34604580670322,70.82125854492188
33.88996715060533,27.603286743164062
38.34442287404254,27.28449821472168
8.37870172560269,69.76207733154297
60.34438921114345,26.020437240600586
10.366546322433441,53.30414962768555
67.61189041563284,25.724191665649414
12.887192454382184,42.53432846069336
9.261158383756829,59.24226760864258
8.328793647837427,73.07041931152344
11.830777272879086,46.10957717895508
8.704315464483118,63.65845489501953
10.557705656382726,51.56214904785156
100.97001085757927,24.983068466186523
88.34936918589085,25.2239933013916
52.36804272905327,26.289091110229492
15.661476577071047,34.90032196044922
9.461964620817188,57.88992691040039
10.977780148335649,49.604957580566406
62.352032517632985,25.901044845581055
14.39371193615235,38.071475982666016
48.97723810635357,26.456504821777344
63.81491769033616,25.844614028930664
55.74299190682032,26.134740829467773
11.635283782418893,47.038204193115234
97.24792626590265,25.048145294189453
9.657613659777605,56.582313537597656
41.571912396746384,26.922849655151367
32.726255976549325,27.87251091003418
8.547243076045548,66.35758972167969
10.11017093747595,53.944793701171875
8.733712201708808,62.47005844116211
40.44598566601125,27.004316329956055
23.23982030750405,29.369260787963867
12.242363192597468,44.51470947265625
18.81724566632578,30.685062408447266
11.28909818777492,48.461334228515625
16.72577845436819,32.69363784790039
14.171753961262423,38.95088195800781
25.448224441883273,28.883291244506836
17.435830714785393,31.40730094909668
8.9515052418126,60.56281661987305
103.01373240658934,24.943593978881836
89.71673684399724,25.19101333618164
19.81912359406213,30.337200164794922
26.82359772333228,28.6146297454834
92.56242779871576,25.156835556030273
14.81959922088822,36.882667541503906
74.55582491073122,25.534061431884766
77.31552524222045,25.47447967529297
13.222530549728232,41.250301361083984
30.847475332032516,28.1306209564209
8.614593338588719,64.83485412597656
13.640202859806074,40.01100158691406
70.27438570820969,25.705366134643555
94.5850137876342,25.098604202270508
8.187808131595968,74.321533203125
85.44406044783707,25.277002334594727
43.42784700568006,26.792152404785156
9.30282651173361,58.46837615966797
57.72708645681525,26.06557273864746
8.92379294698018,60.71253967285156
43.96109459985108,26.742984771728516
85.87730077792268,25.26865005493164
21.88231285648412,29.735610961914062
10.617508109197741,51.24896240234375
30.61739367894155,28.26895523071289
74.55557244707362,25.537485122680664
72.21987861853518,25.607093811035156
12.107249208048424,45.07933807373047
8.558584429302586,66.1085205078125
8.139296805927879,75.43834686279297
14.907581618213364,36.7796630859375
8.312954105449359,74.02603149414062
8.761664604519732,61.86366271972656
16.050315860004144,34.0610466003418
12.579935959820231,43.4591178894043
83.25180662978116,25.32378387451172
15.290290657673303,35.82089614868164
8.629835638076342,64.61459350585938
83.2513233681037,25.33023452758789
81.09629848131065,25.376726150512695
13.569348682372507,40.347110748291016
9.98060605078792,54.96037292480469
16.13603473134706,33.899070739746094
65.86690634488228,25.787334442138672
79.35116174734918,25.417882919311523
77.3156243295526,25.47418212890625
94.57834034245232,25.100624084472656
70.27829347117522,25.651472091674805
92.56253502566864,25.155380249023438
8.139474489052468,75.41976165771484
57.72645852744315,26.072355270385742
9.95430001474832,56.08002853393555
15.294521299928686,35.76200866699219
46.55502967584735,26.5894718170166
52.5746718908634,26.276975631713867
103.8705279324541,24.9283504486084
8.088892212364454,76.7124252319336
38.34442287404254,27.28449821472168
8.49780648252022,67.40918731689453
8.328793647837427,73.07041931152344
46.55502967584735,26.5894718170166
8.34604580670322,70.82125854492188
97.24792626590265,25.048145294189453
21.88231285648412,29.735610961914062
8.37870172560269,69.76207733154297
23.23982030750405,29.369260787963867
34.22695323491873,27.566781997680664
25.448224441883273,28.883291244506836
30.61739367894155,28.26895523071289
10.265411102442263,53.12061309814453
19.81912359406213,30.337200164794922
11.635283782418893,47.038204193115234
72.21987861853518,25.607093811035156
26.823646135516228,28.6140193939209
14.149708006351387,38.71703338623047
8.704315464483118,63.65845489501953
65.86690634488228,25.787334442138672
12.579935959820231,43.4591178894043
88.34936918589085,25.2239933013916
9.98060605078792,54.96037292480469
16.72577845436819,32.69363784790039
48.97723810635357,26.456504821777344
40.44598566601125,27.004316329956055
70.27829347117522,25.651472091674805
15.661476577071047,34.90032196044922
99.85623129335505,25.00394058227539
32.726255976549325,27.87251091003418
10.557705656382726,51.56214904785156
81.09629848131065,25.376726150512695
63.81491769033616,25.844614028930664
79.35116174734918,25.417882919311523
10.11017093747595,53.944793701171875
52.5746718908634,26.276975631713867
43.96109459985108,26.742984771728516
8.761664604519732,61.86366271972656
55.73723953865715,26.1466064453125
62.352032517632985,25.901044845581055
10.871244088722527,50.29759979248047
8.733712201708808,62.47005844116211
13.640202859806074,40.01100158691406
16.13603473134706,33.899070739746094
10.977780148335649,49.604957580566406
60.34438921114345,26.020437240600586
12.107249208048424,45.07933807373047
11.330892651742165,48.42091369628906
89.71673684399724,25.19101333618164
92.56186835916347,25.157007217407227
8.558584429302586,66.1085205078125
8.614593338588719,64.83485412597656
75.37079597256947,25.51340675354004
68.48996899145739,25.696882247924805
94.5850137876342,25.098604202270508
14.81959922088822,36.882667541503906
85.44406044783707,25.277002334594727
43.42784700568006,26.792152404785156
57.72708645681525,26.06557273864746
13.179204190481794,41.359580993652344
103.01373240658934,24.943593978881836
12.887192454382184,42.53432846069336
14.420142673849053,38.0052490234375
9.233467096645997,59.41304016113281
8.92379294698018,60.71253967285156
9.481187290088837,57.71452713012695
85.87730077792268,25.26865005493164
50.10197716488107,26.398561477661133
13.222530549728232,41.250301361083984
74.55557244707362,25.537485122680664
51.30009352685204,26.34048080444336
8.547243076045548,66.35758972167969
8.312954105449359,74.02603149414062
8.139296805927879,75.43834686279297
11.174580493915808,48.743255615234375
17.049489069669576,32.284175872802734
8.953370311723843,60.49480056762695
8.089074329431135,76.71195220947266
30.853971342983623,28.031822204589844
13.56838229570881,40.219261169433594
14.907581618213364,36.7796630859375
83.25180662978116,25.32378387451172
12.260007337816845,44.45136260986328
18.321972395016854,30.965707778930664
9.65741280119009,56.58256149291992
8.629835638076342,64.61459350585938
82.97506139321831,25.3327579498291
60.64927745784372,25.980884552001953
15.287083099093424,35.86748504638672
11.830777272879086,46.10957717895508
77.58242914480171,25.4715518951416
94.57834034245232,25.100624084472656
55.74299190682032,26.134740829467773
92.56253502566864,25.155380249023438
101.25260501847109,24.973512649536133
57.72645852744315,26.072355270385742
41.572896901906404,26.92215347290039
9.955812594846005,55.98202896118164
8.088892212364454,76.7124252319336
103.87061028694954,24.928327560424805
34.22695323491873,27.566781997680664
8.37870172560269,69.76207733154297
8.34604580670322,70.82125854492188
38.34442287404254,27.28449821472168
8.139296805927879,75.43834686279297
8.328793647837427,73.07041931152344
52.5746718908634,26.276975631713867
19.81912359406213,30.337200164794922
46.55502967584735,26.5894718170166
9.481187290088837,57.71452713012695
8.21320813365632,73.68334197998047
14.149708006351387,38.71703338623047
8.493225391712185,67.50538635253906
28.491523371910617,28.338390350341797
32.434762247734795,27.774497985839844
9.233467096645997,59.41304016113281
12.579935959820231,43.4591178894043
77.58242914480171,25.4715518951416
99.71732629891757,25.003780364990234
11.830777272879086,46.10957717895508
21.856273640018166,29.724855422973633
9.98060605078792,54.96037292480469
10.11017093747595,53.944793701171875
89.71673684399724,25.19101333618164
12.107249208048424,45.07933807373047
55.73723953865715,26.1466064453125
101.25260501847109,24.973512649536133
13.640202859806074,40.01100158691406
9.955812594846005,55.98202896118164
88.34936918589085,25.2239933013916
10.557705656382726,51.56214904785156
10.977780148335649,49.604957580566406
10.443999707079263,52.224945068359375
75.37079597256947,25.51340675354004
17.049489069669576,32.284175872802734
23.30241947520862,29.349531173706055
15.287083099093424,35.86748504638672
60.34438921114345,26.020437240600586
79.35116174734918,25.417882919311523
25.448083121458424,28.883460998535156
85.87730077792268,25.26865005493164
30.61739367894155,28.26895523071289
92.56186835916347,25.157007217407227
44.00361113991263,26.738922119140625
16.72577845436819,32.69363784790039
8.558584429302586,66.1085205078125
11.631697962891584,47.08530807495117
41.572896901906404,26.92215347290039
8.614593338588719,64.83485412597656
16.13603473134706,33.899070739746094
63.81491769033616,25.844614028930664
68.48996899145739,25.696882247924805
65.86695597608701,25.787174224853516
11.330897355024453,48.42070770263672
94.5850137876342,25.098604202270508
97.24792626590265,25.048145294189453
12.887192454382184,42.53432846069336
30.853971342983623,28.031822204589844
85.44406044783707,25.277002334594727
43.42784700568006,26.792152404785156
57.72708645681525,26.06557273864746
13.56838229570881,40.219261169433594
103.01373240658934,24.943593978881836
26.823646135516228,28.6140193939209
10.76297098973603,50.64372634887695
81.09629848131065,25.376726150512695
39.242122428480485,27.156763076782227
48.18223418377811,26.500484466552734
97.24898946751802,25.045625686645508
11.174580493915808,48.743255615234375
50.10197716488107,26.398561477661133
14.81959922088822,36.882667541503906
9.65741280119009,56.58256149291992
14.460838418082936,37.892845153808594
73.99458241124532,25.55440330505371
8.733712201708808,62.47005844116211
13.089728997263643,42.250186920166016
8.089074329431135,76.71195220947266
15.661476577071047,34.90032196044922
13.222530549728232,41.250301361083984
16.131608093534947,33.90071105957031
17.421252735620065,31.35137176513672
83.25180662978116,25.32378387451172
9.51978445576641,57.08568572998047
82.97506139321831,25.3327579498291
8.629835638076342,64.61459350585938
8.704315464483118,63.65845489501953
15.64948923577799,34.92426681518555
65.86690634488228,25.787334442138672
19.09299702728399,30.759977340698242
12.260010990864792,44.4513053894043
10.871244088722527,50.29759979248047
94.57834034245232,25.100624084472656
55.74299190682032,26.134740829467773
92.56253502566864,25.155380249023438
57.72645852744315,26.072355270385742
62.352032517632985,25.901044845581055
15.07248008360729,36.27809143066406
103.87061028694954,24.928327560424805
8.088892212364454,76.7124252319336
68.48996899145739,25.696882247924805
73.99458241124532,25.55440330505371
8.493225391712185,67.50538635253906
21.856273640018166,29.724855422973633
8.558584429302586,66.1085205078125
60.34438921114345,26.020437240600586
8.34604580670322,70.82125854492188
41.572896901906404,26.92215347290039
35.1387421780979,27.467105865478516
8.21320813365632,73.68334197998047
8.37870172560269,69.76207733154297
8.93703329943917,60.698638916015625
13.222530549728232,41.250301361083984
8.333179982484864,72.98548126220703
19.81912359406213,30.337200164794922
77.58242914480171,25.4715518951416
88.34936918589085,25.2239933013916
62.352032517632985,25.901044845581055
75.37079597256947,25.51340675354004
63.81491769033616,25.844614028930664
8.704315464483118,63.65845489501953
14.81959922088822,36.882667541503906
38.34442287404254,27.28449821472168
10.443999707079263,52.224945068359375
10.11222395443397,53.9425048828125
44.00361113991263,26.738922119140625
14.460838418082936,37.892845153808594
9.65741280119009,56.58256149291992
52.99931407162504,26.26527214050293
9.271848255619936,58.70163345336914
81.09629848131065,25.376726150512695
11.330897355024453,48.42070770263672
9.94934983839704,55.472755432128906
8.139328002337134,75.43507385253906
34.22695323491873,27.566781997680664
10.977780148335649,49.604957580566406
11.830777272879086,46.10957717895508
12.260010990864792,44.4513053894043
9.481187290088837,57.71452713012695
39.242122428480485,27.156763076782227
24.698834480375584,29.039587020874023
9.98060605078792,54.96037292480469
55.73723953865715,26.1466064453125
30.61739367894155,28.26895523071289
92.36895822070971,25.16146469116211
46.55502967584735,26.5894718170166
8.614593338588719,64.83485412597656
16.69755017170385,33.588600158691406
17.047534381781297,32.282413482666016
14.043189634109511,39.67964553833008
65.86695597608701,25.787174224853516
48.18223418377811,26.500484466552734
11.575216505690333,47.159114837646484
94.5850137876342,25.098604202270508
16.72577845436819,32.69363784790039
8.83978707736194,61.5453987121582
97.24792626590265,25.048145294189453
99.71732629891757,25.003780364990234
57.72708645681525,26.06557273864746
13.089728997263643,42.250186920166016
89.71673684399724,25.19101333618164
103.01373240658934,24.943593978881836
19.09299702728399,30.759977340698242
52.57075806115611,26.280759811401367
50.10197716488107,26.398561477661133
85.44406044783707,25.277002334594727
9.2332360799342,59.413352966308594
28.491523371910617,28.338390350341797
10.76297098973603,50.64372634887695
32.434762247734795,27.774497985839844
85.87730077792268,25.26865005493164
13.56838229570881,40.219261169433594
83.25180662978116,25.32378387451172
97.24898946751802,25.045625686645508
11.174580493915808,48.743255615234375
14.149708006351387,38.71703338623047
12.579935959820231,43.4591178894043
17.610418515269792,31.14777946472168
15.287083099093424,35.86748504638672
8.139296805927879,75.43834686279297
8.089074329431135,76.71195220947266
12.887192454382184,42.53432846069336
15.07248008360729,36.27809143066406
16.072500024311374,34.1393928527832
8.629835638076342,64.61459350585938
82.97506139321831,25.3327579498291
10.557705656382726,51.56214904785156
8.730880921038244,62.70180892944336
12.051826352499926,45.28463363647461
28.17318408370998,28.382850646972656
65.86690634488228,25.787334442138672
23.302203746359027,29.351396560668945
10.871244088722527,50.29759979248047
94.57834034245232,25.100624084472656
92.56253502566864,25.155380249023438
55.74299190682032,26.134740829467773
57.72645852744315,26.072355270385742
50.10196173834432,26.39856719970703
8.08108860048741,76.73373413085938
103.8706619337438,24.928319931030273
68.48996899145739,25.696882247924805
8.493225391712185,67.50538635253906
24.698834480375584,29.039587020874023
73.99457416683353,25.554405212402344
16.072500024311374,34.1393928527832
28.17318408370998,28.382850646972656
32.434762247734795,27.774497985839844
30.050174351361274,28.107030868530273
15.287083099093424,35.86748504638672
8.34604580670322,70.82125854492188
46.55502967584735,26.5894718170166
59.376326124762755,26.002946853637695
8.333179982484864,72.98548126220703
103.01373240658934,24.943593978881836
8.385924565399497,69.74662780761719
19.81912359406213,30.337200164794922
12.579935959820231,43.4591178894043
89.71673684399724,25.19101333618164
23.302203746359027,29.351396560668945
39.242122428480485,27.156763076782227
63.81491769033616,25.844614028930664
14.149708006351387,38.71703338623047
79.10722788863967,25.43793296813965
8.676985897064705,63.533145904541016
75.37079597256947,25.51340675354004
35.3391637934977,27.445817947387695
10.25115516720482,53.22359848022461
14.460838418082936,37.892845153808594
52.99931407162504,26.26527214050293
99.71732629891757,25.003780364990234
9.271848255619936,58.70163345336914
14.043189634109511,39.67964553833008
16.69755017170385,33.588600158691406
8.152435662241388,75.1306381225586
38.343298438664505,27.28887367248535
8.730880921038244,62.70180892944336
10.11222395443397,53.9425048828125
13.56838229570881,40.219261169433594
21.560687214148377,30.047523498535156
62.116939424258824,25.957895278930664
8.21320813365632,73.68334197998047
12.051826352499926,45.28463363647461
21.856273640018166,29.724855422973633
18.675546026494477,30.75489616394043
41.572896901906404,26.92215347290039
10.557705656382726,51.56214904785156
85.87730077792268,25.26865005493164
10.977780148335649,49.604957580566406
55.73719164772174,26.146663665771484
92.36895822070971,25.16146469116211
44.00361113991263,26.738922119140625
10.76297098973603,50.64372634887695
8.614593338588719,64.83485412597656
65.86695597608701,25.787174224853516
94.5850137876342,25.098604202270508
41.801568894077256,26.909435272216797
97.24792626590265,25.048145294189453
12.887192454382184,42.53432846069336
85.44406044783707,25.277002334594727
52.1953843765492,26.388404846191406
8.558018106241507,66.11592102050781
11.575216505690333,47.159114837646484
83.25180662978116,25.32378387451172
9.65741280119009,56.58256149291992
88.34771074740846,25.227428436279297
99.7169651808104,25.008699417114258
11.174580493915808,48.743255615234375
97.24898946751802,25.045625686645508
9.481187290088837,57.71452713012695
44.00311911986276,26.74575424194336
8.629835638076342,64.61459350585938
8.558584429302586,66.1085205078125
8.139296805927879,75.43834686279297
11.830777272879086,46.10957717895508
8.089074329431135,76.71195220947266
28.491523371910617,28.338390350341797
12.260010990864792,44.4513053894043
15.07248008360729,36.27809143066406
9.919113907176103,55.96510314941406
92.56253502566864,25.155380249023438
77.50106635857564,25.50191879272461
10.443999707079263,52.224945068359375
8.83978707736194,61.5453987121582
13.536853482890166,41.12427520751953
8.754971539039097,61.82400894165039
82.97506139321831,25.3327579498291
14.782939480330542,37.182884216308594
34.22294370120324,27.62470817565918
65.86690634488228,25.787334442138672
10.839733222548494,50.18141174316406
11.410729058637898,48.085391998291016
94.57834034245232,25.100624084472656
50.10197716488107,26.398561477661133
81.09629848131065,25.376726150512695
49.35692060949771,26.438119888305664
57.4722694299063,26.0767822265625
8.991441307049877,60.27763366699219
9.990795846334043,54.81805419921875
103.8706619337438,24.928319931030273
8.08108860048741,76.73373413085938
8.493225391712185,67.50538635253906
8.385924565399497,69.74662780761719
8.34604580670322,70.82125854492188
72.61749095408658,25.676801681518555
8.333179982484864,72.98548126220703
24.698834480375584,29.039587020874023
15.287083099093424,35.86748504638672
13.536853482890166,41.12427520751953
8.991441307049877,60.27763366699219
61.38847496643415,25.92500114440918
28.17318408370998,28.382850646972656
17.135028574554152,31.9162540435791
12.579935959820231,43.4591178894043
68.48999147369575,25.696807861328125
81.09629848131065,25.376726150512695
16.07094204786541,34.15091323852539
11.830777272879086,46.10957717895508
9.990795846334043,54.81805419921875
12.260010990864792,44.4513053894043
49.35692060949771,26.438119888305664
77.50106635857564,25.50191879272461
30.050174351361274,28.107030868530273
14.149708006351387,38.71703338623047
8.676985897064705,63.533145904541016
75.37079597256947,25.51340675354004
14.782939480330542,37.182884216308594
16.697957720894472,33.58104705810547
12.051826352499926,45.28463363647461
59.376326124762755,26.002946853637695
10.443999707079263,52.224945068359375
11.410729058637898,48.085391998291016
9.271848255619936,58.70163345336914
36.425055856868944,27.353717803955078
12.888760642633482,42.51667404174805
11.174580493915808,48.743255615234375
8.730880921038244,62.70180892944336
100.34735231833251,24.993896484375
9.919113907176103,55.96510314941406
21.560687214148377,30.047523498535156
9.481187290088837,57.71452713012695
46.55502967584735,26.5894718170166
73.99457416683353,25.554405212402344
41.572896901906404,26.92215347290039
32.434762247734795,27.774497985839844
55.73719164772174,26.146663665771484
52.99956227629345,26.261863708496094
15.07248008360729,36.27809143066406
50.10197716488107,26.398561477661133
14.043189634109511,39.67964553833008
44.00361113991263,26.738922119140625
46.5545951228629,26.589744567871094
8.21320813365632,73.68334197998047
68.46757511427829,25.767547607421875
8.614593338588719,64.83485412597656
39.242122428480485,27.156763076782227
102.80599504175314,24.951087951660156
97.17479658606818,25.069665908813477
85.87730077792268,25.26865005493164
41.801568894077256,26.909435272216797
8.152617599802591,75.11177062988281
90.05830158764462,25.186134338378906
35.3391637934977,27.445817947387695
9.65741280119009,56.58256149291992
8.139296805927879,75.43834686279297
94.5850137876342,25.098604202270508
65.86695597608701,25.787174224853516
8.551837221777749,66.23548889160156
57.4722694299063,26.0767822265625
63.805164827649044,25.848819732666016
88.10379273443615,25.228261947631836
99.7169651808104,25.008699417114258
97.24898946751802,25.045625686645508
43.999976826852446,26.74786376953125
83.25180662978116,25.32378387451172
8.558584429302586,66.1085205078125
8.106380970589214,76.56749725341797
92.36893539961137,25.16152572631836
92.56253502566864,25.155380249023438
52.1953843765492,26.388404846191406
19.81912359406213,30.337200164794922
85.35131707522893,25.2852783203125
82.97506139321831,25.3327579498291
13.56838229570881,40.219261169433594
11.575216505690333,47.159114837646484
63.81491769033616,25.844614028930664
65.86690634488228,25.787334442138672
10.839733222548494,50.18141174316406
94.57834034245232,25.100624084472656
8.629835638076342,64.61459350585938
79.10796629663965,25.437664031982422
34.00320500518883,27.6471004486084
12.887192454382184,42.53432846069336
38.343298438664505,27.28887367248535
58.18912430730303,26.04595947265625
10.251605492374315,53.199256896972656
22.1626470824138,29.63614273071289
29.383961680820207,28.19241714477539
24.438699703113834,29.09595489501953
8.08108860048741,76.73373413085938
103.8706619337438,24.928319931030273
8.385924565399497,69.74662780761719
72.61749095408658,25.676801681518555
14.766835393492268,37.05430603027344
9.271848255619936,58.70163345336914
8.333179982484864,72.98548126220703
22.1626470824138,29.63614273071289
8.991441307049877,60.27763366699219
16.07094204786541,34.15091323852539
90.05830158764462,25.186134338378906
10.251605492374315,53.199256896972656
8.493225391712185,67.50538635253906
68.49010790755086,25.69523048400879
32.434762247734795,27.774497985839844
10.770064757396081,51.8918342590332
8.21320813365632,73.68334197998047
10.839733222548494,50.18141174316406
11.575216505690333,47.159114837646484
81.09629848131065,25.376726150512695
8.33823544156422,70.99739837646484
15.2870837447837,35.867469787597656
52.99956227629345,26.261863708496094
49.35692060949771,26.438119888305664
14.149708006351387,38.71703338623047
79.10796629663965,25.437664031982422
77.50106635857564,25.50191879272461
26.736261490110227,28.64181137084961
24.438699703113834,29.09595489501953
9.919113907176103,55.96510314941406
39.242122428480485,27.156763076782227
34.00320500518883,27.6471004486084
13.56838229570881,40.219261169433594
59.376326124762755,26.002946853637695
88.10379273443615,25.228261947631836
19.81912359406213,30.337200164794922
11.410729058637898,48.085391998291016
8.152617599802591,75.11177062988281
10.03390475591581,54.3703498840332
11.830777272879086,46.10957717895508
16.772429342741226,33.39875030517578
38.343298438664505,27.28887367248535
13.208478583642266,42.21135330200195
17.125352718419542,32.08686065673828
46.55502967584735,26.5894718170166
9.990795846334043,54.81805419921875
9.481187290088837,57.71452713012695
30.57045160695577,28.027189254760742
11.010653880473964,49.8100700378418
12.579935959820231,43.4591178894043
35.3391637934977,27.445817947387695
12.260010990864792,44.4513053894043
55.73106394706157,26.16773796081543
102.80599504175314,24.951087951660156
13.887092200564652,39.436737060546875
50.10197716488107,26.398561477661133
45.91642546139894,26.633935928344727
25.400899504494085,28.894332885742188
41.801568894077256,26.909435272216797
41.312347289011015,26.961589813232422
8.139296805927879,75.43834686279297
15.07248008360729,36.27809143066406
8.614593338588719,64.83485412597656
9.65741280119009,56.58256149291992
8.558584429302586,66.1085205078125
95.0747960610243,25.08954429626465
57.4722694299063,26.0767822265625
66.12927872325248,25.772212982177734
97.24898946751802,25.045625686645508
8.551837221777749,66.23548889160156
92.36893539961137,25.16152572631836
63.67613064700713,25.85133171081543
101.0195498398702,24.977460861206055
8.983068489149804,61.04819869995117
99.69311415935188,25.016645431518555
43.999976826852446,26.74786376953125
68.46757511427829,25.767547607421875
12.051826352499926,45.28463363647461
83.25180662978116,25.32378387451172
8.106380970589214,76.56749725341797
61.38847496643415,25.92500114440918
8.494820670207126,67.47097778320312
29.383961680820207,28.19241714477539
13.534462558081119,41.157012939453125
86.83116242861894,25.253074645996094
21.560687214148377,30.047523498535156
9.549936640413298,57.20174026489258
97.17479658606818,25.069665908813477
82.97506139321831,25.3327579498291
8.629835638076342,64.61459350585938
8.76118422161159,61.79600143432617
63.81491769033616,25.844614028930664
85.35122026920018,25.28531265258789
65.86690634488228,25.787334442138672
61.38843985580855,25.92511749267578
18.765989771924932,30.749217987060547
12.419405379645573,43.88679504394531
75.51080750084381,25.51166343688965
11.174560955401322,48.74351501464844
44.00361113991263,26.738922119140625
103.87299183196018,24.927677154541016
8.08108860048741,76.73373413085938
72.61749095408658,25.676801681518555
8.76118422161159,61.79600143432617
8.621077593750446,64.5748519897461
10.538192406380826,52.023433685302734
26.736261490110227,28.64181137084961
75.51080750084381,25.51166343688965
92.36893539961137,25.16152572631836
35.3391637934977,27.445817947387695
95.0747960610243,25.08954429626465
29.383961680820207,28.19241714477539
55.73106394706157,26.16773796081543
38.343298438664505,27.28887367248535
90.05830158764462,25.186134338378906
8.245074638150898,72.82333374023438
68.49010790755086,25.69523048400879
8.489393493001653,69.12385559082031
9.271848255619936,58.70163345336914
32.434762247734795,27.774497985839844
19.81912359406213,30.337200164794922
81.09629848131065,25.376726150512695
13.534462558081119,41.157012939453125
57.4722694299063,26.0767822265625
15.93465239522446,34.43863296508789
99.69311415935188,25.016645431518555
22.1626470824138,29.63614273071289
49.35692060949771,26.438119888305664
85.35122026920018,25.28531265258789
10.756919876443991,50.56843566894531
14.680871117319683,37.26776123046875
9.794490336598782,55.81708526611328
13.56838229570881,40.219261169433594
34.00320500518883,27.6471004486084
12.051826352499926,45.28463363647461
8.338175070084754,71.0033187866211
8.21320813365632,73.68334197998047
13.887092200564652,39.436737060546875
39.242122428480485,27.156763076782227
8.152616970736359,75.11177062988281
15.2870837447837,35.867469787597656
24.43861956919346,29.096128463745117
50.10197716488107,26.398561477661133
101.0195498398702,24.977460861206055
14.156232426212783,38.70777130126953
46.55502967584735,26.5894718170166
9.076211208366953,59.73952865600586
52.997753486354,26.26286506652832
25.400899504494085,28.894332885742188
41.801568894077256,26.909435272216797
21.560687214148377,30.047523498535156
17.125352718419542,32.08686065673828
8.493225391712185,67.50538635253906
12.260010990864792,44.4513053894043
79.10796629663965,25.437664031982422
12.84522139653242,42.49378204345703
52.99956227629345,26.261863708496094
9.65741280119009,56.58256149291992
16.886419053347595,33.36212158203125
11.174560955401322,48.74351501464844
8.139296805927879,75.43834686279297
45.91642546139894,26.633935928344727
102.80599504175314,24.951087951660156
8.558584429302586,66.1085205078125
10.251605492374315,53.199256896972656
66.12927872325248,25.772212982177734
97.24898946751802,25.045625686645508
8.551837221777749,66.23548889160156
63.67613064700713,25.85133171081543
43.999976826852446,26.74786376953125
68.46757511427829,25.767547607421875
83.25180662978116,25.32378387451172
8.106380970589214,76.56749725341797
65.86690634488228,25.787334442138672
41.15593071375344,26.999067306518555
61.38861153864367,25.92498016357422
8.614593338588719,64.83485412597656
8.494820670207126,67.47097778320312
8.33823544156422,70.99739837646484
8.385878532614226,69.74671936035156
10.234629462531661,53.29236602783203
30.570495368753793,28.026958465576172
63.81491769033616,25.844614028930664
8.991441307049877,60.27763366699219
13.208478583642266,42.21135330200195
16.772429342741226,33.39875030517578
97.17479658606818,25.069665908813477
82.97506139321831,25.3327579498291
9.481187290088837,57.71452713012695
12.579935959820231,43.4591178894043
14.766835393492268,37.05430603027344
10.034124480624543,54.35778045654297
18.765989771924932,30.749217987060547
59.37667690905929,26.00177001953125
61.38843985580855,25.92511749267578
11.575216505690333,47.159114837646484
11.10289834455278,49.40474319458008
44.00361113991263,26.738922119140625
11.644124840313847,46.83504104614258
16.07094204786541,34.15091323852539
103.87299183196018,24.927677154541016
8.08108860048741,76.73373413085938
8.757436766986702,61.76604080200195
90.05830158764462,25.186134338378906
79.10796629663965,25.437664031982422
8.621077593750446,64.5748519897461
8.245074638150898,72.82333374023438
10.538192406380826,52.023433685302734
12.051826352499926,45.28463363647461
85.79694762933812,25.276288986206055
22.1626470824138,29.63614273071289
11.174560955401322,48.74351501464844
17.109226569853483,31.960166931152344
10.034124480624543,54.35778045654297
68.49010790755086,25.69523048400879
8.489393493001653,69.12385559082031
12.579935959820231,43.4591178894043
15.2870837447837,35.867469787597656
72.61349981499701,25.686670303344727
81.09629848131065,25.376726150512695
11.575216505690333,47.159114837646484
50.10197716488107,26.398561477661133
11.644124840313847,46.83504104614258
49.35692060949771,26.438119888305664
17.466582441325116,31.28398895263672
29.383961680820207,28.19241714477539
18.765989771924932,30.749217987060547
14.156232426212783,38.70777130126953
46.55502967584735,26.5894718170166
75.51081334621166,25.511646270751953
13.504988836337665,41.46291732788086
41.15593071375344,26.999067306518555
27.336360702162043,28.53306770324707
8.338175070084754,71.0033187866211
34.00320500518883,27.6471004486084
35.3391637934977,27.445817947387695
38.64918571079118,27.142086029052734
24.43861956919346,29.096128463745117
99.69311415935188,25.016645431518555
38.343298438664505,27.28887367248535
15.889385560320932,34.46225357055664
9.481187290088837,57.71452713012695
101.0195498398702,24.977460861206055
72.61749095408658,25.676801681518555
75.50975933674484,25.51484489440918
14.50520454060957,37.70772933959961
52.997753486354,26.26286506652832
57.4722694299063,26.0767822265625
8.493225391712185,67.50538635253906
16.886419053347595,33.36212158203125
8.950392653640003,61.01454544067383
59.37667690905929,26.00177001953125
55.73106394706157,26.16773796081543
9.817025554435723,55.4267578125
10.74584163703546,50.72120666503906
52.99956227629345,26.261863708496094
8.614593338588719,64.83485412597656
95.06210138818395,25.107364654541016
92.36893539961137,25.16152572631836
8.385878532614226,69.74671936035156
15.079619910595268,36.294517517089844
8.159293088793897,74.97415924072266
8.558584429302586,66.1085205078125
10.251605492374315,53.199256896972656
85.35122026920018,25.28531265258789
30.570495368753793,28.026958465576172
26.736261490110227,28.64181137084961
63.67613064700713,25.85133171081543
43.008609874876434,26.815223693847656
13.208478583642266,42.21135330200195
68.46757511427829,25.767547607421875
9.65741280119009,56.58256149291992
10.975727530957112,49.636959075927734
83.25180662978116,25.32378387451172
8.21320813365632,73.68334197998047
61.38861153864367,25.92498016357422
65.86690634488228,25.787334442138672
66.12927872325248,25.772212982177734
32.434762247734795,27.774497985839844
13.513744087870036,40.379146575927734
8.343085326513721,70.54652404785156
92.36882887912323,25.16297149658203
8.541957747973118,66.44499969482422
63.81491769033616,25.844614028930664
9.794490336598782,55.81708526611328
21.100144296878966,30.167743682861328
9.523866797941022,57.02203369140625
97.17479658606818,25.069665908813477
82.97506139321831,25.3327579498291
10.756919876443991,50.56843566894531
8.106380970589214,76.56749725341797
13.887092200564652,39.436737060546875
14.766835393492268,37.05430603027344
16.07094204786541,34.15091323852539
95.0747960610243,25.08954429626465
10.23343048733516,53.32292556762695
12.260010990864792,44.4513053894043
61.38843985580855,25.92511749267578
8.135179815105124,75.53278350830078
44.98544682064976,26.71659278869629
103.87299183196018,24.927677154541016
8.08108860048741,76.73373413085938
9.481187290088837,57.71452713012695
8.957309700571303,60.88701248168945
72.61106752939664,25.600919723510742
21.100144296878966,30.167743682861328
8.754477134252765,61.94176483154297
8.245074638150898,72.82333374023438
8.493225391712185,67.50538635253906
8.621114027776967,64.57460021972656
46.55502967584735,26.5894718170166
97.17479658606818,25.069665908813477
12.57672892583027,43.409523010253906
13.208478583642266,42.21135330200195
85.94461785729385,25.265344619750977
68.49010790755086,25.69523048400879
57.4722694299063,26.0767822265625
90.05187451924391,25.186813354492188
35.3391637934977,27.445817947387695
8.489393493001653,69.12385559082031
15.2870837447837,35.867469787597656
13.513744087870036,40.379146575927734
8.21320813365632,73.68334197998047
11.575216505690333,47.159114837646484
26.736261490110227,28.64181137084961
17.466582441325116,31.28398895263672
77.24753455001694,25.482027053833008
16.886419053347595,33.36212158203125
13.504988836337665,41.46291732788086
14.50520454060957,37.70772933959961
11.174560955401322,48.74351501464844
8.159293088793897,74.97415924072266
8.338175070084754,71.0033187866211
18.76979656245966,30.7254638671875
29.383961680820207,28.19241714477539
43.008609874876434,26.815223693847656
38.343298438664505,27.28887367248535
24.43777797620782,29.097192764282227
22.162649783424918,29.636131286621094
11.769500929964808,46.269996643066406
15.885031965287704,34.49043655395508
14.766835393492268,37.05430603027344
10.975727530957112,49.636959075927734
52.8891092125182,26.26876449584961
13.887092200564652,39.436737060546875
24.43861956919346,29.096128463745117
49.35691791350086,26.438127517700195
8.558584429302586,66.1085205078125
50.10197716488107,26.398561477661133
8.135179815105124,75.53278350830078
10.53819238141662,52.023433685302734
32.434762247734795,27.774497985839844
102.03808751812238,24.96964454650879
10.74584163703546,50.72120666503906
8.614593338588719,64.83485412597656
41.15593071375344,26.999067306518555
30.570495368753793,28.026958465576172
95.06210138818395,25.107364654541016
74.60148514169141,25.53563690185547
55.390413069330094,26.15651512145996
17.10165706031493,31.963428497314453
92.36893539961137,25.16152572631836
14.156232426212783,38.70777130126953
38.65212900279613,27.13913345336914
15.079619910595268,36.294517517089844
44.98544682064976,26.71659278869629
27.33789148163481,28.52583885192871
8.541957747973118,66.44499969482422
66.12927872325248,25.772212982177734
99.69311415935188,25.016645431518555
54.833236895432,26.182348251342773
63.67613064700713,25.85133171081543
9.65741280119009,56.58256149291992
68.46757511427829,25.767547607421875
83.25180662978116,25.32378387451172
65.86690634488228,25.787334442138672
61.38861153864367,25.92498016357422
10.23343048733516,53.32292556762695
92.36882887912323,25.16297149658203
90.05830158764462,25.186134338378906
18.765989771924932,30.749217987060547
63.81491769033616,25.844614028930664
81.09629848131065,25.376726150512695
9.794490336598782,55.81708526611328
8.106380970589214,76.56749725341797
16.31886396086672,33.55253601074219
9.523866797941022,57.02203369140625
12.260010990864792,44.4513053894043
12.505785043434313,44.3037223815918
10.251605492374315,53.199256896972656
9.817025554435723,55.4267578125
10.034124480624543,54.35778045654297
41.253341611363474,26.989961624145508
95.0747960610243,25.08954429626465
85.35122026920018,25.28531265258789
44.1414246223644,26.73758888244629
60.20803820601627,25.974348068237305
10.034127157607102,54.357627868652344
12.045417370581248,45.31148910522461
79.11205862396478,25.41748809814453
